"scenario_id","rep","beta_hat","covered","rejected","converged","singular"
1,1,0.597024546917574,TRUE,TRUE,TRUE,FALSE
1,2,0.601956567535767,TRUE,TRUE,TRUE,FALSE
1,3,0.609386100253844,FALSE,TRUE,TRUE,FALSE
1,4,0.607833005797889,TRUE,TRUE,TRUE,FALSE
1,5,0.603508121979494,TRUE,TRUE,TRUE,FALSE
1,6,0.608435020463403,TRUE,TRUE,TRUE,FALSE
1,7,0.602046504269827,TRUE,TRUE,TRUE,FALSE
1,8,0.599093334816819,TRUE,TRUE,TRUE,FALSE
1,9,0.607030310870232,TRUE,TRUE,TRUE,FALSE
1,10,0.604274304350247,TRUE,TRUE,TRUE,FALSE
1,11,0.597119908584126,TRUE,TRUE,TRUE,FALSE
1,12,0.601283670154357,TRUE,TRUE,TRUE,FALSE
1,13,0.599760396499881,TRUE,TRUE,TRUE,FALSE
1,14,0.605889788264504,TRUE,TRUE,TRUE,FALSE
1,15,0.600096062041916,TRUE,TRUE,TRUE,FALSE
1,16,0.596373512241331,TRUE,TRUE,TRUE,FALSE
1,17,0.6024931748331,TRUE,TRUE,TRUE,FALSE
1,18,0.59372495467685,TRUE,TRUE,TRUE,FALSE
1,19,0.599502407371792,TRUE,TRUE,TRUE,FALSE
1,20,0.601352696059549,TRUE,TRUE,TRUE,FALSE
1,21,0.598459862071321,TRUE,TRUE,TRUE,FALSE
1,22,0.60829825599101,TRUE,TRUE,TRUE,FALSE
1,23,0.597470459343042,TRUE,TRUE,TRUE,FALSE
1,24,0.5997686340226,TRUE,TRUE,TRUE,TRUE
1,25,0.602511032407034,TRUE,TRUE,TRUE,FALSE
1,26,0.597331048867166,TRUE,TRUE,TRUE,FALSE
1,27,0.598426929778447,TRUE,TRUE,TRUE,FALSE
1,28,0.600994585688006,TRUE,TRUE,TRUE,FALSE
1,29,0.598662911983369,TRUE,TRUE,TRUE,FALSE
1,30,0.604027030427845,TRUE,TRUE,TRUE,FALSE
1,31,0.590991524626004,TRUE,TRUE,TRUE,FALSE
1,32,0.605945063406233,TRUE,TRUE,TRUE,FALSE
1,33,0.597060104756472,TRUE,TRUE,TRUE,FALSE
1,34,0.598805182775289,TRUE,TRUE,TRUE,FALSE
1,35,0.592114539699793,TRUE,TRUE,TRUE,FALSE
1,36,0.598407623929275,TRUE,TRUE,TRUE,FALSE
1,37,0.59891217496491,TRUE,TRUE,TRUE,FALSE
1,38,0.604070148336475,TRUE,TRUE,TRUE,FALSE
1,39,0.593710045614315,TRUE,TRUE,TRUE,FALSE
1,40,0.593731115253765,TRUE,TRUE,TRUE,FALSE
1,41,0.601328227968916,TRUE,TRUE,TRUE,FALSE
1,42,0.592794801369244,TRUE,TRUE,TRUE,FALSE
1,43,0.600899388332475,TRUE,TRUE,TRUE,FALSE
1,44,0.605646081124831,TRUE,TRUE,TRUE,FALSE
1,45,0.602986120177451,TRUE,TRUE,TRUE,FALSE
1,46,0.609170509222919,FALSE,TRUE,TRUE,FALSE
1,47,0.590817377297075,TRUE,TRUE,TRUE,FALSE
1,48,0.605981717141797,TRUE,TRUE,TRUE,FALSE
1,49,0.608101764211742,FALSE,TRUE,TRUE,FALSE
1,50,0.591797120840633,TRUE,TRUE,TRUE,FALSE
1,51,0.595020219027212,TRUE,TRUE,TRUE,FALSE
1,52,0.600003470260736,TRUE,TRUE,TRUE,FALSE
1,53,0.59940556800368,TRUE,TRUE,TRUE,FALSE
1,54,0.594587236648857,TRUE,TRUE,TRUE,FALSE
1,55,0.602961859589565,TRUE,TRUE,TRUE,FALSE
1,56,0.601849898880207,TRUE,TRUE,TRUE,FALSE
1,57,0.603790898994051,TRUE,TRUE,TRUE,FALSE
1,58,0.60043845625962,TRUE,TRUE,TRUE,FALSE
1,59,0.601862601364343,TRUE,TRUE,TRUE,FALSE
1,60,0.596603187274384,TRUE,TRUE,TRUE,FALSE
1,61,0.595764265289509,TRUE,TRUE,TRUE,FALSE
1,62,0.601415143903729,TRUE,TRUE,TRUE,FALSE
1,63,0.59591343582502,TRUE,TRUE,TRUE,FALSE
1,64,0.598679611790724,TRUE,TRUE,TRUE,FALSE
1,65,0.605209838326761,TRUE,TRUE,TRUE,FALSE
1,66,0.59395136413628,TRUE,TRUE,TRUE,FALSE
1,67,0.60304657876687,TRUE,TRUE,TRUE,FALSE
1,68,0.602886619468937,TRUE,TRUE,TRUE,FALSE
1,69,0.607143675042075,TRUE,TRUE,TRUE,FALSE
1,70,0.601009518668233,TRUE,TRUE,TRUE,FALSE
1,71,0.5999775300712,TRUE,TRUE,TRUE,FALSE
1,72,0.603583484971935,TRUE,TRUE,TRUE,FALSE
1,73,0.604656838204665,TRUE,TRUE,TRUE,FALSE
1,74,0.600459776174753,TRUE,TRUE,TRUE,FALSE
1,75,0.601905845831969,TRUE,TRUE,TRUE,FALSE
1,76,0.601230908629831,TRUE,TRUE,TRUE,FALSE
1,77,0.599234037291111,TRUE,TRUE,TRUE,FALSE
1,78,0.598616583132876,TRUE,TRUE,TRUE,FALSE
1,79,0.596518955976745,TRUE,TRUE,TRUE,FALSE
1,80,0.602323307132771,TRUE,TRUE,TRUE,FALSE
1,81,0.605969352996319,TRUE,TRUE,TRUE,FALSE
1,82,0.593015764721711,TRUE,TRUE,TRUE,FALSE
1,83,0.602526352256543,TRUE,TRUE,TRUE,FALSE
1,84,0.596600745697784,TRUE,TRUE,TRUE,FALSE
1,85,0.603368743721277,TRUE,TRUE,TRUE,FALSE
1,86,0.598817715611886,TRUE,TRUE,TRUE,FALSE
1,87,0.596527606261831,TRUE,TRUE,TRUE,FALSE
1,88,0.596709227513853,TRUE,TRUE,TRUE,FALSE
1,89,0.597695535054054,TRUE,TRUE,TRUE,FALSE
1,90,0.599343042768573,TRUE,TRUE,TRUE,FALSE
1,91,0.591274447951773,TRUE,TRUE,TRUE,FALSE
1,92,0.599642787441852,TRUE,TRUE,TRUE,FALSE
1,93,0.594508072566066,TRUE,TRUE,TRUE,FALSE
1,94,0.603072565393091,TRUE,TRUE,TRUE,FALSE
1,95,0.589960539382746,FALSE,TRUE,TRUE,FALSE
1,96,0.599491734382205,TRUE,TRUE,TRUE,FALSE
1,97,0.604327319765364,TRUE,TRUE,TRUE,FALSE
1,98,0.595685348384162,TRUE,TRUE,TRUE,FALSE
1,99,0.608169295327104,TRUE,TRUE,TRUE,FALSE
1,100,0.605208830296126,TRUE,TRUE,TRUE,FALSE
1,101,0.608890076407521,FALSE,TRUE,TRUE,FALSE
1,102,0.597052916133634,TRUE,TRUE,TRUE,FALSE
1,103,0.597606940928702,TRUE,TRUE,TRUE,FALSE
1,104,0.59408931103201,TRUE,TRUE,TRUE,FALSE
1,105,0.602319105037029,TRUE,TRUE,TRUE,FALSE
1,106,0.597377729218388,TRUE,TRUE,TRUE,FALSE
1,107,0.606467938408,TRUE,TRUE,TRUE,FALSE
1,108,0.600581413420077,TRUE,TRUE,TRUE,FALSE
1,109,0.606360589458,TRUE,TRUE,TRUE,FALSE
1,110,0.59914331160638,TRUE,TRUE,TRUE,FALSE
1,111,0.596768486710667,TRUE,TRUE,TRUE,FALSE
1,112,0.60313099830407,TRUE,TRUE,TRUE,FALSE
1,113,0.597993313474292,TRUE,TRUE,TRUE,FALSE
1,114,0.595641348289437,TRUE,TRUE,TRUE,FALSE
1,115,0.601016293368889,TRUE,TRUE,TRUE,FALSE
1,116,0.604989940769534,TRUE,TRUE,TRUE,FALSE
1,117,0.607347354726136,TRUE,TRUE,TRUE,FALSE
1,118,0.600439240024463,TRUE,TRUE,TRUE,FALSE
1,119,0.601841242991254,TRUE,TRUE,TRUE,FALSE
1,120,0.601677502890051,TRUE,TRUE,TRUE,FALSE
1,121,0.589250821684269,FALSE,TRUE,TRUE,FALSE
1,122,0.600119047193393,TRUE,TRUE,TRUE,FALSE
1,123,0.602547484112181,TRUE,TRUE,TRUE,FALSE
1,124,0.604326161152074,TRUE,TRUE,TRUE,FALSE
1,125,0.599298030774284,TRUE,TRUE,TRUE,FALSE
1,126,0.599233555481801,TRUE,TRUE,TRUE,FALSE
1,127,0.603618245457532,TRUE,TRUE,TRUE,FALSE
1,128,0.601051748142066,TRUE,TRUE,TRUE,FALSE
1,129,0.596131408856072,TRUE,TRUE,TRUE,FALSE
1,130,0.601186745125252,TRUE,TRUE,TRUE,FALSE
1,131,0.593898247348179,TRUE,TRUE,TRUE,FALSE
1,132,0.595665494696491,TRUE,TRUE,TRUE,FALSE
1,133,0.60234801768289,TRUE,TRUE,TRUE,FALSE
1,134,0.595118042252619,TRUE,TRUE,TRUE,FALSE
1,135,0.599770021066824,TRUE,TRUE,TRUE,FALSE
1,136,0.605154891754755,TRUE,TRUE,TRUE,FALSE
1,137,0.599400090851253,TRUE,TRUE,TRUE,FALSE
1,138,0.598249628512698,TRUE,TRUE,TRUE,FALSE
1,139,0.594785945556762,TRUE,TRUE,TRUE,FALSE
1,140,0.602744571980467,TRUE,TRUE,TRUE,FALSE
1,141,0.608612253986841,TRUE,TRUE,TRUE,FALSE
1,142,0.601369104168225,TRUE,TRUE,TRUE,FALSE
1,143,0.600816652778948,TRUE,TRUE,TRUE,FALSE
1,144,0.591714477330906,FALSE,TRUE,TRUE,FALSE
1,145,0.602251177035484,TRUE,TRUE,TRUE,FALSE
1,146,0.599788992122236,TRUE,TRUE,TRUE,FALSE
1,147,0.597695095403104,TRUE,TRUE,TRUE,FALSE
1,148,0.603444050448555,TRUE,TRUE,TRUE,FALSE
1,149,0.600648036774051,TRUE,TRUE,TRUE,FALSE
1,150,0.597871919695907,TRUE,TRUE,TRUE,FALSE
1,151,0.603713064390799,TRUE,TRUE,TRUE,FALSE
1,152,0.605622526091384,TRUE,TRUE,TRUE,FALSE
1,153,0.602478945589675,TRUE,TRUE,TRUE,FALSE
1,154,0.603657754234561,TRUE,TRUE,TRUE,FALSE
1,155,0.592836865473178,TRUE,TRUE,TRUE,FALSE
1,156,0.59600365523508,TRUE,TRUE,TRUE,FALSE
1,157,0.604981366940444,TRUE,TRUE,TRUE,FALSE
1,158,0.598881152552316,TRUE,TRUE,TRUE,FALSE
1,159,0.595519675369914,TRUE,TRUE,TRUE,FALSE
1,160,0.598712008582318,TRUE,TRUE,TRUE,FALSE
1,161,0.597442242616004,TRUE,TRUE,TRUE,FALSE
1,162,0.605025617285182,TRUE,TRUE,TRUE,FALSE
1,163,0.593497950080743,TRUE,TRUE,TRUE,FALSE
1,164,0.596695454099886,TRUE,TRUE,TRUE,FALSE
1,165,0.596454745308389,TRUE,TRUE,TRUE,FALSE
1,166,0.598686889011491,TRUE,TRUE,TRUE,FALSE
1,167,0.595641691704626,TRUE,TRUE,TRUE,FALSE
1,168,0.597087225327858,TRUE,TRUE,TRUE,FALSE
1,169,0.603159931222268,TRUE,TRUE,TRUE,FALSE
1,170,0.59665051015003,TRUE,TRUE,TRUE,FALSE
1,171,0.590009847819428,FALSE,TRUE,TRUE,FALSE
1,172,0.594756230489376,TRUE,TRUE,TRUE,FALSE
1,173,0.604376259271751,TRUE,TRUE,TRUE,FALSE
1,174,0.595349538865063,TRUE,TRUE,TRUE,FALSE
1,175,0.598149973681701,TRUE,TRUE,TRUE,FALSE
1,176,0.598798979172428,TRUE,TRUE,TRUE,FALSE
1,177,0.594598028235026,TRUE,TRUE,TRUE,FALSE
1,178,0.597748542765649,TRUE,TRUE,TRUE,FALSE
1,179,0.597707886573675,TRUE,TRUE,TRUE,FALSE
1,180,0.593141621186335,TRUE,TRUE,TRUE,FALSE
1,181,0.599932325850457,TRUE,TRUE,TRUE,FALSE
1,182,0.600048120181824,TRUE,TRUE,TRUE,FALSE
1,183,0.606454228267054,TRUE,TRUE,TRUE,FALSE
1,184,0.598603469154992,TRUE,TRUE,TRUE,FALSE
1,185,0.600306012329607,TRUE,TRUE,TRUE,FALSE
1,186,0.592892837262821,TRUE,TRUE,TRUE,FALSE
1,187,0.601249182902992,TRUE,TRUE,TRUE,FALSE
1,188,0.605550943551187,TRUE,TRUE,TRUE,FALSE
1,189,0.599124740700229,TRUE,TRUE,TRUE,FALSE
1,190,0.606426567231073,TRUE,TRUE,TRUE,FALSE
1,191,0.594192185803225,TRUE,TRUE,TRUE,FALSE
1,192,0.596986739791397,TRUE,TRUE,TRUE,FALSE
1,193,0.592034796758426,TRUE,TRUE,TRUE,FALSE
1,194,0.598919004532707,TRUE,TRUE,TRUE,FALSE
1,195,0.595162322207243,TRUE,TRUE,TRUE,FALSE
1,196,0.598977771910904,TRUE,TRUE,TRUE,FALSE
1,197,0.595803829756919,TRUE,TRUE,TRUE,FALSE
1,198,0.592881866596339,FALSE,TRUE,TRUE,FALSE
1,199,0.592272944787382,TRUE,TRUE,TRUE,FALSE
1,200,0.605173715843283,TRUE,TRUE,TRUE,FALSE
1,201,0.602129664721422,TRUE,TRUE,TRUE,FALSE
1,202,0.601349604108302,TRUE,TRUE,TRUE,FALSE
1,203,0.604935383062046,TRUE,TRUE,TRUE,FALSE
1,204,0.600238855982691,TRUE,TRUE,TRUE,FALSE
1,205,0.602414072952883,TRUE,TRUE,TRUE,FALSE
1,206,0.59987894050073,TRUE,TRUE,TRUE,FALSE
1,207,0.594875915461288,TRUE,TRUE,TRUE,FALSE
1,208,0.600428313235242,TRUE,TRUE,TRUE,FALSE
1,209,0.599300902200199,TRUE,TRUE,TRUE,FALSE
1,210,0.604562766634614,TRUE,TRUE,TRUE,FALSE
1,211,0.596248563041617,TRUE,TRUE,TRUE,FALSE
1,212,0.603477512044443,TRUE,TRUE,TRUE,FALSE
1,213,0.603469367437118,TRUE,TRUE,TRUE,FALSE
1,214,0.600917684400307,TRUE,TRUE,TRUE,FALSE
1,215,0.599268490755785,TRUE,TRUE,TRUE,FALSE
1,216,0.59838628779736,TRUE,TRUE,TRUE,FALSE
1,217,0.599329760439068,TRUE,TRUE,TRUE,FALSE
1,218,0.595241406111344,TRUE,TRUE,TRUE,FALSE
1,219,0.599471364261551,TRUE,TRUE,TRUE,FALSE
1,220,0.603242482323982,TRUE,TRUE,TRUE,FALSE
1,221,0.594013994650143,TRUE,TRUE,TRUE,FALSE
1,222,0.614178021996364,FALSE,TRUE,TRUE,FALSE
1,223,0.599703023467823,TRUE,TRUE,TRUE,FALSE
1,224,0.595335765963979,TRUE,TRUE,TRUE,FALSE
1,225,0.597842075719183,TRUE,TRUE,TRUE,FALSE
1,226,0.588792749374142,FALSE,TRUE,TRUE,FALSE
1,227,0.606591727797722,TRUE,TRUE,TRUE,FALSE
1,228,0.601985316500081,TRUE,TRUE,TRUE,FALSE
1,229,0.603878439469512,TRUE,TRUE,TRUE,FALSE
1,230,0.602885180283375,TRUE,TRUE,TRUE,FALSE
1,231,0.598526174698785,TRUE,TRUE,TRUE,FALSE
1,232,0.601514237419663,TRUE,TRUE,TRUE,FALSE
1,233,0.598297301283187,TRUE,TRUE,TRUE,FALSE
1,234,0.595420857686316,TRUE,TRUE,TRUE,FALSE
1,235,0.601007618145191,TRUE,TRUE,TRUE,FALSE
1,236,0.60436626191576,TRUE,TRUE,TRUE,FALSE
1,237,0.597070109990126,TRUE,TRUE,TRUE,FALSE
1,238,0.604088176171926,TRUE,TRUE,TRUE,FALSE
1,239,0.605161383359348,TRUE,TRUE,TRUE,FALSE
1,240,0.601202511494267,TRUE,TRUE,TRUE,FALSE
1,241,0.609641546767378,FALSE,TRUE,TRUE,FALSE
1,242,0.599573288457934,TRUE,TRUE,TRUE,FALSE
1,243,0.602292589843587,TRUE,TRUE,TRUE,FALSE
1,244,0.607385646211617,TRUE,TRUE,TRUE,FALSE
1,245,0.601854521520719,TRUE,TRUE,TRUE,FALSE
1,246,0.59382087352234,TRUE,TRUE,TRUE,FALSE
1,247,0.595704450896326,TRUE,TRUE,TRUE,FALSE
1,248,0.597452776833399,TRUE,TRUE,TRUE,FALSE
1,249,0.597946689292182,TRUE,TRUE,TRUE,FALSE
1,250,0.602293062698167,TRUE,TRUE,TRUE,FALSE
1,251,0.602951734908696,TRUE,TRUE,TRUE,FALSE
1,252,0.599423628253618,TRUE,TRUE,TRUE,FALSE
1,253,0.600556623891576,TRUE,TRUE,TRUE,FALSE
1,254,0.603435071566904,TRUE,TRUE,TRUE,FALSE
1,255,0.597473446699042,TRUE,TRUE,TRUE,FALSE
1,256,0.605846694615597,TRUE,TRUE,TRUE,FALSE
1,257,0.601346408032474,TRUE,TRUE,TRUE,FALSE
1,258,0.59700629393464,TRUE,TRUE,TRUE,FALSE
1,259,0.594367591887,TRUE,TRUE,TRUE,FALSE
1,260,0.595633704778682,TRUE,TRUE,TRUE,FALSE
1,261,0.599020899169086,TRUE,TRUE,TRUE,FALSE
1,262,0.599251136142808,TRUE,TRUE,TRUE,FALSE
1,263,0.598604520044309,TRUE,TRUE,TRUE,FALSE
1,264,0.60257086450325,TRUE,TRUE,TRUE,FALSE
1,265,0.603280147905639,TRUE,TRUE,TRUE,FALSE
1,266,0.601036701368892,TRUE,TRUE,TRUE,FALSE
1,267,0.600939713652851,TRUE,TRUE,TRUE,FALSE
1,268,0.601020996456064,TRUE,TRUE,TRUE,FALSE
1,269,0.588431535452333,FALSE,TRUE,TRUE,FALSE
1,270,0.599287691037199,TRUE,TRUE,TRUE,FALSE
1,271,0.597192721090399,TRUE,TRUE,TRUE,FALSE
1,272,0.609432761939939,TRUE,TRUE,TRUE,FALSE
1,273,0.597052035300333,TRUE,TRUE,TRUE,FALSE
1,274,0.604970103524516,TRUE,TRUE,TRUE,FALSE
1,275,0.60873209327521,FALSE,TRUE,TRUE,FALSE
1,276,0.598858825379911,TRUE,TRUE,TRUE,FALSE
1,277,0.598116752419857,TRUE,TRUE,TRUE,FALSE
1,278,0.591539919409267,FALSE,TRUE,TRUE,FALSE
1,279,0.603063427638266,TRUE,TRUE,TRUE,FALSE
1,280,0.603345598777242,TRUE,TRUE,TRUE,FALSE
1,281,0.604910128988993,TRUE,TRUE,TRUE,FALSE
1,282,0.600970057595287,TRUE,TRUE,TRUE,FALSE
1,283,0.605748649693908,TRUE,TRUE,TRUE,FALSE
1,284,0.601550787050637,TRUE,TRUE,TRUE,FALSE
1,285,0.603453742290922,TRUE,TRUE,TRUE,FALSE
1,286,0.600988739689807,TRUE,TRUE,TRUE,FALSE
1,287,0.600837019609167,TRUE,TRUE,TRUE,FALSE
1,288,0.59415587184193,TRUE,TRUE,TRUE,FALSE
1,289,0.599920472196798,TRUE,TRUE,TRUE,FALSE
1,290,0.596076527326693,TRUE,TRUE,TRUE,FALSE
1,291,0.604377693446882,TRUE,TRUE,TRUE,FALSE
1,292,0.603562087388117,TRUE,TRUE,TRUE,FALSE
1,293,0.604180847644455,TRUE,TRUE,TRUE,FALSE
1,294,0.606091701574955,TRUE,TRUE,TRUE,TRUE
1,295,0.602568449116327,TRUE,TRUE,TRUE,FALSE
1,296,0.5981256574651,TRUE,TRUE,TRUE,FALSE
1,297,0.59916213467402,TRUE,TRUE,TRUE,FALSE
1,298,0.598713508697793,TRUE,TRUE,TRUE,FALSE
1,299,0.603855925466117,TRUE,TRUE,TRUE,FALSE
1,300,0.600120584673213,TRUE,TRUE,TRUE,FALSE
1,301,0.607702683886673,TRUE,TRUE,TRUE,FALSE
1,302,0.605128717022721,TRUE,TRUE,TRUE,FALSE
1,303,0.599184279759942,TRUE,TRUE,TRUE,FALSE
1,304,0.604640299345001,TRUE,TRUE,TRUE,FALSE
1,305,0.598407364480953,TRUE,TRUE,TRUE,FALSE
1,306,0.605560916978939,TRUE,TRUE,TRUE,FALSE
1,307,0.602379616560441,TRUE,TRUE,TRUE,FALSE
1,308,0.599323420808308,TRUE,TRUE,TRUE,FALSE
1,309,0.603252578393515,TRUE,TRUE,TRUE,FALSE
1,310,0.601362501247417,TRUE,TRUE,TRUE,FALSE
1,311,0.594670520367395,TRUE,TRUE,TRUE,FALSE
1,312,0.603174353568994,TRUE,TRUE,TRUE,FALSE
1,313,0.595569597752337,TRUE,TRUE,TRUE,FALSE
1,314,0.591244779233024,TRUE,TRUE,TRUE,FALSE
1,315,0.603059230676752,TRUE,TRUE,TRUE,FALSE
1,316,0.601351841308355,TRUE,TRUE,TRUE,FALSE
1,317,0.59908321103729,TRUE,TRUE,TRUE,FALSE
1,318,0.603506166896537,TRUE,TRUE,TRUE,FALSE
1,319,0.593724624676264,TRUE,TRUE,TRUE,FALSE
1,320,0.600599413819984,TRUE,TRUE,TRUE,FALSE
1,321,0.592964692850272,TRUE,TRUE,TRUE,FALSE
1,322,0.604061168805804,TRUE,TRUE,TRUE,FALSE
1,323,0.600171540357226,TRUE,TRUE,TRUE,FALSE
1,324,0.597083020439218,TRUE,TRUE,TRUE,FALSE
1,325,0.601448266852114,TRUE,TRUE,TRUE,FALSE
1,326,0.598875378435691,TRUE,TRUE,TRUE,FALSE
1,327,0.598769137806464,TRUE,TRUE,TRUE,FALSE
1,328,0.601068616463377,TRUE,TRUE,TRUE,FALSE
1,329,0.603950285817603,TRUE,TRUE,TRUE,FALSE
1,330,0.599324874541089,TRUE,TRUE,TRUE,FALSE
1,331,0.598327491574923,TRUE,TRUE,TRUE,FALSE
1,332,0.59800499477495,TRUE,TRUE,TRUE,FALSE
1,333,0.598712843151074,TRUE,TRUE,TRUE,FALSE
1,334,0.60651112759485,TRUE,TRUE,TRUE,FALSE
1,335,0.600114266243353,TRUE,TRUE,TRUE,FALSE
1,336,0.603478312414281,TRUE,TRUE,TRUE,FALSE
1,337,0.600441248405894,TRUE,TRUE,TRUE,FALSE
1,338,0.605105399727359,TRUE,TRUE,TRUE,FALSE
1,339,0.598788191377923,TRUE,TRUE,TRUE,FALSE
1,340,0.602453594893635,TRUE,TRUE,TRUE,FALSE
1,341,0.596465727878122,TRUE,TRUE,TRUE,FALSE
1,342,0.596446580429614,TRUE,TRUE,TRUE,FALSE
1,343,0.596158509303689,TRUE,TRUE,TRUE,FALSE
1,344,0.602411327778862,TRUE,TRUE,TRUE,FALSE
1,345,0.592822922360076,TRUE,TRUE,TRUE,FALSE
1,346,0.599298096438233,TRUE,TRUE,TRUE,FALSE
1,347,0.594078496674862,TRUE,TRUE,TRUE,FALSE
1,348,0.604086332301081,TRUE,TRUE,TRUE,FALSE
1,349,0.60243127048978,TRUE,TRUE,TRUE,FALSE
1,350,0.606851719110921,TRUE,TRUE,TRUE,FALSE
1,351,0.59773616486437,TRUE,TRUE,TRUE,FALSE
1,352,0.607061916411193,TRUE,TRUE,TRUE,FALSE
1,353,0.596390185458562,TRUE,TRUE,TRUE,FALSE
1,354,0.60534128128563,TRUE,TRUE,TRUE,FALSE
1,355,0.597785897792062,TRUE,TRUE,TRUE,FALSE
1,356,0.599475044446799,TRUE,TRUE,TRUE,FALSE
1,357,0.593283890906582,TRUE,TRUE,TRUE,FALSE
1,358,0.601654638013864,TRUE,TRUE,TRUE,FALSE
1,359,0.596162781614627,TRUE,TRUE,TRUE,FALSE
1,360,0.603923593540435,TRUE,TRUE,TRUE,FALSE
1,361,0.607740418900818,TRUE,TRUE,TRUE,FALSE
1,362,0.604956589328758,TRUE,TRUE,TRUE,FALSE
1,363,0.596925244951069,TRUE,TRUE,TRUE,FALSE
1,364,0.607018055494123,TRUE,TRUE,TRUE,FALSE
1,365,0.596780358318433,TRUE,TRUE,TRUE,FALSE
1,366,0.595746330971585,TRUE,TRUE,TRUE,FALSE
1,367,0.605744063303351,TRUE,TRUE,TRUE,FALSE
1,368,0.59161788563906,FALSE,TRUE,TRUE,FALSE
1,369,0.598434231760637,TRUE,TRUE,TRUE,FALSE
1,370,0.600168440776025,TRUE,TRUE,TRUE,FALSE
1,371,0.600204710325494,TRUE,TRUE,TRUE,FALSE
1,372,0.590706041128931,FALSE,TRUE,TRUE,FALSE
1,373,0.604914537379571,TRUE,TRUE,TRUE,FALSE
1,374,0.601983119985205,TRUE,TRUE,TRUE,FALSE
1,375,0.598795825920348,TRUE,TRUE,TRUE,FALSE
1,376,0.591113517867673,FALSE,TRUE,TRUE,FALSE
1,377,0.597758944408588,TRUE,TRUE,TRUE,FALSE
1,378,0.591635949600006,FALSE,TRUE,TRUE,FALSE
1,379,0.594731162696724,TRUE,TRUE,TRUE,FALSE
1,380,0.595633788715514,TRUE,TRUE,TRUE,FALSE
1,381,0.603056584936972,TRUE,TRUE,TRUE,FALSE
1,382,0.596213280434933,TRUE,TRUE,TRUE,FALSE
1,383,0.596740943603318,TRUE,TRUE,TRUE,FALSE
1,384,0.597616932365866,TRUE,TRUE,TRUE,FALSE
1,385,0.593571025008035,TRUE,TRUE,TRUE,FALSE
1,386,0.598426065628581,TRUE,TRUE,TRUE,FALSE
1,387,0.598831989380188,TRUE,TRUE,TRUE,FALSE
1,388,0.597815041051837,TRUE,TRUE,TRUE,FALSE
1,389,0.601415537165444,TRUE,TRUE,TRUE,FALSE
1,390,0.605186045848607,TRUE,TRUE,TRUE,FALSE
1,391,0.598341477407891,TRUE,TRUE,TRUE,FALSE
1,392,0.600541630448206,TRUE,TRUE,TRUE,FALSE
1,393,0.601930553678069,TRUE,TRUE,TRUE,FALSE
1,394,0.603832874179865,TRUE,TRUE,TRUE,FALSE
1,395,0.599875081486815,TRUE,TRUE,TRUE,FALSE
1,396,0.604216891329207,TRUE,TRUE,TRUE,FALSE
1,397,0.601621173384748,TRUE,TRUE,TRUE,FALSE
1,398,0.602286253332472,TRUE,TRUE,TRUE,FALSE
1,399,0.60150574867238,TRUE,TRUE,TRUE,FALSE
1,400,0.598810225058986,TRUE,TRUE,TRUE,FALSE
1,401,0.605447810202913,TRUE,TRUE,TRUE,FALSE
1,402,0.606865356104211,TRUE,TRUE,TRUE,FALSE
1,403,0.604629859391662,TRUE,TRUE,TRUE,FALSE
1,404,0.602582362553253,TRUE,TRUE,TRUE,FALSE
1,405,0.60778719708955,TRUE,TRUE,TRUE,FALSE
1,406,0.601954571408355,TRUE,TRUE,TRUE,FALSE
1,407,0.595625442275733,TRUE,TRUE,TRUE,FALSE
1,408,0.602726615035311,TRUE,TRUE,TRUE,FALSE
1,409,0.598078455747389,TRUE,TRUE,TRUE,FALSE
1,410,0.596509530744713,TRUE,TRUE,TRUE,FALSE
1,411,0.597515894796432,TRUE,TRUE,TRUE,FALSE
1,412,0.605093535818259,TRUE,TRUE,TRUE,FALSE
1,413,0.596800268932234,TRUE,TRUE,TRUE,FALSE
1,414,0.599266972440395,TRUE,TRUE,TRUE,FALSE
1,415,0.590579215337178,FALSE,TRUE,TRUE,FALSE
1,416,0.595194183051638,TRUE,TRUE,TRUE,FALSE
1,417,0.594555648125476,TRUE,TRUE,TRUE,FALSE
1,418,0.597109599872225,TRUE,TRUE,TRUE,FALSE
1,419,0.596064589463177,TRUE,TRUE,TRUE,FALSE
1,420,0.600220427305483,TRUE,TRUE,TRUE,FALSE
1,421,0.58622948660535,FALSE,TRUE,TRUE,FALSE
1,422,0.599433857735481,TRUE,TRUE,TRUE,FALSE
1,423,0.601527396199076,TRUE,TRUE,TRUE,FALSE
1,424,0.601022200427952,TRUE,TRUE,TRUE,FALSE
1,425,0.593690839837734,TRUE,TRUE,TRUE,FALSE
1,426,0.60500652685934,TRUE,TRUE,TRUE,FALSE
1,427,0.603563469149168,TRUE,TRUE,TRUE,FALSE
1,428,0.598281638652313,TRUE,TRUE,TRUE,FALSE
1,429,0.598504034524982,TRUE,TRUE,TRUE,FALSE
1,430,0.599254575580105,TRUE,TRUE,TRUE,FALSE
1,431,0.59462574738686,TRUE,TRUE,TRUE,FALSE
1,432,0.595470093001506,TRUE,TRUE,TRUE,FALSE
1,433,0.600291136251722,TRUE,TRUE,TRUE,FALSE
1,434,0.600015035124826,TRUE,TRUE,TRUE,FALSE
1,435,0.601196434763972,TRUE,TRUE,TRUE,FALSE
1,436,0.601794927145504,TRUE,TRUE,TRUE,FALSE
1,437,0.598337016684584,TRUE,TRUE,TRUE,FALSE
1,438,0.592156123506553,TRUE,TRUE,TRUE,FALSE
1,439,0.601114962574945,TRUE,TRUE,TRUE,FALSE
1,440,0.599825961983424,TRUE,TRUE,TRUE,FALSE
1,441,0.5942661153792,TRUE,TRUE,TRUE,FALSE
1,442,0.600030235394388,TRUE,TRUE,TRUE,FALSE
1,443,0.59864529138989,TRUE,TRUE,TRUE,FALSE
1,444,0.601304928164907,TRUE,TRUE,TRUE,FALSE
1,445,0.604100985018926,TRUE,TRUE,TRUE,FALSE
1,446,0.593342123532322,TRUE,TRUE,TRUE,FALSE
1,447,0.596197146380068,TRUE,TRUE,TRUE,FALSE
1,448,0.59922919283897,TRUE,TRUE,TRUE,FALSE
1,449,0.605884291230383,TRUE,TRUE,TRUE,FALSE
1,450,0.597374009240812,TRUE,TRUE,TRUE,TRUE
1,451,0.603223592381505,TRUE,TRUE,TRUE,FALSE
1,452,0.604348047213588,TRUE,TRUE,TRUE,FALSE
1,453,0.604237558468092,TRUE,TRUE,TRUE,FALSE
1,454,0.596603789382468,TRUE,TRUE,TRUE,FALSE
1,455,0.595149927664806,TRUE,TRUE,TRUE,FALSE
1,456,0.601541425996532,TRUE,TRUE,TRUE,FALSE
1,457,0.603103659888684,TRUE,TRUE,TRUE,FALSE
1,458,0.598633273146874,TRUE,TRUE,TRUE,FALSE
1,459,0.595725752379822,TRUE,TRUE,TRUE,FALSE
1,460,0.603064916143392,TRUE,TRUE,TRUE,FALSE
1,461,0.607230871576996,TRUE,TRUE,TRUE,FALSE
1,462,0.599624516416244,TRUE,TRUE,TRUE,FALSE
1,463,0.599290339781602,TRUE,TRUE,TRUE,FALSE
1,464,0.602764706982043,TRUE,TRUE,TRUE,FALSE
1,465,0.60323989179169,TRUE,TRUE,TRUE,FALSE
1,466,0.603195979921012,TRUE,TRUE,TRUE,FALSE
1,467,0.607279753638923,TRUE,TRUE,TRUE,FALSE
1,468,0.595763829329417,TRUE,TRUE,TRUE,FALSE
1,469,0.60506864461358,TRUE,TRUE,TRUE,FALSE
1,470,0.604574407625761,TRUE,TRUE,TRUE,FALSE
1,471,0.595177807767839,TRUE,TRUE,TRUE,FALSE
1,472,0.60015291037571,TRUE,TRUE,TRUE,FALSE
1,473,0.593563356005276,TRUE,TRUE,TRUE,FALSE
1,474,0.599286278577545,TRUE,TRUE,TRUE,FALSE
1,475,0.599076645535678,TRUE,TRUE,TRUE,FALSE
1,476,0.598728881645251,TRUE,TRUE,TRUE,FALSE
1,477,0.597501160475602,TRUE,TRUE,TRUE,FALSE
1,478,0.596831523044598,TRUE,TRUE,TRUE,FALSE
1,479,0.599606371865683,TRUE,TRUE,TRUE,FALSE
1,480,0.597268969893172,TRUE,TRUE,TRUE,FALSE
1,481,0.607184323875485,TRUE,TRUE,TRUE,FALSE
1,482,0.601788118416075,TRUE,TRUE,TRUE,FALSE
1,483,0.589930864386451,FALSE,TRUE,TRUE,FALSE
1,484,0.605085191585131,TRUE,TRUE,TRUE,FALSE
1,485,0.597831727756317,TRUE,TRUE,TRUE,FALSE
1,486,0.597451880088043,TRUE,TRUE,TRUE,FALSE
1,487,0.591645747451818,TRUE,TRUE,TRUE,FALSE
1,488,0.600436605982727,TRUE,TRUE,TRUE,FALSE
1,489,0.600205286483826,TRUE,TRUE,TRUE,FALSE
1,490,0.601319824764546,TRUE,TRUE,TRUE,FALSE
1,491,0.59616032843256,TRUE,TRUE,TRUE,FALSE
1,492,0.602413184982285,TRUE,TRUE,TRUE,FALSE
1,493,0.598723088018942,TRUE,TRUE,TRUE,FALSE
1,494,0.607058260548912,TRUE,TRUE,TRUE,FALSE
1,495,0.595111241720282,TRUE,TRUE,TRUE,FALSE
1,496,0.60201605146118,TRUE,TRUE,TRUE,FALSE
1,497,0.59629173103638,TRUE,TRUE,TRUE,FALSE
1,498,0.603231408829391,TRUE,TRUE,TRUE,FALSE
1,499,0.592136772214408,TRUE,TRUE,TRUE,FALSE
1,500,0.593914762329287,TRUE,TRUE,TRUE,FALSE
1,501,0.598715379077606,TRUE,TRUE,TRUE,FALSE
1,502,0.606350617176958,TRUE,TRUE,TRUE,FALSE
1,503,0.5973051693009,TRUE,TRUE,TRUE,FALSE
1,504,0.598214661720984,TRUE,TRUE,TRUE,FALSE
1,505,0.593064833594426,TRUE,TRUE,TRUE,FALSE
1,506,0.597459513722728,TRUE,TRUE,TRUE,FALSE
1,507,0.599006427593782,TRUE,TRUE,TRUE,FALSE
1,508,0.610109329644204,FALSE,TRUE,TRUE,FALSE
1,509,0.599715184050615,TRUE,TRUE,TRUE,FALSE
1,510,0.599499994607494,TRUE,TRUE,TRUE,FALSE
1,511,0.603033355012345,TRUE,TRUE,TRUE,FALSE
1,512,0.60263143022671,TRUE,TRUE,TRUE,FALSE
1,513,0.594696246715095,TRUE,TRUE,TRUE,FALSE
1,514,0.592012691518449,TRUE,TRUE,TRUE,FALSE
1,515,0.601686568276024,TRUE,TRUE,TRUE,FALSE
1,516,0.603111645648812,TRUE,TRUE,TRUE,FALSE
1,517,0.597298785432317,TRUE,TRUE,TRUE,FALSE
1,518,0.607351290731959,TRUE,TRUE,TRUE,FALSE
1,519,0.602676322316771,TRUE,TRUE,TRUE,FALSE
1,520,0.599005820484687,TRUE,TRUE,TRUE,FALSE
1,521,0.602655342532155,TRUE,TRUE,TRUE,FALSE
1,522,0.598272179496685,TRUE,TRUE,TRUE,FALSE
1,523,0.598342066024383,TRUE,TRUE,TRUE,FALSE
1,524,0.598726333337565,TRUE,TRUE,TRUE,FALSE
1,525,0.602554135418984,TRUE,TRUE,TRUE,FALSE
1,526,0.603656821702347,TRUE,TRUE,TRUE,FALSE
1,527,0.590945459515522,FALSE,TRUE,TRUE,FALSE
1,528,0.598612714056598,TRUE,TRUE,TRUE,FALSE
1,529,0.600968130382111,TRUE,TRUE,TRUE,FALSE
1,530,0.600732854326013,TRUE,TRUE,TRUE,FALSE
1,531,0.598245344778721,TRUE,TRUE,TRUE,FALSE
1,532,0.599535453804596,TRUE,TRUE,TRUE,FALSE
1,533,0.611103483187613,FALSE,TRUE,TRUE,FALSE
1,534,0.603260277940759,TRUE,TRUE,TRUE,FALSE
1,535,0.597136488108153,TRUE,TRUE,TRUE,FALSE
1,536,0.605357404148553,TRUE,TRUE,TRUE,FALSE
1,537,0.595943121201199,TRUE,TRUE,TRUE,FALSE
1,538,0.594804868108926,TRUE,TRUE,TRUE,FALSE
1,539,0.59507667554097,TRUE,TRUE,TRUE,FALSE
1,540,0.602533979179546,TRUE,TRUE,TRUE,FALSE
1,541,0.606366714313634,TRUE,TRUE,TRUE,FALSE
1,542,0.595123863788774,TRUE,TRUE,TRUE,FALSE
1,543,0.60304303706418,TRUE,TRUE,TRUE,FALSE
1,544,0.598198135131233,TRUE,TRUE,TRUE,FALSE
1,545,0.594664722571773,TRUE,TRUE,TRUE,FALSE
1,546,0.595930442222921,TRUE,TRUE,TRUE,FALSE
1,547,0.598652386175722,TRUE,TRUE,TRUE,FALSE
1,548,0.6001040244112,TRUE,TRUE,TRUE,FALSE
1,549,0.606385845207896,TRUE,TRUE,TRUE,FALSE
1,550,0.600709917626174,TRUE,TRUE,TRUE,FALSE
1,551,0.601821535089912,TRUE,TRUE,TRUE,FALSE
1,552,0.599904071081501,TRUE,TRUE,TRUE,FALSE
1,553,0.599103644411918,TRUE,TRUE,TRUE,FALSE
1,554,0.606166286383778,TRUE,TRUE,TRUE,FALSE
1,555,0.603435923428417,TRUE,TRUE,TRUE,FALSE
1,556,0.60515398003718,TRUE,TRUE,TRUE,FALSE
1,557,0.600779798826488,TRUE,TRUE,TRUE,FALSE
1,558,0.600502914294981,TRUE,TRUE,TRUE,FALSE
1,559,0.598727090542924,TRUE,TRUE,TRUE,FALSE
1,560,0.600834005965004,TRUE,TRUE,TRUE,FALSE
1,561,0.602792895365953,TRUE,TRUE,TRUE,FALSE
1,562,0.599258750005916,TRUE,TRUE,TRUE,FALSE
1,563,0.602495393233362,TRUE,TRUE,TRUE,FALSE
1,564,0.605643016567789,TRUE,TRUE,TRUE,FALSE
1,565,0.600619724857471,TRUE,TRUE,TRUE,FALSE
1,566,0.593698739704712,TRUE,TRUE,TRUE,FALSE
1,567,0.603997901538536,TRUE,TRUE,TRUE,FALSE
1,568,0.598834746626817,TRUE,TRUE,TRUE,FALSE
1,569,0.599271211502664,TRUE,TRUE,TRUE,FALSE
1,570,0.597497924581574,TRUE,TRUE,TRUE,FALSE
1,571,0.606578149782464,TRUE,TRUE,TRUE,FALSE
1,572,0.600786708694976,TRUE,TRUE,TRUE,FALSE
1,573,0.599574671898607,TRUE,TRUE,TRUE,FALSE
1,574,0.59528858919532,TRUE,TRUE,TRUE,FALSE
1,575,0.600930758477261,TRUE,TRUE,TRUE,FALSE
1,576,0.597603572906857,TRUE,TRUE,TRUE,FALSE
1,577,0.60405749140643,TRUE,TRUE,TRUE,FALSE
1,578,0.595679630412854,TRUE,TRUE,TRUE,FALSE
1,579,0.602160861979854,TRUE,TRUE,TRUE,FALSE
1,580,0.599652559248241,TRUE,TRUE,TRUE,FALSE
1,581,0.590630635326324,FALSE,TRUE,TRUE,FALSE
1,582,0.595717960310702,TRUE,TRUE,TRUE,FALSE
1,583,0.600648542344974,TRUE,TRUE,TRUE,FALSE
1,584,0.603927238938296,TRUE,TRUE,TRUE,FALSE
1,585,0.601602072512849,TRUE,TRUE,TRUE,FALSE
1,586,0.599541440558593,TRUE,TRUE,TRUE,FALSE
1,587,0.602045711003975,TRUE,TRUE,TRUE,FALSE
1,588,0.59779700279599,TRUE,TRUE,TRUE,FALSE
1,589,0.597856305461904,TRUE,TRUE,TRUE,FALSE
1,590,0.605498144107545,TRUE,TRUE,TRUE,FALSE
1,591,0.603206134210221,TRUE,TRUE,TRUE,FALSE
1,592,0.598327042592996,TRUE,TRUE,TRUE,FALSE
1,593,0.598522109639247,TRUE,TRUE,TRUE,FALSE
1,594,0.600351405381887,TRUE,TRUE,TRUE,FALSE
1,595,0.594079236940673,TRUE,TRUE,TRUE,FALSE
1,596,0.60310968451816,TRUE,TRUE,TRUE,FALSE
1,597,0.608161867633474,TRUE,TRUE,TRUE,FALSE
1,598,0.597536945932074,TRUE,TRUE,TRUE,FALSE
1,599,0.594395805306689,TRUE,TRUE,TRUE,FALSE
1,600,0.602441373647536,TRUE,TRUE,TRUE,FALSE
1,601,0.597832707557603,TRUE,TRUE,TRUE,FALSE
1,602,0.600461258111057,TRUE,TRUE,TRUE,FALSE
1,603,0.596055581907554,TRUE,TRUE,TRUE,FALSE
1,604,0.600375428468402,TRUE,TRUE,TRUE,FALSE
1,605,0.601798162731469,TRUE,TRUE,TRUE,FALSE
1,606,0.602495558403498,TRUE,TRUE,TRUE,FALSE
1,607,0.596143153208486,TRUE,TRUE,TRUE,FALSE
1,608,0.594826589004649,TRUE,TRUE,TRUE,FALSE
1,609,0.611648540612718,FALSE,TRUE,TRUE,FALSE
1,610,0.596581471004331,TRUE,TRUE,TRUE,FALSE
1,611,0.600330003995761,TRUE,TRUE,TRUE,FALSE
1,612,0.597666503415621,TRUE,TRUE,TRUE,FALSE
1,613,0.594970675855512,TRUE,TRUE,TRUE,FALSE
1,614,0.608855694399288,TRUE,TRUE,TRUE,FALSE
1,615,0.609062230987536,TRUE,TRUE,TRUE,FALSE
1,616,0.596183735634969,TRUE,TRUE,TRUE,FALSE
1,617,0.599854311130615,TRUE,TRUE,TRUE,FALSE
1,618,0.598621938429629,TRUE,TRUE,TRUE,FALSE
1,619,0.601814748011854,TRUE,TRUE,TRUE,FALSE
1,620,0.590060404640559,FALSE,TRUE,TRUE,FALSE
1,621,0.606265386875178,TRUE,TRUE,TRUE,FALSE
1,622,0.599243435897352,TRUE,TRUE,TRUE,FALSE
1,623,0.605160556213304,TRUE,TRUE,TRUE,FALSE
1,624,0.601259608318022,TRUE,TRUE,TRUE,FALSE
1,625,0.604512528187417,TRUE,TRUE,TRUE,FALSE
1,626,0.605556719714142,TRUE,TRUE,TRUE,FALSE
1,627,0.601505516752043,TRUE,TRUE,TRUE,FALSE
1,628,0.602887217000916,TRUE,TRUE,TRUE,FALSE
1,629,0.595253803425916,TRUE,TRUE,TRUE,FALSE
1,630,0.60698331064029,TRUE,TRUE,TRUE,FALSE
1,631,0.597284178249366,TRUE,TRUE,TRUE,FALSE
1,632,0.599349715634027,TRUE,TRUE,TRUE,FALSE
1,633,0.598420783927588,TRUE,TRUE,TRUE,FALSE
1,634,0.599430809172431,TRUE,TRUE,TRUE,FALSE
1,635,0.596674572251578,TRUE,TRUE,TRUE,FALSE
1,636,0.600761996346125,TRUE,TRUE,TRUE,FALSE
1,637,0.604263485755139,TRUE,TRUE,TRUE,FALSE
1,638,0.601270900649243,TRUE,TRUE,TRUE,FALSE
1,639,0.603798986832363,TRUE,TRUE,TRUE,FALSE
1,640,0.592060038894004,TRUE,TRUE,TRUE,FALSE
1,641,0.601522244049799,TRUE,TRUE,TRUE,FALSE
1,642,0.596648829097518,TRUE,TRUE,TRUE,FALSE
1,643,0.605993658586456,TRUE,TRUE,TRUE,FALSE
1,644,0.602784279209045,TRUE,TRUE,TRUE,FALSE
1,645,0.601027214043544,TRUE,TRUE,TRUE,FALSE
1,646,0.600470935427493,TRUE,TRUE,TRUE,FALSE
1,647,0.591768798261399,TRUE,TRUE,TRUE,FALSE
1,648,0.600764574734694,TRUE,TRUE,TRUE,FALSE
1,649,0.597796553921636,TRUE,TRUE,TRUE,FALSE
1,650,0.600280550216168,TRUE,TRUE,TRUE,FALSE
1,651,0.599358332193273,TRUE,TRUE,TRUE,FALSE
1,652,0.598153391982758,TRUE,TRUE,TRUE,FALSE
1,653,0.598019854224148,TRUE,TRUE,TRUE,FALSE
1,654,0.601601729478574,TRUE,TRUE,TRUE,FALSE
1,655,0.599000942581139,TRUE,TRUE,TRUE,FALSE
1,656,0.592219481076611,TRUE,TRUE,TRUE,FALSE
1,657,0.595140640173859,TRUE,TRUE,TRUE,FALSE
1,658,0.592752700563974,TRUE,TRUE,TRUE,FALSE
1,659,0.599580750780909,TRUE,TRUE,TRUE,FALSE
1,660,0.605802409836277,TRUE,TRUE,TRUE,FALSE
1,661,0.604936847486836,TRUE,TRUE,TRUE,FALSE
1,662,0.601297638064783,TRUE,TRUE,TRUE,FALSE
1,663,0.596764493284489,TRUE,TRUE,TRUE,FALSE
1,664,0.603382071457754,TRUE,TRUE,TRUE,FALSE
1,665,0.608435597154537,TRUE,TRUE,TRUE,FALSE
1,666,0.595972970540542,TRUE,TRUE,TRUE,FALSE
1,667,0.603071968213406,TRUE,TRUE,TRUE,FALSE
1,668,0.601048134166606,TRUE,TRUE,TRUE,FALSE
1,669,0.593766194872637,TRUE,TRUE,TRUE,FALSE
1,670,0.596656931691523,TRUE,TRUE,TRUE,FALSE
1,671,0.600079596665765,TRUE,TRUE,TRUE,FALSE
1,672,0.597649866501671,TRUE,TRUE,TRUE,FALSE
1,673,0.604734314529513,TRUE,TRUE,TRUE,FALSE
1,674,0.601309993539419,TRUE,TRUE,TRUE,FALSE
1,675,0.599517601267761,TRUE,TRUE,TRUE,FALSE
1,676,0.599200195432788,TRUE,TRUE,TRUE,FALSE
1,677,0.5905625829333,TRUE,TRUE,TRUE,FALSE
1,678,0.603364811096172,TRUE,TRUE,TRUE,FALSE
1,679,0.595158267985755,TRUE,TRUE,TRUE,FALSE
1,680,0.601662205040301,TRUE,TRUE,TRUE,FALSE
1,681,0.595549002078663,TRUE,TRUE,TRUE,FALSE
1,682,0.602983955636126,TRUE,TRUE,TRUE,FALSE
1,683,0.599648560913983,TRUE,TRUE,TRUE,FALSE
1,684,0.596403514141206,TRUE,TRUE,TRUE,FALSE
1,685,0.604807367906273,TRUE,TRUE,TRUE,FALSE
1,686,0.603302603617484,TRUE,TRUE,TRUE,FALSE
1,687,0.590614245422701,FALSE,TRUE,TRUE,FALSE
1,688,0.604863457333527,TRUE,TRUE,TRUE,FALSE
1,689,0.600628307553648,TRUE,TRUE,TRUE,FALSE
1,690,0.601127684606386,TRUE,TRUE,TRUE,FALSE
1,691,0.600810558120378,TRUE,TRUE,TRUE,FALSE
1,692,0.593785503147654,TRUE,TRUE,TRUE,FALSE
1,693,0.602222986924024,TRUE,TRUE,TRUE,FALSE
1,694,0.5927517565765,TRUE,TRUE,TRUE,FALSE
1,695,0.594063925008931,TRUE,TRUE,TRUE,FALSE
1,696,0.593130903807263,TRUE,TRUE,TRUE,FALSE
1,697,0.596929183949936,TRUE,TRUE,TRUE,FALSE
1,698,0.598537610510277,TRUE,TRUE,TRUE,FALSE
1,699,0.597617486138497,TRUE,TRUE,TRUE,FALSE
1,700,0.601384365035716,TRUE,TRUE,TRUE,FALSE
1,701,0.597870882648948,TRUE,TRUE,TRUE,FALSE
1,702,0.597259900874244,TRUE,TRUE,TRUE,FALSE
1,703,0.59843472278567,TRUE,TRUE,TRUE,FALSE
1,704,0.596041024002373,TRUE,TRUE,TRUE,FALSE
1,705,0.594497757118447,TRUE,TRUE,TRUE,FALSE
1,706,0.59627984257281,TRUE,TRUE,TRUE,FALSE
1,707,0.604421390652021,TRUE,TRUE,TRUE,FALSE
1,708,0.597061801754339,TRUE,TRUE,TRUE,FALSE
1,709,0.599048366651748,TRUE,TRUE,TRUE,FALSE
1,710,0.606589530648231,TRUE,TRUE,TRUE,FALSE
1,711,0.599670084580425,TRUE,TRUE,TRUE,FALSE
1,712,0.59903378879441,TRUE,TRUE,TRUE,FALSE
1,713,0.604956176337884,TRUE,TRUE,TRUE,FALSE
1,714,0.606292142989895,TRUE,TRUE,TRUE,FALSE
1,715,0.593901397495817,TRUE,TRUE,TRUE,FALSE
1,716,0.599944620575915,TRUE,TRUE,TRUE,FALSE
1,717,0.604062501228491,TRUE,TRUE,TRUE,FALSE
1,718,0.604011266296289,TRUE,TRUE,TRUE,FALSE
1,719,0.610686304580605,FALSE,TRUE,TRUE,FALSE
1,720,0.594698760339246,TRUE,TRUE,TRUE,FALSE
1,721,0.595763735558503,TRUE,TRUE,TRUE,FALSE
1,722,0.60054707709849,TRUE,TRUE,TRUE,FALSE
1,723,0.60302757507613,TRUE,TRUE,TRUE,FALSE
1,724,0.595186187652565,TRUE,TRUE,TRUE,FALSE
1,725,0.595839343523402,TRUE,TRUE,TRUE,FALSE
1,726,0.606819209059768,TRUE,TRUE,TRUE,FALSE
1,727,0.603943353060462,TRUE,TRUE,TRUE,FALSE
1,728,0.592091350455751,TRUE,TRUE,TRUE,FALSE
1,729,0.606594453920998,TRUE,TRUE,TRUE,FALSE
1,730,0.603411541919353,TRUE,TRUE,TRUE,FALSE
1,731,0.601971987742828,TRUE,TRUE,TRUE,FALSE
1,732,0.598798868892137,TRUE,TRUE,TRUE,FALSE
1,733,0.599454136053955,TRUE,TRUE,TRUE,FALSE
1,734,0.602450589216782,TRUE,TRUE,TRUE,FALSE
1,735,0.602085165519632,TRUE,TRUE,TRUE,FALSE
1,736,0.600488466650848,TRUE,TRUE,TRUE,FALSE
1,737,0.602674687986814,TRUE,TRUE,TRUE,FALSE
1,738,0.593132209805472,TRUE,TRUE,TRUE,FALSE
1,739,0.595103900767495,TRUE,TRUE,TRUE,FALSE
1,740,0.606134464473454,TRUE,TRUE,TRUE,FALSE
1,741,0.603004246156887,TRUE,TRUE,TRUE,TRUE
1,742,0.595682939907606,TRUE,TRUE,TRUE,FALSE
1,743,0.603764886962813,TRUE,TRUE,TRUE,FALSE
1,744,0.593404023297728,TRUE,TRUE,TRUE,FALSE
1,745,0.597571640711543,TRUE,TRUE,TRUE,FALSE
1,746,0.598179027582688,TRUE,TRUE,TRUE,FALSE
1,747,0.604751753926781,TRUE,TRUE,TRUE,FALSE
1,748,0.596486536846578,TRUE,TRUE,TRUE,FALSE
1,749,0.602142535787134,TRUE,TRUE,TRUE,FALSE
1,750,0.598437979412474,TRUE,TRUE,TRUE,FALSE
1,751,0.599593689871108,TRUE,TRUE,TRUE,FALSE
1,752,0.598952184591371,TRUE,TRUE,TRUE,FALSE
1,753,0.599202560660244,TRUE,TRUE,TRUE,FALSE
1,754,0.603534348208126,TRUE,TRUE,TRUE,FALSE
1,755,0.604948071255569,TRUE,TRUE,TRUE,FALSE
1,756,0.601227402757127,TRUE,TRUE,TRUE,FALSE
1,757,0.599017218661745,TRUE,TRUE,TRUE,FALSE
1,758,0.600997202447505,TRUE,TRUE,TRUE,FALSE
1,759,0.600878525765513,TRUE,TRUE,TRUE,FALSE
1,760,0.605240464269601,TRUE,TRUE,TRUE,FALSE
1,761,0.594752308600672,TRUE,TRUE,TRUE,FALSE
1,762,0.602413121536754,TRUE,TRUE,TRUE,FALSE
1,763,0.594368899400639,TRUE,TRUE,TRUE,FALSE
1,764,0.595607651157401,TRUE,TRUE,TRUE,FALSE
1,765,0.599001642650439,TRUE,TRUE,TRUE,FALSE
1,766,0.602218708858417,TRUE,TRUE,TRUE,FALSE
1,767,0.599715078398826,TRUE,TRUE,TRUE,FALSE
1,768,0.604784218017536,TRUE,TRUE,TRUE,FALSE
1,769,0.601756284176324,TRUE,TRUE,TRUE,FALSE
1,770,0.601612140727721,TRUE,TRUE,TRUE,FALSE
1,771,0.601659221605492,TRUE,TRUE,TRUE,FALSE
1,772,0.597017821985009,TRUE,TRUE,TRUE,FALSE
1,773,0.602309783047621,TRUE,TRUE,TRUE,FALSE
1,774,0.600468668003604,TRUE,TRUE,TRUE,FALSE
1,775,0.598199678629058,TRUE,TRUE,TRUE,FALSE
1,776,0.60445767217881,TRUE,TRUE,TRUE,FALSE
1,777,0.594968275030446,TRUE,TRUE,TRUE,FALSE
1,778,0.593676427868228,TRUE,TRUE,TRUE,FALSE
1,779,0.600815882753159,TRUE,TRUE,TRUE,FALSE
1,780,0.598968555522758,TRUE,TRUE,TRUE,FALSE
1,781,0.60177851920489,TRUE,TRUE,TRUE,FALSE
1,782,0.601583620604302,TRUE,TRUE,TRUE,FALSE
1,783,0.599224272382803,TRUE,TRUE,TRUE,FALSE
1,784,0.600571946292597,TRUE,TRUE,TRUE,FALSE
1,785,0.607556604749882,TRUE,TRUE,TRUE,FALSE
1,786,0.599198735746243,TRUE,TRUE,TRUE,FALSE
1,787,0.604469583531368,TRUE,TRUE,TRUE,FALSE
1,788,0.591672295986068,TRUE,TRUE,TRUE,FALSE
1,789,0.602201677794303,TRUE,TRUE,TRUE,FALSE
1,790,0.596910785305561,TRUE,TRUE,TRUE,FALSE
1,791,0.608521832355648,FALSE,TRUE,TRUE,FALSE
1,792,0.5939600157262,TRUE,TRUE,TRUE,FALSE
1,793,0.601798790135785,TRUE,TRUE,TRUE,FALSE
1,794,0.598668996086602,TRUE,TRUE,TRUE,FALSE
1,795,0.60180614802557,TRUE,TRUE,TRUE,FALSE
1,796,0.60176387502436,TRUE,TRUE,TRUE,FALSE
1,797,0.603133734336985,TRUE,TRUE,TRUE,FALSE
1,798,0.60374793686498,TRUE,TRUE,TRUE,FALSE
1,799,0.601347176740518,TRUE,TRUE,TRUE,FALSE
1,800,0.59860270021601,TRUE,TRUE,TRUE,FALSE
1,801,0.60619485157787,TRUE,TRUE,TRUE,FALSE
1,802,0.601898720290506,TRUE,TRUE,TRUE,FALSE
1,803,0.605001189921285,TRUE,TRUE,TRUE,FALSE
1,804,0.593676950226381,TRUE,TRUE,TRUE,FALSE
1,805,0.593163364462568,TRUE,TRUE,TRUE,FALSE
1,806,0.602120126151004,TRUE,TRUE,TRUE,FALSE
1,807,0.600107953706805,TRUE,TRUE,TRUE,FALSE
1,808,0.601189567494786,TRUE,TRUE,TRUE,FALSE
1,809,0.601934315142492,TRUE,TRUE,TRUE,FALSE
1,810,0.604272782677983,TRUE,TRUE,TRUE,FALSE
1,811,0.600525479595266,TRUE,TRUE,TRUE,FALSE
1,812,0.601633790078269,TRUE,TRUE,TRUE,FALSE
1,813,0.596353553542967,TRUE,TRUE,TRUE,FALSE
1,814,0.597954380260641,TRUE,TRUE,TRUE,FALSE
1,815,0.60378789350305,TRUE,TRUE,TRUE,FALSE
1,816,0.604261076678239,TRUE,TRUE,TRUE,FALSE
1,817,0.599613831409475,TRUE,TRUE,TRUE,FALSE
1,818,0.599889855802113,TRUE,TRUE,TRUE,FALSE
1,819,0.590441533436282,FALSE,TRUE,TRUE,FALSE
1,820,0.605222849657397,TRUE,TRUE,TRUE,FALSE
1,821,0.596097493082291,TRUE,TRUE,TRUE,FALSE
1,822,0.592541079638857,TRUE,TRUE,TRUE,FALSE
1,823,0.596532018829068,TRUE,TRUE,TRUE,FALSE
1,824,0.600199615375697,TRUE,TRUE,TRUE,FALSE
1,825,0.594724948104062,TRUE,TRUE,TRUE,FALSE
1,826,0.604182151934192,TRUE,TRUE,TRUE,FALSE
1,827,0.599069138257217,TRUE,TRUE,TRUE,FALSE
1,828,0.598948018114541,TRUE,TRUE,TRUE,FALSE
1,829,0.600179229759543,TRUE,TRUE,TRUE,FALSE
1,830,0.598732781677268,TRUE,TRUE,TRUE,FALSE
1,831,0.604710974950965,TRUE,TRUE,TRUE,FALSE
1,832,0.603321469968717,TRUE,TRUE,TRUE,FALSE
1,833,0.598837245146606,TRUE,TRUE,TRUE,FALSE
1,834,0.599053905497052,TRUE,TRUE,TRUE,FALSE
1,835,0.597932343586538,TRUE,TRUE,TRUE,FALSE
1,836,0.601370842593945,TRUE,TRUE,TRUE,FALSE
1,837,0.59575102171768,TRUE,TRUE,TRUE,FALSE
1,838,0.593568486600622,TRUE,TRUE,TRUE,FALSE
1,839,0.601752942188071,TRUE,TRUE,TRUE,FALSE
1,840,0.599974992013885,TRUE,TRUE,TRUE,FALSE
1,841,0.601547216929414,TRUE,TRUE,TRUE,FALSE
1,842,0.602775474989954,TRUE,TRUE,TRUE,FALSE
1,843,0.606603509395927,TRUE,TRUE,TRUE,FALSE
1,844,0.597400176976211,TRUE,TRUE,TRUE,FALSE
1,845,0.598306508263654,TRUE,TRUE,TRUE,FALSE
1,846,0.596576902784629,TRUE,TRUE,TRUE,FALSE
1,847,0.60669513108128,TRUE,TRUE,TRUE,FALSE
1,848,0.593984375486558,TRUE,TRUE,TRUE,FALSE
1,849,0.59980092348532,TRUE,TRUE,TRUE,FALSE
1,850,0.598926780713435,TRUE,TRUE,TRUE,FALSE
1,851,0.595837968018985,TRUE,TRUE,TRUE,FALSE
1,852,0.594443779783053,TRUE,TRUE,TRUE,FALSE
1,853,0.596497168933443,TRUE,TRUE,TRUE,FALSE
1,854,0.599249252401505,TRUE,TRUE,TRUE,FALSE
1,855,0.598818966825015,TRUE,TRUE,TRUE,FALSE
1,856,0.599257266106323,TRUE,TRUE,TRUE,FALSE
1,857,0.607690038111562,TRUE,TRUE,TRUE,FALSE
1,858,0.59484317689844,TRUE,TRUE,TRUE,FALSE
1,859,0.597112151427565,TRUE,TRUE,TRUE,FALSE
1,860,0.607600390480132,FALSE,TRUE,TRUE,FALSE
1,861,0.606317489305638,TRUE,TRUE,TRUE,FALSE
1,862,0.600315831464849,TRUE,TRUE,TRUE,FALSE
1,863,0.595450373880706,TRUE,TRUE,TRUE,FALSE
1,864,0.59952402106677,TRUE,TRUE,TRUE,FALSE
1,865,0.602033275884887,TRUE,TRUE,TRUE,FALSE
1,866,0.595287876912271,TRUE,TRUE,TRUE,FALSE
1,867,0.60585809951376,TRUE,TRUE,TRUE,FALSE
1,868,0.598149384455496,TRUE,TRUE,TRUE,FALSE
1,869,0.60433409626834,TRUE,TRUE,TRUE,FALSE
1,870,0.597147639034712,TRUE,TRUE,TRUE,FALSE
1,871,0.594964420149865,TRUE,TRUE,TRUE,FALSE
1,872,0.601800748448418,TRUE,TRUE,TRUE,FALSE
1,873,0.598549826595967,TRUE,TRUE,TRUE,FALSE
1,874,0.59681756085646,TRUE,TRUE,TRUE,FALSE
1,875,0.603604531531441,TRUE,TRUE,TRUE,FALSE
1,876,0.598826002931988,TRUE,TRUE,TRUE,FALSE
1,877,0.602167683549955,TRUE,TRUE,TRUE,FALSE
1,878,0.594853035537771,TRUE,TRUE,TRUE,FALSE
1,879,0.597011676063919,TRUE,TRUE,TRUE,FALSE
1,880,0.594550761882933,TRUE,TRUE,TRUE,FALSE
1,881,0.602746353613367,TRUE,TRUE,TRUE,FALSE
1,882,0.601373669396295,TRUE,TRUE,TRUE,FALSE
1,883,0.587998293849399,FALSE,TRUE,TRUE,FALSE
1,884,0.597710157033649,TRUE,TRUE,TRUE,FALSE
1,885,0.598250085119882,TRUE,TRUE,TRUE,FALSE
1,886,0.597133684843811,TRUE,TRUE,TRUE,FALSE
1,887,0.599405100596419,TRUE,TRUE,TRUE,FALSE
1,888,0.598224753920812,TRUE,TRUE,TRUE,FALSE
1,889,0.608517984433841,TRUE,TRUE,TRUE,FALSE
1,890,0.593865899379454,TRUE,TRUE,TRUE,FALSE
1,891,0.59390513569787,TRUE,TRUE,TRUE,FALSE
1,892,0.598520953011596,TRUE,TRUE,TRUE,FALSE
1,893,0.596363757628223,TRUE,TRUE,TRUE,FALSE
1,894,0.587985734161671,FALSE,TRUE,TRUE,FALSE
1,895,0.598421920309446,TRUE,TRUE,TRUE,TRUE
1,896,0.593786313057229,TRUE,TRUE,TRUE,FALSE
1,897,0.599035669442192,TRUE,TRUE,TRUE,FALSE
1,898,0.59452672341317,TRUE,TRUE,TRUE,FALSE
1,899,0.601252406937412,TRUE,TRUE,TRUE,FALSE
1,900,0.604555167589009,TRUE,TRUE,TRUE,FALSE
1,901,0.601017570240615,TRUE,TRUE,TRUE,FALSE
1,902,0.604523241770903,TRUE,TRUE,TRUE,FALSE
1,903,0.59704121486178,TRUE,TRUE,TRUE,FALSE
1,904,0.597473773529152,TRUE,TRUE,TRUE,FALSE
1,905,0.599220094763866,TRUE,TRUE,TRUE,FALSE
1,906,0.604935740840841,TRUE,TRUE,TRUE,FALSE
1,907,0.599789950883542,TRUE,TRUE,TRUE,FALSE
1,908,0.598195675968602,TRUE,TRUE,TRUE,FALSE
1,909,0.594328880705053,TRUE,TRUE,TRUE,FALSE
1,910,0.597575885484364,TRUE,TRUE,TRUE,FALSE
1,911,0.598987763995131,TRUE,TRUE,TRUE,FALSE
1,912,0.598936062439858,TRUE,TRUE,TRUE,FALSE
1,913,0.592254686666266,TRUE,TRUE,TRUE,FALSE
1,914,0.604126640424144,TRUE,TRUE,TRUE,FALSE
1,915,0.601448946520252,TRUE,TRUE,TRUE,FALSE
1,916,0.598833844331441,TRUE,TRUE,TRUE,FALSE
1,917,0.592818493439401,TRUE,TRUE,TRUE,FALSE
1,918,0.599263798329148,TRUE,TRUE,TRUE,FALSE
1,919,0.602717256743759,TRUE,TRUE,TRUE,FALSE
1,920,0.601995458669989,TRUE,TRUE,TRUE,FALSE
1,921,0.602838662039034,TRUE,TRUE,TRUE,FALSE
1,922,0.601040410302116,TRUE,TRUE,TRUE,FALSE
1,923,0.596357231860167,TRUE,TRUE,TRUE,FALSE
1,924,0.607166056758822,TRUE,TRUE,TRUE,FALSE
1,925,0.597697494322862,TRUE,TRUE,TRUE,FALSE
1,926,0.598671763735335,TRUE,TRUE,TRUE,FALSE
1,927,0.599368142583129,TRUE,TRUE,TRUE,FALSE
1,928,0.611224392883046,FALSE,TRUE,TRUE,FALSE
1,929,0.603104758080053,TRUE,TRUE,TRUE,FALSE
1,930,0.597195345319534,TRUE,TRUE,TRUE,FALSE
1,931,0.599712692151185,TRUE,TRUE,TRUE,FALSE
1,932,0.596273862599549,TRUE,TRUE,TRUE,FALSE
1,933,0.60289998135052,TRUE,TRUE,TRUE,FALSE
1,934,0.598402097099197,TRUE,TRUE,TRUE,FALSE
1,935,0.601082641538989,TRUE,TRUE,TRUE,FALSE
1,936,0.604006150753394,TRUE,TRUE,TRUE,FALSE
1,937,0.594862089155968,TRUE,TRUE,TRUE,FALSE
1,938,0.593690419120116,TRUE,TRUE,TRUE,FALSE
1,939,0.599906115771217,TRUE,TRUE,TRUE,FALSE
1,940,0.608405896405252,FALSE,TRUE,TRUE,FALSE
1,941,0.606162792672556,TRUE,TRUE,TRUE,FALSE
1,942,0.597320360597507,TRUE,TRUE,TRUE,FALSE
1,943,0.604501004388057,TRUE,TRUE,TRUE,FALSE
1,944,0.599311017739267,TRUE,TRUE,TRUE,FALSE
1,945,0.603642792445479,TRUE,TRUE,TRUE,FALSE
1,946,0.603032270030756,TRUE,TRUE,TRUE,FALSE
1,947,0.59903825518113,TRUE,TRUE,TRUE,FALSE
1,948,0.601499280640197,TRUE,TRUE,TRUE,FALSE
1,949,0.597912261123534,TRUE,TRUE,TRUE,FALSE
1,950,0.608661064132186,TRUE,TRUE,TRUE,FALSE
1,951,0.595683400407518,TRUE,TRUE,TRUE,FALSE
1,952,0.602062728393345,TRUE,TRUE,TRUE,FALSE
1,953,0.591061173315887,FALSE,TRUE,TRUE,FALSE
1,954,0.603365373574656,TRUE,TRUE,TRUE,FALSE
1,955,0.600315977594477,TRUE,TRUE,TRUE,FALSE
1,956,0.599770239338868,TRUE,TRUE,TRUE,FALSE
1,957,0.598437184766636,TRUE,TRUE,TRUE,FALSE
1,958,0.597740111890024,TRUE,TRUE,TRUE,FALSE
1,959,0.599499390947289,TRUE,TRUE,TRUE,FALSE
1,960,0.601903271125799,TRUE,TRUE,TRUE,FALSE
1,961,0.599611461778618,TRUE,TRUE,TRUE,FALSE
1,962,0.603637982501091,TRUE,TRUE,TRUE,FALSE
1,963,0.599153162938117,TRUE,TRUE,TRUE,FALSE
1,964,0.594452259894153,TRUE,TRUE,TRUE,FALSE
1,965,0.607087943321741,TRUE,TRUE,TRUE,FALSE
1,966,0.597893959903367,TRUE,TRUE,TRUE,FALSE
1,967,0.602400013298113,TRUE,TRUE,TRUE,FALSE
1,968,0.600699652150661,TRUE,TRUE,TRUE,FALSE
1,969,0.592729976205518,TRUE,TRUE,TRUE,FALSE
1,970,0.603846992979806,TRUE,TRUE,TRUE,FALSE
1,971,0.60401154761915,TRUE,TRUE,TRUE,FALSE
1,972,0.600216520920861,TRUE,TRUE,TRUE,FALSE
1,973,0.594891095042597,TRUE,TRUE,TRUE,FALSE
1,974,0.605057053370584,TRUE,TRUE,TRUE,FALSE
1,975,0.599392923646038,TRUE,TRUE,TRUE,FALSE
1,976,0.597641463993356,TRUE,TRUE,TRUE,FALSE
1,977,0.604278551659019,TRUE,TRUE,TRUE,FALSE
1,978,0.606414200676022,TRUE,TRUE,TRUE,FALSE
1,979,0.594587130061143,TRUE,TRUE,TRUE,FALSE
1,980,0.603298003992636,TRUE,TRUE,TRUE,FALSE
1,981,0.607040085923599,TRUE,TRUE,TRUE,FALSE
1,982,0.598658145059636,TRUE,TRUE,TRUE,FALSE
1,983,0.601118186655207,TRUE,TRUE,TRUE,FALSE
1,984,0.600832590125838,TRUE,TRUE,TRUE,FALSE
1,985,0.59903825139088,TRUE,TRUE,TRUE,FALSE
1,986,0.602011843211474,TRUE,TRUE,TRUE,FALSE
1,987,0.598474714849496,TRUE,TRUE,TRUE,FALSE
1,988,0.593422943977474,TRUE,TRUE,TRUE,FALSE
1,989,0.602844122562284,TRUE,TRUE,TRUE,FALSE
1,990,0.603566274825545,TRUE,TRUE,TRUE,FALSE
1,991,0.604462826957254,TRUE,TRUE,TRUE,FALSE
1,992,0.598618690500245,TRUE,TRUE,TRUE,FALSE
1,993,0.602413496563992,TRUE,TRUE,TRUE,FALSE
1,994,0.592430596087295,TRUE,TRUE,TRUE,FALSE
1,995,0.597796316645335,TRUE,TRUE,TRUE,FALSE
1,996,0.606352984239875,TRUE,TRUE,TRUE,FALSE
1,997,0.600832433497264,TRUE,TRUE,TRUE,FALSE
1,998,0.588057378452594,FALSE,TRUE,TRUE,FALSE
1,999,0.596952866869962,TRUE,TRUE,TRUE,FALSE
1,1000,0.592105269295385,TRUE,TRUE,TRUE,FALSE
2,1,0.803779406315222,TRUE,TRUE,TRUE,FALSE
2,2,0.800757056935949,TRUE,TRUE,TRUE,FALSE
2,3,0.803930152858117,TRUE,TRUE,TRUE,FALSE
2,4,0.793645219734113,TRUE,TRUE,TRUE,FALSE
2,5,0.794926017961254,TRUE,TRUE,TRUE,FALSE
2,6,0.804171619399122,TRUE,TRUE,TRUE,FALSE
2,7,0.795275435322554,TRUE,TRUE,TRUE,FALSE
2,8,0.80783520492308,TRUE,TRUE,TRUE,FALSE
2,9,0.799283636018135,TRUE,TRUE,TRUE,FALSE
2,10,0.797438537117222,TRUE,TRUE,TRUE,FALSE
2,11,0.798997781241131,TRUE,TRUE,TRUE,FALSE
2,12,0.804280791241971,TRUE,TRUE,TRUE,FALSE
2,13,0.80082344083258,TRUE,TRUE,TRUE,FALSE
2,14,0.793214516618197,TRUE,TRUE,TRUE,FALSE
2,15,0.802282594938309,TRUE,TRUE,TRUE,FALSE
2,16,0.792516233805569,TRUE,TRUE,TRUE,FALSE
2,17,0.801285619609637,TRUE,TRUE,TRUE,FALSE
2,18,0.801188496403646,TRUE,TRUE,TRUE,FALSE
2,19,0.795236594228719,TRUE,TRUE,TRUE,FALSE
2,20,0.795734927290802,TRUE,TRUE,TRUE,FALSE
2,21,0.800234210463969,TRUE,TRUE,TRUE,FALSE
2,22,0.79805828454086,TRUE,TRUE,TRUE,FALSE
2,23,0.790417258437299,TRUE,TRUE,TRUE,FALSE
2,24,0.801870547355269,TRUE,TRUE,TRUE,FALSE
2,25,0.794843229988236,TRUE,TRUE,TRUE,FALSE
2,26,0.804249681293205,TRUE,TRUE,TRUE,FALSE
2,27,0.797303015254055,TRUE,TRUE,TRUE,FALSE
2,28,0.790294838191053,FALSE,TRUE,TRUE,FALSE
2,29,0.796874468269194,TRUE,TRUE,TRUE,FALSE
2,30,0.800667459731063,TRUE,TRUE,TRUE,FALSE
2,31,0.803165093365307,TRUE,TRUE,TRUE,FALSE
2,32,0.792243166810409,TRUE,TRUE,TRUE,FALSE
2,33,0.798287212584228,TRUE,TRUE,TRUE,FALSE
2,34,0.803788260460638,TRUE,TRUE,TRUE,FALSE
2,35,0.795426326156206,TRUE,TRUE,TRUE,FALSE
2,36,0.796252759503393,TRUE,TRUE,TRUE,FALSE
2,37,0.804283305014326,TRUE,TRUE,TRUE,FALSE
2,38,0.801317743938823,TRUE,TRUE,TRUE,FALSE
2,39,0.802213381606856,TRUE,TRUE,TRUE,FALSE
2,40,0.803072118163534,TRUE,TRUE,TRUE,FALSE
2,41,0.804466789060796,TRUE,TRUE,TRUE,FALSE
2,42,0.802166988444333,TRUE,TRUE,TRUE,FALSE
2,43,0.805787985047988,TRUE,TRUE,TRUE,FALSE
2,44,0.811160866235212,FALSE,TRUE,TRUE,FALSE
2,45,0.802710432669272,TRUE,TRUE,TRUE,FALSE
2,46,0.798305127269606,TRUE,TRUE,TRUE,FALSE
2,47,0.801660041638096,TRUE,TRUE,TRUE,FALSE
2,48,0.798600515280187,TRUE,TRUE,TRUE,FALSE
2,49,0.796216510143286,TRUE,TRUE,TRUE,FALSE
2,50,0.805400939566822,TRUE,TRUE,TRUE,FALSE
2,51,0.795484903858078,TRUE,TRUE,TRUE,FALSE
2,52,0.795780751382555,TRUE,TRUE,TRUE,FALSE
2,53,0.798926370580498,TRUE,TRUE,TRUE,FALSE
2,54,0.795038248503482,TRUE,TRUE,TRUE,FALSE
2,55,0.801392215845945,TRUE,TRUE,TRUE,FALSE
2,56,0.801447443293354,TRUE,TRUE,TRUE,TRUE
2,57,0.792634211349324,TRUE,TRUE,TRUE,FALSE
2,58,0.804542659895093,TRUE,TRUE,TRUE,FALSE
2,59,0.798381102914042,TRUE,TRUE,TRUE,FALSE
2,60,0.798893500343304,TRUE,TRUE,TRUE,FALSE
2,61,0.798031794304191,TRUE,TRUE,TRUE,FALSE
2,62,0.808209092578691,TRUE,TRUE,TRUE,FALSE
2,63,0.802616616455778,TRUE,TRUE,TRUE,FALSE
2,64,0.804829363527571,TRUE,TRUE,TRUE,FALSE
2,65,0.801445935966756,TRUE,TRUE,TRUE,FALSE
2,66,0.796417541592535,TRUE,TRUE,TRUE,FALSE
2,67,0.804450912273963,TRUE,TRUE,TRUE,FALSE
2,68,0.798747010261259,TRUE,TRUE,TRUE,FALSE
2,69,0.8008692281606,TRUE,TRUE,TRUE,FALSE
2,70,0.796630958219587,TRUE,TRUE,TRUE,FALSE
2,71,0.793253176056826,TRUE,TRUE,TRUE,FALSE
2,72,0.798880211713926,TRUE,TRUE,TRUE,FALSE
2,73,0.810950183162279,FALSE,TRUE,TRUE,FALSE
2,74,0.795973669219426,TRUE,TRUE,TRUE,FALSE
2,75,0.803697685724601,TRUE,TRUE,TRUE,FALSE
2,76,0.797172783963278,TRUE,TRUE,TRUE,FALSE
2,77,0.799989658712178,TRUE,TRUE,TRUE,FALSE
2,78,0.805134327359983,TRUE,TRUE,TRUE,FALSE
2,79,0.808339170466793,TRUE,TRUE,TRUE,FALSE
2,80,0.79233171096081,TRUE,TRUE,TRUE,FALSE
2,81,0.799143978314705,TRUE,TRUE,TRUE,FALSE
2,82,0.805510039591728,TRUE,TRUE,TRUE,FALSE
2,83,0.795322493229789,TRUE,TRUE,TRUE,FALSE
2,84,0.803548669844296,TRUE,TRUE,TRUE,FALSE
2,85,0.809488347611041,FALSE,TRUE,TRUE,FALSE
2,86,0.796012745601331,TRUE,TRUE,TRUE,FALSE
2,87,0.795283504716295,TRUE,TRUE,TRUE,FALSE
2,88,0.804380392149662,TRUE,TRUE,TRUE,FALSE
2,89,0.798429861954474,TRUE,TRUE,TRUE,FALSE
2,90,0.793305588792371,TRUE,TRUE,TRUE,FALSE
2,91,0.804613907258975,TRUE,TRUE,TRUE,FALSE
2,92,0.799541961784384,TRUE,TRUE,TRUE,FALSE
2,93,0.798622007339813,TRUE,TRUE,TRUE,FALSE
2,94,0.795317032517371,TRUE,TRUE,TRUE,FALSE
2,95,0.805292482139907,TRUE,TRUE,TRUE,FALSE
2,96,0.804516738414628,TRUE,TRUE,TRUE,FALSE
2,97,0.805568845367854,TRUE,TRUE,TRUE,FALSE
2,98,0.795372882244315,TRUE,TRUE,TRUE,FALSE
2,99,0.794720136442005,TRUE,TRUE,TRUE,FALSE
2,100,0.794074859951174,TRUE,TRUE,TRUE,FALSE
2,101,0.80246546792889,TRUE,TRUE,TRUE,FALSE
2,102,0.799713945246021,TRUE,TRUE,TRUE,FALSE
2,103,0.800370540490324,TRUE,TRUE,TRUE,FALSE
2,104,0.799454520051716,TRUE,TRUE,TRUE,FALSE
2,105,0.795514155722562,TRUE,TRUE,TRUE,FALSE
2,106,0.799340309419755,TRUE,TRUE,TRUE,FALSE
2,107,0.79558861851655,TRUE,TRUE,TRUE,FALSE
2,108,0.80311448267772,TRUE,TRUE,TRUE,FALSE
2,109,0.801023575082368,TRUE,TRUE,TRUE,FALSE
2,110,0.798737799508396,TRUE,TRUE,TRUE,FALSE
2,111,0.805712999337182,TRUE,TRUE,TRUE,FALSE
2,112,0.792155725413798,TRUE,TRUE,TRUE,FALSE
2,113,0.796510358233393,TRUE,TRUE,TRUE,FALSE
2,114,0.794830501255699,TRUE,TRUE,TRUE,FALSE
2,115,0.796148502602997,TRUE,TRUE,TRUE,FALSE
2,116,0.797440441093689,TRUE,TRUE,TRUE,FALSE
2,117,0.802115625513748,TRUE,TRUE,TRUE,FALSE
2,118,0.80339139383257,TRUE,TRUE,TRUE,FALSE
2,119,0.801122410704707,TRUE,TRUE,TRUE,FALSE
2,120,0.798266728328947,TRUE,TRUE,TRUE,FALSE
2,121,0.801048551595723,TRUE,TRUE,TRUE,FALSE
2,122,0.798957407462334,TRUE,TRUE,TRUE,FALSE
2,123,0.803685211247469,TRUE,TRUE,TRUE,FALSE
2,124,0.808891144256599,FALSE,TRUE,TRUE,FALSE
2,125,0.807030388137366,TRUE,TRUE,TRUE,FALSE
2,126,0.807874188399248,FALSE,TRUE,TRUE,FALSE
2,127,0.803175195112321,TRUE,TRUE,TRUE,FALSE
2,128,0.801108774784638,TRUE,TRUE,TRUE,FALSE
2,129,0.80471337568851,TRUE,TRUE,TRUE,FALSE
2,130,0.796854579860513,TRUE,TRUE,TRUE,FALSE
2,131,0.801406942898228,TRUE,TRUE,TRUE,FALSE
2,132,0.798789207231963,TRUE,TRUE,TRUE,FALSE
2,133,0.809534043618918,TRUE,TRUE,TRUE,FALSE
2,134,0.793909715684604,TRUE,TRUE,TRUE,FALSE
2,135,0.810469765269725,FALSE,TRUE,TRUE,FALSE
2,136,0.802092089803321,TRUE,TRUE,TRUE,FALSE
2,137,0.798363643309277,TRUE,TRUE,TRUE,FALSE
2,138,0.794679350860687,TRUE,TRUE,TRUE,FALSE
2,139,0.799822720093913,TRUE,TRUE,TRUE,FALSE
2,140,0.802914177839348,TRUE,TRUE,TRUE,FALSE
2,141,0.793898251380987,TRUE,TRUE,TRUE,FALSE
2,142,0.801731390584229,TRUE,TRUE,TRUE,FALSE
2,143,0.806593035311608,TRUE,TRUE,TRUE,FALSE
2,144,0.805491375814822,TRUE,TRUE,TRUE,FALSE
2,145,0.801688965916739,TRUE,TRUE,TRUE,FALSE
2,146,0.798793416369042,TRUE,TRUE,TRUE,FALSE
2,147,0.802697344895943,TRUE,TRUE,TRUE,FALSE
2,148,0.79440833314568,TRUE,TRUE,TRUE,FALSE
2,149,0.804804243213525,TRUE,TRUE,TRUE,FALSE
2,150,0.810436508313536,FALSE,TRUE,TRUE,FALSE
2,151,0.802247165191005,TRUE,TRUE,TRUE,FALSE
2,152,0.795612431571265,TRUE,TRUE,TRUE,FALSE
2,153,0.799442312874145,TRUE,TRUE,TRUE,FALSE
2,154,0.801023037866673,TRUE,TRUE,TRUE,FALSE
2,155,0.809700249149386,FALSE,TRUE,TRUE,FALSE
2,156,0.800080128033638,TRUE,TRUE,TRUE,FALSE
2,157,0.795856967483817,TRUE,TRUE,TRUE,FALSE
2,158,0.798933459350249,TRUE,TRUE,TRUE,FALSE
2,159,0.797200939836447,TRUE,TRUE,TRUE,FALSE
2,160,0.801891206565977,TRUE,TRUE,TRUE,FALSE
2,161,0.798146959395229,TRUE,TRUE,TRUE,FALSE
2,162,0.792719912910448,TRUE,TRUE,TRUE,FALSE
2,163,0.801552043475707,TRUE,TRUE,TRUE,FALSE
2,164,0.795411823551933,TRUE,TRUE,TRUE,FALSE
2,165,0.797575699092821,TRUE,TRUE,TRUE,FALSE
2,166,0.797025933769444,TRUE,TRUE,TRUE,FALSE
2,167,0.800183678093702,TRUE,TRUE,TRUE,FALSE
2,168,0.804595291446059,TRUE,TRUE,TRUE,FALSE
2,169,0.801900626735714,TRUE,TRUE,TRUE,FALSE
2,170,0.796332363617337,TRUE,TRUE,TRUE,FALSE
2,171,0.799961576561538,TRUE,TRUE,TRUE,FALSE
2,172,0.805341198922105,TRUE,TRUE,TRUE,FALSE
2,173,0.805003246678288,TRUE,TRUE,TRUE,FALSE
2,174,0.799724711091967,TRUE,TRUE,TRUE,FALSE
2,175,0.801763846184188,TRUE,TRUE,TRUE,FALSE
2,176,0.800991296007569,TRUE,TRUE,TRUE,FALSE
2,177,0.797121283002276,TRUE,TRUE,TRUE,FALSE
2,178,0.799501736593228,TRUE,TRUE,TRUE,FALSE
2,179,0.793747091145098,TRUE,TRUE,TRUE,FALSE
2,180,0.800720043319614,TRUE,TRUE,TRUE,FALSE
2,181,0.806520243634425,TRUE,TRUE,TRUE,FALSE
2,182,0.800585190292283,TRUE,TRUE,TRUE,FALSE
2,183,0.796255885540592,TRUE,TRUE,TRUE,FALSE
2,184,0.801864125835224,TRUE,TRUE,TRUE,FALSE
2,185,0.796008914434909,TRUE,TRUE,TRUE,FALSE
2,186,0.794333263573304,TRUE,TRUE,TRUE,FALSE
2,187,0.801510352657628,TRUE,TRUE,TRUE,FALSE
2,188,0.802487652069193,TRUE,TRUE,TRUE,FALSE
2,189,0.799353852489224,TRUE,TRUE,TRUE,FALSE
2,190,0.800937720138047,TRUE,TRUE,TRUE,FALSE
2,191,0.801729902737084,TRUE,TRUE,TRUE,FALSE
2,192,0.799874912803132,TRUE,TRUE,TRUE,FALSE
2,193,0.79391661730001,TRUE,TRUE,TRUE,FALSE
2,194,0.801540283334849,TRUE,TRUE,TRUE,FALSE
2,195,0.795465686464133,TRUE,TRUE,TRUE,FALSE
2,196,0.797217889500594,TRUE,TRUE,TRUE,FALSE
2,197,0.798393145520996,TRUE,TRUE,TRUE,FALSE
2,198,0.799630792134366,TRUE,TRUE,TRUE,FALSE
2,199,0.797256519873035,TRUE,TRUE,TRUE,FALSE
2,200,0.80466594911461,TRUE,TRUE,TRUE,FALSE
2,201,0.793092389656514,TRUE,TRUE,TRUE,FALSE
2,202,0.803203444158639,TRUE,TRUE,TRUE,FALSE
2,203,0.788837201881867,FALSE,TRUE,TRUE,FALSE
2,204,0.800242363235525,TRUE,TRUE,TRUE,FALSE
2,205,0.807972005755173,TRUE,TRUE,TRUE,FALSE
2,206,0.802716800958779,TRUE,TRUE,TRUE,FALSE
2,207,0.803191292142458,TRUE,TRUE,TRUE,FALSE
2,208,0.798691814433313,TRUE,TRUE,TRUE,FALSE
2,209,0.790384972715962,FALSE,TRUE,TRUE,FALSE
2,210,0.797945816454072,TRUE,TRUE,TRUE,FALSE
2,211,0.798581159432921,TRUE,TRUE,TRUE,FALSE
2,212,0.797913751529078,TRUE,TRUE,TRUE,FALSE
2,213,0.801101081148388,TRUE,TRUE,TRUE,FALSE
2,214,0.796457223407048,TRUE,TRUE,TRUE,FALSE
2,215,0.801555069918925,TRUE,TRUE,TRUE,FALSE
2,216,0.800914960969794,TRUE,TRUE,TRUE,FALSE
2,217,0.803789927609793,TRUE,TRUE,TRUE,FALSE
2,218,0.802007367157398,TRUE,TRUE,TRUE,FALSE
2,219,0.798469053099023,TRUE,TRUE,TRUE,FALSE
2,220,0.794738733032367,TRUE,TRUE,TRUE,FALSE
2,221,0.798164992704051,TRUE,TRUE,TRUE,FALSE
2,222,0.799899827046418,TRUE,TRUE,TRUE,FALSE
2,223,0.802296821097432,TRUE,TRUE,TRUE,FALSE
2,224,0.797457070282043,TRUE,TRUE,TRUE,FALSE
2,225,0.798288014308643,TRUE,TRUE,TRUE,FALSE
2,226,0.794103786691204,TRUE,TRUE,TRUE,FALSE
2,227,0.807458917078818,TRUE,TRUE,TRUE,FALSE
2,228,0.802674467855083,TRUE,TRUE,TRUE,TRUE
2,229,0.802516426314882,TRUE,TRUE,TRUE,FALSE
2,230,0.804023337278228,TRUE,TRUE,TRUE,FALSE
2,231,0.808077046363366,TRUE,TRUE,TRUE,FALSE
2,232,0.794855675554726,TRUE,TRUE,TRUE,FALSE
2,233,0.795351147968687,TRUE,TRUE,TRUE,FALSE
2,234,0.794171679113971,TRUE,TRUE,TRUE,FALSE
2,235,0.796642994751982,TRUE,TRUE,TRUE,FALSE
2,236,0.802590149975461,TRUE,TRUE,TRUE,FALSE
2,237,0.806008123862389,TRUE,TRUE,TRUE,FALSE
2,238,0.797145079695605,TRUE,TRUE,TRUE,FALSE
2,239,0.800272382041449,TRUE,TRUE,TRUE,FALSE
2,240,0.797234097464533,TRUE,TRUE,TRUE,FALSE
2,241,0.8079319974751,FALSE,TRUE,TRUE,FALSE
2,242,0.796461240573519,TRUE,TRUE,TRUE,FALSE
2,243,0.798042771745865,TRUE,TRUE,TRUE,FALSE
2,244,0.792363280971261,TRUE,TRUE,TRUE,TRUE
2,245,0.795549362396239,TRUE,TRUE,TRUE,FALSE
2,246,0.803033159060642,TRUE,TRUE,TRUE,FALSE
2,247,0.795601263418194,TRUE,TRUE,TRUE,FALSE
2,248,0.803154919695434,TRUE,TRUE,TRUE,FALSE
2,249,0.79570939279122,TRUE,TRUE,TRUE,FALSE
2,250,0.796928032147769,TRUE,TRUE,TRUE,FALSE
2,251,0.798865500567834,TRUE,TRUE,TRUE,FALSE
2,252,0.795647382609543,TRUE,TRUE,TRUE,FALSE
2,253,0.80375465606733,TRUE,TRUE,TRUE,FALSE
2,254,0.803064069108326,TRUE,TRUE,TRUE,FALSE
2,255,0.799964754792996,TRUE,TRUE,TRUE,FALSE
2,256,0.79588356479937,TRUE,TRUE,TRUE,FALSE
2,257,0.799137539921727,TRUE,TRUE,TRUE,FALSE
2,258,0.803518737898966,TRUE,TRUE,TRUE,FALSE
2,259,0.805557342512422,TRUE,TRUE,TRUE,FALSE
2,260,0.80244185137921,TRUE,TRUE,TRUE,FALSE
2,261,0.804216767134307,TRUE,TRUE,TRUE,FALSE
2,262,0.801313946864137,TRUE,TRUE,TRUE,FALSE
2,263,0.797102774052862,TRUE,TRUE,TRUE,FALSE
2,264,0.798951052880277,TRUE,TRUE,TRUE,FALSE
2,265,0.798979895010256,TRUE,TRUE,TRUE,FALSE
2,266,0.79964198898103,TRUE,TRUE,TRUE,FALSE
2,267,0.807042499124714,TRUE,TRUE,TRUE,FALSE
2,268,0.801832661478392,TRUE,TRUE,TRUE,FALSE
2,269,0.799035143500344,TRUE,TRUE,TRUE,FALSE
2,270,0.797307101192955,TRUE,TRUE,TRUE,FALSE
2,271,0.796918971110291,TRUE,TRUE,TRUE,FALSE
2,272,0.801899832818897,TRUE,TRUE,TRUE,FALSE
2,273,0.800773820584547,TRUE,TRUE,TRUE,FALSE
2,274,0.79874702712127,TRUE,TRUE,TRUE,FALSE
2,275,0.792164846697989,TRUE,TRUE,TRUE,FALSE
2,276,0.80158475389202,TRUE,TRUE,TRUE,FALSE
2,277,0.800780740224457,TRUE,TRUE,TRUE,FALSE
2,278,0.802067712338072,TRUE,TRUE,TRUE,FALSE
2,279,0.798564956792606,TRUE,TRUE,TRUE,FALSE
2,280,0.803042725158116,TRUE,TRUE,TRUE,FALSE
2,281,0.793643954031665,TRUE,TRUE,TRUE,FALSE
2,282,0.808362421016215,TRUE,TRUE,TRUE,FALSE
2,283,0.801550135576287,TRUE,TRUE,TRUE,FALSE
2,284,0.801103984002954,TRUE,TRUE,TRUE,FALSE
2,285,0.802229229271994,TRUE,TRUE,TRUE,FALSE
2,286,0.797859716788679,TRUE,TRUE,TRUE,FALSE
2,287,0.792653922418852,TRUE,TRUE,TRUE,FALSE
2,288,0.80324463097295,TRUE,TRUE,TRUE,FALSE
2,289,0.804740011597932,TRUE,TRUE,TRUE,FALSE
2,290,0.79871130388637,TRUE,TRUE,TRUE,FALSE
2,291,0.803479905577375,TRUE,TRUE,TRUE,FALSE
2,292,0.79551485215622,TRUE,TRUE,TRUE,FALSE
2,293,0.799873277699572,TRUE,TRUE,TRUE,FALSE
2,294,0.794646375440207,TRUE,TRUE,TRUE,FALSE
2,295,0.798403871196331,TRUE,TRUE,TRUE,FALSE
2,296,0.809435681669976,FALSE,TRUE,TRUE,FALSE
2,297,0.791925613265182,TRUE,TRUE,TRUE,FALSE
2,298,0.800977508609751,TRUE,TRUE,TRUE,FALSE
2,299,0.799120043098684,TRUE,TRUE,TRUE,FALSE
2,300,0.808404948863629,TRUE,TRUE,TRUE,FALSE
2,301,0.79666208511427,TRUE,TRUE,TRUE,FALSE
2,302,0.795149631445087,TRUE,TRUE,TRUE,FALSE
2,303,0.796805212326696,TRUE,TRUE,TRUE,FALSE
2,304,0.800933579016293,TRUE,TRUE,TRUE,FALSE
2,305,0.803592281201774,TRUE,TRUE,TRUE,FALSE
2,306,0.796756640737212,TRUE,TRUE,TRUE,FALSE
2,307,0.807292733817256,TRUE,TRUE,TRUE,FALSE
2,308,0.796316548308385,TRUE,TRUE,TRUE,FALSE
2,309,0.796860143035409,TRUE,TRUE,TRUE,FALSE
2,310,0.801736271467777,TRUE,TRUE,TRUE,FALSE
2,311,0.800301010967864,TRUE,TRUE,TRUE,FALSE
2,312,0.795196435948267,TRUE,TRUE,TRUE,FALSE
2,313,0.800812497080037,TRUE,TRUE,TRUE,FALSE
2,314,0.792875706721147,TRUE,TRUE,TRUE,FALSE
2,315,0.800997490825927,TRUE,TRUE,TRUE,FALSE
2,316,0.79981214284491,TRUE,TRUE,TRUE,FALSE
2,317,0.796749427107226,TRUE,TRUE,TRUE,FALSE
2,318,0.789600377858126,FALSE,TRUE,TRUE,FALSE
2,319,0.797188355095121,TRUE,TRUE,TRUE,FALSE
2,320,0.797746623863835,TRUE,TRUE,TRUE,FALSE
2,321,0.801139613487342,TRUE,TRUE,TRUE,FALSE
2,322,0.796146000660621,TRUE,TRUE,TRUE,FALSE
2,323,0.79683858406578,TRUE,TRUE,TRUE,FALSE
2,324,0.797591678910481,TRUE,TRUE,TRUE,FALSE
2,325,0.797239065058118,TRUE,TRUE,TRUE,FALSE
2,326,0.797247533121352,TRUE,TRUE,TRUE,FALSE
2,327,0.798158987159364,TRUE,TRUE,TRUE,FALSE
2,328,0.800057488704387,TRUE,TRUE,TRUE,FALSE
2,329,0.802708777183552,TRUE,TRUE,TRUE,FALSE
2,330,0.805427985280503,TRUE,TRUE,TRUE,FALSE
2,331,0.80209389968279,TRUE,TRUE,TRUE,FALSE
2,332,0.787157530752928,FALSE,TRUE,TRUE,FALSE
2,333,0.797624341434055,TRUE,TRUE,TRUE,FALSE
2,334,0.797637950983691,TRUE,TRUE,TRUE,FALSE
2,335,0.794933501162304,TRUE,TRUE,TRUE,FALSE
2,336,0.803098167961966,TRUE,TRUE,TRUE,FALSE
2,337,0.800416873725668,TRUE,TRUE,TRUE,FALSE
2,338,0.804231390505841,TRUE,TRUE,TRUE,FALSE
2,339,0.804114704563275,TRUE,TRUE,TRUE,FALSE
2,340,0.797602133623241,TRUE,TRUE,TRUE,FALSE
2,341,0.804005244465473,TRUE,TRUE,TRUE,FALSE
2,342,0.800036634755695,TRUE,TRUE,TRUE,FALSE
2,343,0.807517052686171,TRUE,TRUE,TRUE,FALSE
2,344,0.801879448859201,TRUE,TRUE,TRUE,FALSE
2,345,0.80808256287171,TRUE,TRUE,TRUE,FALSE
2,346,0.806625948070434,TRUE,TRUE,TRUE,FALSE
2,347,0.79969143639675,TRUE,TRUE,TRUE,FALSE
2,348,0.800193787860129,TRUE,TRUE,TRUE,FALSE
2,349,0.803976301756706,TRUE,TRUE,TRUE,FALSE
2,350,0.798398327062965,TRUE,TRUE,TRUE,FALSE
2,351,0.799138678881407,TRUE,TRUE,TRUE,FALSE
2,352,0.802337001775126,TRUE,TRUE,TRUE,FALSE
2,353,0.799221414147797,TRUE,TRUE,TRUE,FALSE
2,354,0.80189232958463,TRUE,TRUE,TRUE,FALSE
2,355,0.79831807015237,TRUE,TRUE,TRUE,FALSE
2,356,0.806754374972831,TRUE,TRUE,TRUE,FALSE
2,357,0.804226670623398,TRUE,TRUE,TRUE,FALSE
2,358,0.799540255262678,TRUE,TRUE,TRUE,FALSE
2,359,0.798799883480378,TRUE,TRUE,TRUE,FALSE
2,360,0.792954039277307,TRUE,TRUE,TRUE,FALSE
2,361,0.79160149697042,TRUE,TRUE,TRUE,FALSE
2,362,0.802226500057715,TRUE,TRUE,TRUE,FALSE
2,363,0.797818161678248,TRUE,TRUE,TRUE,FALSE
2,364,0.796935431194011,TRUE,TRUE,TRUE,FALSE
2,365,0.797544980285985,TRUE,TRUE,TRUE,FALSE
2,366,0.798115950075332,TRUE,TRUE,TRUE,FALSE
2,367,0.803251249317076,TRUE,TRUE,TRUE,FALSE
2,368,0.799783639993446,TRUE,TRUE,TRUE,FALSE
2,369,0.803629653933505,TRUE,TRUE,TRUE,FALSE
2,370,0.810393545220745,FALSE,TRUE,TRUE,FALSE
2,371,0.795173918380293,TRUE,TRUE,TRUE,FALSE
2,372,0.798510214563328,TRUE,TRUE,TRUE,FALSE
2,373,0.798443933171936,TRUE,TRUE,TRUE,FALSE
2,374,0.798827513854624,TRUE,TRUE,TRUE,FALSE
2,375,0.802845052961393,TRUE,TRUE,TRUE,FALSE
2,376,0.799596450820207,TRUE,TRUE,TRUE,FALSE
2,377,0.804340844580199,TRUE,TRUE,TRUE,FALSE
2,378,0.801452559798277,TRUE,TRUE,TRUE,FALSE
2,379,0.801303190192894,TRUE,TRUE,TRUE,FALSE
2,380,0.803697312798168,TRUE,TRUE,TRUE,FALSE
2,381,0.797553784732737,TRUE,TRUE,TRUE,FALSE
2,382,0.795789641376162,TRUE,TRUE,TRUE,FALSE
2,383,0.796919716281122,TRUE,TRUE,TRUE,FALSE
2,384,0.792820552839012,TRUE,TRUE,TRUE,FALSE
2,385,0.79834387935961,TRUE,TRUE,TRUE,FALSE
2,386,0.806168400308078,TRUE,TRUE,TRUE,FALSE
2,387,0.800630941385905,TRUE,TRUE,TRUE,FALSE
2,388,0.803774954340293,TRUE,TRUE,TRUE,FALSE
2,389,0.795744040445436,TRUE,TRUE,TRUE,FALSE
2,390,0.793142290447504,TRUE,TRUE,TRUE,FALSE
2,391,0.797117228273351,TRUE,TRUE,TRUE,FALSE
2,392,0.799005853316803,TRUE,TRUE,TRUE,FALSE
2,393,0.799892622767543,TRUE,TRUE,TRUE,FALSE
2,394,0.80053790735783,TRUE,TRUE,TRUE,FALSE
2,395,0.79619711360316,TRUE,TRUE,TRUE,FALSE
2,396,0.794283333111973,TRUE,TRUE,TRUE,FALSE
2,397,0.799882333380628,TRUE,TRUE,TRUE,FALSE
2,398,0.79042811754551,FALSE,TRUE,TRUE,FALSE
2,399,0.798794964791777,TRUE,TRUE,TRUE,FALSE
2,400,0.803628459132306,TRUE,TRUE,TRUE,FALSE
2,401,0.799365326056146,TRUE,TRUE,TRUE,FALSE
2,402,0.7940409868123,TRUE,TRUE,TRUE,FALSE
2,403,0.793050508426748,TRUE,TRUE,TRUE,FALSE
2,404,0.794896017432331,TRUE,TRUE,TRUE,FALSE
2,405,0.795331223051593,TRUE,TRUE,TRUE,FALSE
2,406,0.804050100475287,TRUE,TRUE,TRUE,FALSE
2,407,0.800650903903564,TRUE,TRUE,TRUE,FALSE
2,408,0.797396823698939,TRUE,TRUE,TRUE,FALSE
2,409,0.79135239478814,TRUE,TRUE,TRUE,FALSE
2,410,0.796425160614488,TRUE,TRUE,TRUE,FALSE
2,411,0.794321321266457,TRUE,TRUE,TRUE,FALSE
2,412,0.802271248955384,TRUE,TRUE,TRUE,FALSE
2,413,0.797018067039824,TRUE,TRUE,TRUE,FALSE
2,414,0.801978283890135,TRUE,TRUE,TRUE,FALSE
2,415,0.805538601599501,TRUE,TRUE,TRUE,FALSE
2,416,0.792912268932589,TRUE,TRUE,TRUE,FALSE
2,417,0.806221674865396,TRUE,TRUE,TRUE,FALSE
2,418,0.797531248574695,TRUE,TRUE,TRUE,FALSE
2,419,0.799089346395071,TRUE,TRUE,TRUE,FALSE
2,420,0.797977086593236,TRUE,TRUE,TRUE,FALSE
2,421,0.799327500339631,TRUE,TRUE,TRUE,FALSE
2,422,0.798209175251206,TRUE,TRUE,TRUE,FALSE
2,423,0.797259631000643,TRUE,TRUE,TRUE,FALSE
2,424,0.803126274946291,TRUE,TRUE,TRUE,FALSE
2,425,0.803015644600036,TRUE,TRUE,TRUE,FALSE
2,426,0.796877410962154,TRUE,TRUE,TRUE,FALSE
2,427,0.803892185976222,TRUE,TRUE,TRUE,FALSE
2,428,0.800218631647058,TRUE,TRUE,TRUE,FALSE
2,429,0.808215377274164,TRUE,TRUE,TRUE,FALSE
2,430,0.79953372729567,TRUE,TRUE,TRUE,FALSE
2,431,0.805633131366108,TRUE,TRUE,TRUE,FALSE
2,432,0.804213280714794,TRUE,TRUE,TRUE,FALSE
2,433,0.798545931808711,TRUE,TRUE,TRUE,FALSE
2,434,0.794614381180683,TRUE,TRUE,TRUE,FALSE
2,435,0.802327920009499,TRUE,TRUE,TRUE,FALSE
2,436,0.803358374108414,TRUE,TRUE,TRUE,FALSE
2,437,0.798308536411261,TRUE,TRUE,TRUE,FALSE
2,438,0.805351415022142,TRUE,TRUE,TRUE,FALSE
2,439,0.796552490640849,TRUE,TRUE,TRUE,FALSE
2,440,0.796562464394247,TRUE,TRUE,TRUE,FALSE
2,441,0.800721012657325,TRUE,TRUE,TRUE,FALSE
2,442,0.792244510154552,TRUE,TRUE,TRUE,FALSE
2,443,0.799039241685063,TRUE,TRUE,TRUE,FALSE
2,444,0.795676258764033,TRUE,TRUE,TRUE,FALSE
2,445,0.797162796023436,TRUE,TRUE,TRUE,FALSE
2,446,0.804571278897402,TRUE,TRUE,TRUE,FALSE
2,447,0.80316322305715,TRUE,TRUE,TRUE,FALSE
2,448,0.799288698241657,TRUE,TRUE,TRUE,FALSE
2,449,0.801150693285588,TRUE,TRUE,TRUE,FALSE
2,450,0.798548400823009,TRUE,TRUE,TRUE,FALSE
2,451,0.800305806885952,TRUE,TRUE,TRUE,FALSE
2,452,0.793789192749967,TRUE,TRUE,TRUE,FALSE
2,453,0.794538023189426,TRUE,TRUE,TRUE,FALSE
2,454,0.799701245965107,TRUE,TRUE,TRUE,FALSE
2,455,0.795988100427438,TRUE,TRUE,TRUE,FALSE
2,456,0.802052129777784,TRUE,TRUE,TRUE,FALSE
2,457,0.789772432038788,FALSE,TRUE,TRUE,FALSE
2,458,0.800961448327392,TRUE,TRUE,TRUE,FALSE
2,459,0.79656287213123,TRUE,TRUE,TRUE,FALSE
2,460,0.804696953725644,TRUE,TRUE,TRUE,FALSE
2,461,0.800295607295932,TRUE,TRUE,TRUE,FALSE
2,462,0.797650721875281,TRUE,TRUE,TRUE,FALSE
2,463,0.800673524810357,TRUE,TRUE,TRUE,FALSE
2,464,0.81066402734655,FALSE,TRUE,TRUE,FALSE
2,465,0.801649173122828,TRUE,TRUE,TRUE,FALSE
2,466,0.798708898714404,TRUE,TRUE,TRUE,FALSE
2,467,0.797182093475474,TRUE,TRUE,TRUE,FALSE
2,468,0.799598919396346,TRUE,TRUE,TRUE,FALSE
2,469,0.803609087157585,TRUE,TRUE,TRUE,FALSE
2,470,0.801090517877439,TRUE,TRUE,TRUE,FALSE
2,471,0.79514479241859,TRUE,TRUE,TRUE,FALSE
2,472,0.800199073003887,TRUE,TRUE,TRUE,FALSE
2,473,0.797214011104736,TRUE,TRUE,TRUE,FALSE
2,474,0.802174952654725,TRUE,TRUE,TRUE,FALSE
2,475,0.803038989867959,TRUE,TRUE,TRUE,FALSE
2,476,0.802602102016306,TRUE,TRUE,TRUE,FALSE
2,477,0.7939079425345,TRUE,TRUE,TRUE,FALSE
2,478,0.804701333982577,TRUE,TRUE,TRUE,FALSE
2,479,0.798233333356887,TRUE,TRUE,TRUE,FALSE
2,480,0.802864723063948,TRUE,TRUE,TRUE,TRUE
2,481,0.79931584463895,TRUE,TRUE,TRUE,FALSE
2,482,0.809791931456854,FALSE,TRUE,TRUE,FALSE
2,483,0.795040140228368,TRUE,TRUE,TRUE,FALSE
2,484,0.800265094817701,TRUE,TRUE,TRUE,FALSE
2,485,0.797644952579143,TRUE,TRUE,TRUE,FALSE
2,486,0.795692249218962,TRUE,TRUE,TRUE,FALSE
2,487,0.803601818185066,TRUE,TRUE,TRUE,FALSE
2,488,0.79450349708234,TRUE,TRUE,TRUE,FALSE
2,489,0.80350092519815,TRUE,TRUE,TRUE,FALSE
2,490,0.802640146763216,TRUE,TRUE,TRUE,FALSE
2,491,0.804345317179457,TRUE,TRUE,TRUE,FALSE
2,492,0.799245583197098,TRUE,TRUE,TRUE,FALSE
2,493,0.79380301126908,TRUE,TRUE,TRUE,FALSE
2,494,0.800279848395513,TRUE,TRUE,TRUE,FALSE
2,495,0.796093983165435,TRUE,TRUE,TRUE,FALSE
2,496,0.797753471975489,TRUE,TRUE,TRUE,TRUE
2,497,0.805376404696923,TRUE,TRUE,TRUE,FALSE
2,498,0.801912434882019,TRUE,TRUE,TRUE,FALSE
2,499,0.796598344285663,TRUE,TRUE,TRUE,FALSE
2,500,0.797441939678922,TRUE,TRUE,TRUE,FALSE
2,501,0.805310913592618,TRUE,TRUE,TRUE,FALSE
2,502,0.801471406403805,TRUE,TRUE,TRUE,FALSE
2,503,0.798149533921403,TRUE,TRUE,TRUE,FALSE
2,504,0.80152126495343,TRUE,TRUE,TRUE,FALSE
2,505,0.801961748539508,TRUE,TRUE,TRUE,FALSE
2,506,0.802411146493008,TRUE,TRUE,TRUE,FALSE
2,507,0.798573471416366,TRUE,TRUE,TRUE,FALSE
2,508,0.799234453932737,TRUE,TRUE,TRUE,FALSE
2,509,0.802871673169341,TRUE,TRUE,TRUE,FALSE
2,510,0.799089111255121,TRUE,TRUE,TRUE,FALSE
2,511,0.79877835172777,TRUE,TRUE,TRUE,FALSE
2,512,0.800636749142341,TRUE,TRUE,TRUE,FALSE
2,513,0.799908944282501,TRUE,TRUE,TRUE,FALSE
2,514,0.811249938542459,FALSE,TRUE,TRUE,FALSE
2,515,0.800709462272843,TRUE,TRUE,TRUE,FALSE
2,516,0.794468865435956,TRUE,TRUE,TRUE,FALSE
2,517,0.801591643226339,TRUE,TRUE,TRUE,FALSE
2,518,0.798155513710126,TRUE,TRUE,TRUE,FALSE
2,519,0.795502509205449,TRUE,TRUE,TRUE,FALSE
2,520,0.804784364114347,TRUE,TRUE,TRUE,FALSE
2,521,0.797519799739042,TRUE,TRUE,TRUE,FALSE
2,522,0.80050158058299,TRUE,TRUE,TRUE,FALSE
2,523,0.790306037518617,FALSE,TRUE,TRUE,FALSE
2,524,0.802642148665604,TRUE,TRUE,TRUE,FALSE
2,525,0.795190883772226,TRUE,TRUE,TRUE,FALSE
2,526,0.802885654310543,TRUE,TRUE,TRUE,FALSE
2,527,0.811974197835428,FALSE,TRUE,TRUE,FALSE
2,528,0.799209875362102,TRUE,TRUE,TRUE,FALSE
2,529,0.802673332277882,TRUE,TRUE,TRUE,FALSE
2,530,0.800924625638549,TRUE,TRUE,TRUE,FALSE
2,531,0.80124907449045,TRUE,TRUE,TRUE,FALSE
2,532,0.798710687774122,TRUE,TRUE,TRUE,FALSE
2,533,0.797869295391805,TRUE,TRUE,TRUE,FALSE
2,534,0.80556747724409,TRUE,TRUE,TRUE,FALSE
2,535,0.803228752979704,TRUE,TRUE,TRUE,TRUE
2,536,0.802013734533162,TRUE,TRUE,TRUE,FALSE
2,537,0.798555708277965,TRUE,TRUE,TRUE,FALSE
2,538,0.801861974086537,TRUE,TRUE,TRUE,FALSE
2,539,0.802195457434897,TRUE,TRUE,TRUE,FALSE
2,540,0.798035570945819,TRUE,TRUE,TRUE,FALSE
2,541,0.803872830354739,TRUE,TRUE,TRUE,FALSE
2,542,0.800874736184178,TRUE,TRUE,TRUE,FALSE
2,543,0.796579824295774,TRUE,TRUE,TRUE,FALSE
2,544,0.806669903760595,TRUE,TRUE,TRUE,FALSE
2,545,0.805580977445864,TRUE,TRUE,TRUE,FALSE
2,546,0.797593289654786,TRUE,TRUE,TRUE,FALSE
2,547,0.791777535676308,TRUE,TRUE,TRUE,FALSE
2,548,0.792261029191817,TRUE,TRUE,TRUE,FALSE
2,549,0.791462233501954,FALSE,TRUE,TRUE,FALSE
2,550,0.794954452242526,TRUE,TRUE,TRUE,FALSE
2,551,0.805664569651641,TRUE,TRUE,TRUE,FALSE
2,552,0.802642253865631,TRUE,TRUE,TRUE,FALSE
2,553,0.808066508924112,TRUE,TRUE,TRUE,FALSE
2,554,0.805888068330999,TRUE,TRUE,TRUE,FALSE
2,555,0.805160441093341,TRUE,TRUE,TRUE,FALSE
2,556,0.796517587177745,TRUE,TRUE,TRUE,FALSE
2,557,0.795768697272156,TRUE,TRUE,TRUE,FALSE
2,558,0.797113829933686,TRUE,TRUE,TRUE,FALSE
2,559,0.801586389512502,TRUE,TRUE,TRUE,FALSE
2,560,0.792556457088053,TRUE,TRUE,TRUE,FALSE
2,561,0.79599995233221,TRUE,TRUE,TRUE,FALSE
2,562,0.800226243915835,TRUE,TRUE,TRUE,FALSE
2,563,0.793575387150238,TRUE,TRUE,TRUE,FALSE
2,564,0.797875582355267,TRUE,TRUE,TRUE,FALSE
2,565,0.793683136638686,TRUE,TRUE,TRUE,FALSE
2,566,0.806358308255209,TRUE,TRUE,TRUE,FALSE
2,567,0.799483839160571,TRUE,TRUE,TRUE,FALSE
2,568,0.806728377875037,TRUE,TRUE,TRUE,FALSE
2,569,0.803745419403071,TRUE,TRUE,TRUE,FALSE
2,570,0.802719634048872,TRUE,TRUE,TRUE,FALSE
2,571,0.806836350111125,TRUE,TRUE,TRUE,FALSE
2,572,0.800768039762992,TRUE,TRUE,TRUE,FALSE
2,573,0.804625573125182,TRUE,TRUE,TRUE,FALSE
2,574,0.79537202321367,TRUE,TRUE,TRUE,FALSE
2,575,0.806393870511862,TRUE,TRUE,TRUE,FALSE
2,576,0.793448016306715,TRUE,TRUE,TRUE,FALSE
2,577,0.801380531865039,TRUE,TRUE,TRUE,FALSE
2,578,0.797429559820525,TRUE,TRUE,TRUE,FALSE
2,579,0.800492209653463,TRUE,TRUE,TRUE,FALSE
2,580,0.799050969925267,TRUE,TRUE,TRUE,FALSE
2,581,0.796400717394592,TRUE,TRUE,TRUE,FALSE
2,582,0.799372901461414,TRUE,TRUE,TRUE,FALSE
2,583,0.797201763206114,TRUE,TRUE,TRUE,FALSE
2,584,0.797585177694484,TRUE,TRUE,TRUE,FALSE
2,585,0.802539404759167,TRUE,TRUE,TRUE,FALSE
2,586,0.794207823968482,TRUE,TRUE,TRUE,FALSE
2,587,0.806957500524294,TRUE,TRUE,TRUE,FALSE
2,588,0.798660257770641,TRUE,TRUE,TRUE,FALSE
2,589,0.805165140872776,TRUE,TRUE,TRUE,FALSE
2,590,0.796757843673314,TRUE,TRUE,TRUE,FALSE
2,591,0.806099759699526,TRUE,TRUE,TRUE,FALSE
2,592,0.796764291803708,TRUE,TRUE,TRUE,FALSE
2,593,0.805232323328678,TRUE,TRUE,TRUE,FALSE
2,594,0.813570483265156,FALSE,TRUE,TRUE,FALSE
2,595,0.795538865249683,TRUE,TRUE,TRUE,FALSE
2,596,0.799555662369634,TRUE,TRUE,TRUE,FALSE
2,597,0.80578767780877,TRUE,TRUE,TRUE,FALSE
2,598,0.801939024159628,TRUE,TRUE,TRUE,FALSE
2,599,0.795697014878223,TRUE,TRUE,TRUE,FALSE
2,600,0.802109242635517,TRUE,TRUE,TRUE,FALSE
2,601,0.798171402119521,TRUE,TRUE,TRUE,FALSE
2,602,0.80019188178509,TRUE,TRUE,TRUE,FALSE
2,603,0.794891438410919,TRUE,TRUE,TRUE,FALSE
2,604,0.80872814637664,FALSE,TRUE,TRUE,FALSE
2,605,0.796835855392084,TRUE,TRUE,TRUE,FALSE
2,606,0.79587010827392,TRUE,TRUE,TRUE,FALSE
2,607,0.796688203643893,TRUE,TRUE,TRUE,FALSE
2,608,0.79964877659544,TRUE,TRUE,TRUE,FALSE
2,609,0.802128064895719,TRUE,TRUE,TRUE,FALSE
2,610,0.803597633645989,TRUE,TRUE,TRUE,FALSE
2,611,0.80054615456032,TRUE,TRUE,TRUE,FALSE
2,612,0.804705524939361,TRUE,TRUE,TRUE,FALSE
2,613,0.798188369864609,TRUE,TRUE,TRUE,FALSE
2,614,0.795879518123111,TRUE,TRUE,TRUE,FALSE
2,615,0.797190959178498,TRUE,TRUE,TRUE,FALSE
2,616,0.794573530281431,TRUE,TRUE,TRUE,FALSE
2,617,0.796553002211948,TRUE,TRUE,TRUE,FALSE
2,618,0.800895910011075,TRUE,TRUE,TRUE,FALSE
2,619,0.808989727073788,FALSE,TRUE,TRUE,FALSE
2,620,0.799422988612109,TRUE,TRUE,TRUE,FALSE
2,621,0.800998680314187,TRUE,TRUE,TRUE,FALSE
2,622,0.790367765154302,FALSE,TRUE,TRUE,FALSE
2,623,0.800810113046263,TRUE,TRUE,TRUE,FALSE
2,624,0.805949808977326,TRUE,TRUE,TRUE,FALSE
2,625,0.795892143945396,TRUE,TRUE,TRUE,FALSE
2,626,0.797833616441399,TRUE,TRUE,TRUE,FALSE
2,627,0.80706583127032,TRUE,TRUE,TRUE,FALSE
2,628,0.800527383615604,TRUE,TRUE,TRUE,FALSE
2,629,0.803556209592616,TRUE,TRUE,TRUE,FALSE
2,630,0.794435167732303,TRUE,TRUE,TRUE,FALSE
2,631,0.801080212069269,TRUE,TRUE,TRUE,FALSE
2,632,0.80139196086492,TRUE,TRUE,TRUE,FALSE
2,633,0.798961168491233,TRUE,TRUE,TRUE,FALSE
2,634,0.80058358724491,TRUE,TRUE,TRUE,FALSE
2,635,0.803607595150301,TRUE,TRUE,TRUE,FALSE
2,636,0.792858437228532,TRUE,TRUE,TRUE,FALSE
2,637,0.798674737413989,TRUE,TRUE,TRUE,FALSE
2,638,0.799815312485858,TRUE,TRUE,TRUE,FALSE
2,639,0.797735598771593,TRUE,TRUE,TRUE,FALSE
2,640,0.807685043782983,FALSE,TRUE,TRUE,FALSE
2,641,0.801039857624337,TRUE,TRUE,TRUE,FALSE
2,642,0.803616545939503,TRUE,TRUE,TRUE,FALSE
2,643,0.799156933097733,TRUE,TRUE,TRUE,FALSE
2,644,0.807152221327876,TRUE,TRUE,TRUE,FALSE
2,645,0.803134391587778,TRUE,TRUE,TRUE,FALSE
2,646,0.804133020829539,TRUE,TRUE,TRUE,FALSE
2,647,0.794289239651935,TRUE,TRUE,TRUE,FALSE
2,648,0.800581532699774,TRUE,TRUE,TRUE,FALSE
2,649,0.802169097730216,TRUE,TRUE,TRUE,FALSE
2,650,0.794533393525466,TRUE,TRUE,TRUE,FALSE
2,651,0.800046327657226,TRUE,TRUE,TRUE,FALSE
2,652,0.803816045480964,TRUE,TRUE,TRUE,FALSE
2,653,0.802866175688208,TRUE,TRUE,TRUE,FALSE
2,654,0.801503613564442,TRUE,TRUE,TRUE,FALSE
2,655,0.795476315815728,TRUE,TRUE,TRUE,FALSE
2,656,0.799312745175782,TRUE,TRUE,TRUE,FALSE
2,657,0.802098203775332,TRUE,TRUE,TRUE,FALSE
2,658,0.800220117175908,TRUE,TRUE,TRUE,FALSE
2,659,0.805281405735527,TRUE,TRUE,TRUE,FALSE
2,660,0.797526315624389,TRUE,TRUE,TRUE,FALSE
2,661,0.797934847863711,TRUE,TRUE,TRUE,FALSE
2,662,0.798536033328126,TRUE,TRUE,TRUE,FALSE
2,663,0.798223288263235,TRUE,TRUE,TRUE,FALSE
2,664,0.79784543179555,TRUE,TRUE,TRUE,FALSE
2,665,0.801404326565014,TRUE,TRUE,TRUE,FALSE
2,666,0.79715917311075,TRUE,TRUE,TRUE,FALSE
2,667,0.799516853142961,TRUE,TRUE,TRUE,FALSE
2,668,0.80188492627637,TRUE,TRUE,TRUE,FALSE
2,669,0.794865424756628,TRUE,TRUE,TRUE,FALSE
2,670,0.79642515365378,TRUE,TRUE,TRUE,FALSE
2,671,0.799136777920599,TRUE,TRUE,TRUE,FALSE
2,672,0.80084521306423,TRUE,TRUE,TRUE,FALSE
2,673,0.797050030844151,TRUE,TRUE,TRUE,FALSE
2,674,0.793834480072188,TRUE,TRUE,TRUE,FALSE
2,675,0.79221992818227,TRUE,TRUE,TRUE,FALSE
2,676,0.802581494614921,TRUE,TRUE,TRUE,FALSE
2,677,0.800693684895735,TRUE,TRUE,TRUE,FALSE
2,678,0.800130510986739,TRUE,TRUE,TRUE,FALSE
2,679,0.800684062561985,TRUE,TRUE,TRUE,FALSE
2,680,0.801118847386542,TRUE,TRUE,TRUE,FALSE
2,681,0.797085938136708,TRUE,TRUE,TRUE,FALSE
2,682,0.79357151731335,TRUE,TRUE,TRUE,FALSE
2,683,0.800311210698341,TRUE,TRUE,TRUE,FALSE
2,684,0.794229058674938,TRUE,TRUE,TRUE,FALSE
2,685,0.805447979912688,TRUE,TRUE,TRUE,FALSE
2,686,0.799579238396104,TRUE,TRUE,TRUE,FALSE
2,687,0.797301798945513,TRUE,TRUE,TRUE,FALSE
2,688,0.799193148780866,TRUE,TRUE,TRUE,FALSE
2,689,0.79559323740898,TRUE,TRUE,TRUE,FALSE
2,690,0.795849832842926,TRUE,TRUE,TRUE,FALSE
2,691,0.804344145434914,TRUE,TRUE,TRUE,FALSE
2,692,0.802580837898331,TRUE,TRUE,TRUE,FALSE
2,693,0.803780465809876,TRUE,TRUE,TRUE,FALSE
2,694,0.801761908675314,TRUE,TRUE,TRUE,FALSE
2,695,0.799126967116558,TRUE,TRUE,TRUE,FALSE
2,696,0.795445086167397,TRUE,TRUE,TRUE,FALSE
2,697,0.802466512448794,TRUE,TRUE,TRUE,FALSE
2,698,0.795809939077664,TRUE,TRUE,TRUE,FALSE
2,699,0.799410733163168,TRUE,TRUE,TRUE,FALSE
2,700,0.789996184220996,FALSE,TRUE,TRUE,FALSE
2,701,0.808993576042304,TRUE,TRUE,TRUE,FALSE
2,702,0.797798942707788,TRUE,TRUE,TRUE,FALSE
2,703,0.793221300408061,TRUE,TRUE,TRUE,FALSE
2,704,0.804522003389838,TRUE,TRUE,TRUE,FALSE
2,705,0.803312438453788,TRUE,TRUE,TRUE,FALSE
2,706,0.804396142730208,TRUE,TRUE,TRUE,FALSE
2,707,0.795207700989932,TRUE,TRUE,TRUE,FALSE
2,708,0.801970427991661,TRUE,TRUE,TRUE,FALSE
2,709,0.799210163650414,TRUE,TRUE,TRUE,FALSE
2,710,0.79703250361126,TRUE,TRUE,TRUE,FALSE
2,711,0.797589860478206,TRUE,TRUE,TRUE,FALSE
2,712,0.797720435739785,TRUE,TRUE,TRUE,FALSE
2,713,0.798068961702569,TRUE,TRUE,TRUE,FALSE
2,714,0.804235637103446,TRUE,TRUE,TRUE,FALSE
2,715,0.795882551325841,TRUE,TRUE,TRUE,FALSE
2,716,0.794272601613413,TRUE,TRUE,TRUE,FALSE
2,717,0.799947484660351,TRUE,TRUE,TRUE,FALSE
2,718,0.797728313323638,TRUE,TRUE,TRUE,FALSE
2,719,0.801959231971648,TRUE,TRUE,TRUE,FALSE
2,720,0.79957947387031,TRUE,TRUE,TRUE,FALSE
2,721,0.798886571444884,TRUE,TRUE,TRUE,FALSE
2,722,0.801913476824523,TRUE,TRUE,TRUE,FALSE
2,723,0.803671181235848,TRUE,TRUE,TRUE,FALSE
2,724,0.798534987641356,TRUE,TRUE,TRUE,FALSE
2,725,0.791892136246551,TRUE,TRUE,TRUE,FALSE
2,726,0.797413758247678,TRUE,TRUE,TRUE,FALSE
2,727,0.801739790772731,TRUE,TRUE,TRUE,FALSE
2,728,0.797002819875771,TRUE,TRUE,TRUE,FALSE
2,729,0.801698298775402,TRUE,TRUE,TRUE,FALSE
2,730,0.79218639598492,TRUE,TRUE,TRUE,FALSE
2,731,0.798356870968224,TRUE,TRUE,TRUE,FALSE
2,732,0.80278127959272,TRUE,TRUE,TRUE,FALSE
2,733,0.805600910091857,TRUE,TRUE,TRUE,FALSE
2,734,0.796721941836929,TRUE,TRUE,TRUE,FALSE
2,735,0.797696801511589,TRUE,TRUE,TRUE,FALSE
2,736,0.798730487367754,TRUE,TRUE,TRUE,FALSE
2,737,0.804267337465771,TRUE,TRUE,TRUE,FALSE
2,738,0.801662951984795,TRUE,TRUE,TRUE,FALSE
2,739,0.788400795834251,FALSE,TRUE,TRUE,FALSE
2,740,0.802180690158428,TRUE,TRUE,TRUE,FALSE
2,741,0.798798150538227,TRUE,TRUE,TRUE,FALSE
2,742,0.806073039737696,TRUE,TRUE,TRUE,FALSE
2,743,0.797803443217314,TRUE,TRUE,TRUE,FALSE
2,744,0.803839679927745,TRUE,TRUE,TRUE,FALSE
2,745,0.795848497255811,TRUE,TRUE,TRUE,FALSE
2,746,0.805837902345569,TRUE,TRUE,TRUE,FALSE
2,747,0.798520052005771,TRUE,TRUE,TRUE,FALSE
2,748,0.796831751154489,TRUE,TRUE,TRUE,FALSE
2,749,0.802853086864652,TRUE,TRUE,TRUE,FALSE
2,750,0.802535725433862,TRUE,TRUE,TRUE,FALSE
2,751,0.801446902536427,TRUE,TRUE,TRUE,FALSE
2,752,0.799824214303365,TRUE,TRUE,TRUE,FALSE
2,753,0.799722821147387,TRUE,TRUE,TRUE,FALSE
2,754,0.794946054191404,TRUE,TRUE,TRUE,FALSE
2,755,0.808956267538765,TRUE,TRUE,TRUE,FALSE
2,756,0.786916273967677,FALSE,TRUE,TRUE,FALSE
2,757,0.800911714598215,TRUE,TRUE,TRUE,FALSE
2,758,0.806359546556776,TRUE,TRUE,TRUE,FALSE
2,759,0.804975364797569,TRUE,TRUE,TRUE,FALSE
2,760,0.805266458924568,TRUE,TRUE,TRUE,FALSE
2,761,0.792360763750081,TRUE,TRUE,TRUE,FALSE
2,762,0.801313504822405,TRUE,TRUE,TRUE,FALSE
2,763,0.79829943521265,TRUE,TRUE,TRUE,FALSE
2,764,0.797079455332537,TRUE,TRUE,TRUE,FALSE
2,765,0.797447300791198,TRUE,TRUE,TRUE,FALSE
2,766,0.803602667098766,TRUE,TRUE,TRUE,FALSE
2,767,0.80099051757601,TRUE,TRUE,TRUE,FALSE
2,768,0.80497866378973,TRUE,TRUE,TRUE,FALSE
2,769,0.792867491657142,FALSE,TRUE,TRUE,FALSE
2,770,0.799486728169892,TRUE,TRUE,TRUE,FALSE
2,771,0.795550705267655,TRUE,TRUE,TRUE,FALSE
2,772,0.799525392439716,TRUE,TRUE,TRUE,FALSE
2,773,0.806721332695975,TRUE,TRUE,TRUE,FALSE
2,774,0.803558214338348,TRUE,TRUE,TRUE,FALSE
2,775,0.800616943716167,TRUE,TRUE,TRUE,FALSE
2,776,0.801089957217892,TRUE,TRUE,TRUE,FALSE
2,777,0.807499818536809,FALSE,TRUE,TRUE,FALSE
2,778,0.802424298224102,TRUE,TRUE,TRUE,FALSE
2,779,0.797184885427176,TRUE,TRUE,TRUE,FALSE
2,780,0.801077608241169,TRUE,TRUE,TRUE,FALSE
2,781,0.802560139829782,TRUE,TRUE,TRUE,FALSE
2,782,0.799713141465391,TRUE,TRUE,TRUE,FALSE
2,783,0.794721441461204,TRUE,TRUE,TRUE,FALSE
2,784,0.79765562119263,TRUE,TRUE,TRUE,FALSE
2,785,0.803297293373681,TRUE,TRUE,TRUE,FALSE
2,786,0.795524814168452,TRUE,TRUE,TRUE,FALSE
2,787,0.798192010524835,TRUE,TRUE,TRUE,FALSE
2,788,0.793340740473065,TRUE,TRUE,TRUE,FALSE
2,789,0.80232573278804,TRUE,TRUE,TRUE,FALSE
2,790,0.799990758596136,TRUE,TRUE,TRUE,FALSE
2,791,0.80470481166854,TRUE,TRUE,TRUE,FALSE
2,792,0.802739189799386,TRUE,TRUE,TRUE,FALSE
2,793,0.796664023588247,TRUE,TRUE,TRUE,FALSE
2,794,0.797402689998972,TRUE,TRUE,TRUE,FALSE
2,795,0.79910339512243,TRUE,TRUE,TRUE,FALSE
2,796,0.807173217294922,TRUE,TRUE,TRUE,FALSE
2,797,0.805597114583376,TRUE,TRUE,TRUE,FALSE
2,798,0.796079838663662,TRUE,TRUE,TRUE,FALSE
2,799,0.799184053317937,TRUE,TRUE,TRUE,FALSE
2,800,0.79897148885965,TRUE,TRUE,TRUE,FALSE
2,801,0.789906271361638,FALSE,TRUE,TRUE,FALSE
2,802,0.803339879723968,TRUE,TRUE,TRUE,FALSE
2,803,0.799369390366903,TRUE,TRUE,TRUE,FALSE
2,804,0.806065190882226,TRUE,TRUE,TRUE,FALSE
2,805,0.79564056605067,TRUE,TRUE,TRUE,FALSE
2,806,0.799528959137862,TRUE,TRUE,TRUE,FALSE
2,807,0.804839670017649,TRUE,TRUE,TRUE,FALSE
2,808,0.80508976029518,TRUE,TRUE,TRUE,FALSE
2,809,0.806509012673665,TRUE,TRUE,TRUE,FALSE
2,810,0.795402611834306,TRUE,TRUE,TRUE,FALSE
2,811,0.803917511720532,TRUE,TRUE,TRUE,FALSE
2,812,0.802806425107602,TRUE,TRUE,TRUE,FALSE
2,813,0.797064107802213,TRUE,TRUE,TRUE,FALSE
2,814,0.798953097508986,TRUE,TRUE,TRUE,FALSE
2,815,0.804313578842038,TRUE,TRUE,TRUE,FALSE
2,816,0.795915481316025,TRUE,TRUE,TRUE,FALSE
2,817,0.793610569578981,TRUE,TRUE,TRUE,FALSE
2,818,0.795213124833362,TRUE,TRUE,TRUE,FALSE
2,819,0.802102450763242,TRUE,TRUE,TRUE,FALSE
2,820,0.797384746373968,TRUE,TRUE,TRUE,FALSE
2,821,0.798491248286885,TRUE,TRUE,TRUE,FALSE
2,822,0.791267002849692,FALSE,TRUE,TRUE,FALSE
2,823,0.801033476238646,TRUE,TRUE,TRUE,FALSE
2,824,0.812338160974631,FALSE,TRUE,TRUE,FALSE
2,825,0.798308307263182,TRUE,TRUE,TRUE,FALSE
2,826,0.796582616001937,TRUE,TRUE,TRUE,FALSE
2,827,0.796189510315046,TRUE,TRUE,TRUE,FALSE
2,828,0.804946777334158,TRUE,TRUE,TRUE,FALSE
2,829,0.797219058662971,TRUE,TRUE,TRUE,FALSE
2,830,0.800633973095719,TRUE,TRUE,TRUE,FALSE
2,831,0.796961648778429,TRUE,TRUE,TRUE,FALSE
2,832,0.79048493865239,TRUE,TRUE,TRUE,FALSE
2,833,0.796786235630888,TRUE,TRUE,TRUE,FALSE
2,834,0.795312129695255,TRUE,TRUE,TRUE,FALSE
2,835,0.795179050461072,TRUE,TRUE,TRUE,FALSE
2,836,0.794793981630559,TRUE,TRUE,TRUE,FALSE
2,837,0.800095849785698,TRUE,TRUE,TRUE,FALSE
2,838,0.804448400210212,TRUE,TRUE,TRUE,FALSE
2,839,0.796729220502467,TRUE,TRUE,TRUE,FALSE
2,840,0.80417429363797,TRUE,TRUE,TRUE,FALSE
2,841,0.803862895807281,TRUE,TRUE,TRUE,FALSE
2,842,0.799571765253661,TRUE,TRUE,TRUE,FALSE
2,843,0.798458300688625,TRUE,TRUE,TRUE,FALSE
2,844,0.795564925858002,TRUE,TRUE,TRUE,TRUE
2,845,0.803477008347927,TRUE,TRUE,TRUE,FALSE
2,846,0.796283784043653,TRUE,TRUE,TRUE,FALSE
2,847,0.796445446396119,TRUE,TRUE,TRUE,FALSE
2,848,0.801854095065517,TRUE,TRUE,TRUE,FALSE
2,849,0.808976865628505,TRUE,TRUE,TRUE,FALSE
2,850,0.798691071139222,TRUE,TRUE,TRUE,FALSE
2,851,0.797603557163134,TRUE,TRUE,TRUE,FALSE
2,852,0.799480625268841,TRUE,TRUE,TRUE,FALSE
2,853,0.797807888003971,TRUE,TRUE,TRUE,FALSE
2,854,0.796736653212512,TRUE,TRUE,TRUE,FALSE
2,855,0.798313554511534,TRUE,TRUE,TRUE,FALSE
2,856,0.795681284577568,TRUE,TRUE,TRUE,FALSE
2,857,0.803238894342444,TRUE,TRUE,TRUE,FALSE
2,858,0.801116404834362,TRUE,TRUE,TRUE,FALSE
2,859,0.791485457306672,TRUE,TRUE,TRUE,FALSE
2,860,0.794022393144984,TRUE,TRUE,TRUE,FALSE
2,861,0.803268065531426,TRUE,TRUE,TRUE,FALSE
2,862,0.802842493416187,TRUE,TRUE,TRUE,FALSE
2,863,0.803975697051635,TRUE,TRUE,TRUE,FALSE
2,864,0.803773200017239,TRUE,TRUE,TRUE,FALSE
2,865,0.793098094012601,TRUE,TRUE,TRUE,FALSE
2,866,0.804769525340436,TRUE,TRUE,TRUE,FALSE
2,867,0.800107260304905,TRUE,TRUE,TRUE,FALSE
2,868,0.799848359607716,TRUE,TRUE,TRUE,FALSE
2,869,0.796093425423328,TRUE,TRUE,TRUE,FALSE
2,870,0.797769669701756,TRUE,TRUE,TRUE,FALSE
2,871,0.80423473642468,TRUE,TRUE,TRUE,TRUE
2,872,0.803014361100649,TRUE,TRUE,TRUE,FALSE
2,873,0.797425203435361,TRUE,TRUE,TRUE,TRUE
2,874,0.791007574979992,FALSE,TRUE,TRUE,FALSE
2,875,0.7970110661092,TRUE,TRUE,TRUE,FALSE
2,876,0.79930345161205,TRUE,TRUE,TRUE,FALSE
2,877,0.805356371861058,TRUE,TRUE,TRUE,FALSE
2,878,0.800483522304759,TRUE,TRUE,TRUE,FALSE
2,879,0.797958072151509,TRUE,TRUE,TRUE,FALSE
2,880,0.796797206124739,TRUE,TRUE,TRUE,FALSE
2,881,0.803051204838592,TRUE,TRUE,TRUE,FALSE
2,882,0.793915127038044,TRUE,TRUE,TRUE,FALSE
2,883,0.800408497555638,TRUE,TRUE,TRUE,FALSE
2,884,0.799531018313072,TRUE,TRUE,TRUE,FALSE
2,885,0.798546852013884,TRUE,TRUE,TRUE,FALSE
2,886,0.79624733046305,TRUE,TRUE,TRUE,FALSE
2,887,0.798682459376067,TRUE,TRUE,TRUE,FALSE
2,888,0.799954962821844,TRUE,TRUE,TRUE,FALSE
2,889,0.801117543558266,TRUE,TRUE,TRUE,FALSE
2,890,0.793880670315023,TRUE,TRUE,TRUE,FALSE
2,891,0.803312964608691,TRUE,TRUE,TRUE,FALSE
2,892,0.798912174289592,TRUE,TRUE,TRUE,FALSE
2,893,0.801175034705579,TRUE,TRUE,TRUE,FALSE
2,894,0.804261924588274,TRUE,TRUE,TRUE,FALSE
2,895,0.796020715254587,TRUE,TRUE,TRUE,FALSE
2,896,0.798147295412855,TRUE,TRUE,TRUE,FALSE
2,897,0.800161105329085,TRUE,TRUE,TRUE,FALSE
2,898,0.796548580212337,TRUE,TRUE,TRUE,FALSE
2,899,0.80234501586479,TRUE,TRUE,TRUE,FALSE
2,900,0.800307883370909,TRUE,TRUE,TRUE,FALSE
2,901,0.801907296406256,TRUE,TRUE,TRUE,FALSE
2,902,0.802827467399572,TRUE,TRUE,TRUE,FALSE
2,903,0.797768746574384,TRUE,TRUE,TRUE,FALSE
2,904,0.801060967648037,TRUE,TRUE,TRUE,FALSE
2,905,0.80773535497949,TRUE,TRUE,TRUE,FALSE
2,906,0.810328013850809,FALSE,TRUE,TRUE,FALSE
2,907,0.801471566186871,TRUE,TRUE,TRUE,FALSE
2,908,0.801312474065086,TRUE,TRUE,TRUE,FALSE
2,909,0.795778986777313,TRUE,TRUE,TRUE,FALSE
2,910,0.804534270250879,TRUE,TRUE,TRUE,FALSE
2,911,0.796755550349309,TRUE,TRUE,TRUE,FALSE
2,912,0.798260175506179,TRUE,TRUE,TRUE,FALSE
2,913,0.800153571370092,TRUE,TRUE,TRUE,FALSE
2,914,0.803058065574703,TRUE,TRUE,TRUE,FALSE
2,915,0.792838508010581,TRUE,TRUE,TRUE,FALSE
2,916,0.804784719810022,TRUE,TRUE,TRUE,FALSE
2,917,0.80049363778482,TRUE,TRUE,TRUE,FALSE
2,918,0.79472178600053,TRUE,TRUE,TRUE,FALSE
2,919,0.797352205865613,TRUE,TRUE,TRUE,FALSE
2,920,0.79685614569839,TRUE,TRUE,TRUE,FALSE
2,921,0.79842624648917,TRUE,TRUE,TRUE,FALSE
2,922,0.79283450777011,TRUE,TRUE,TRUE,FALSE
2,923,0.804251171694885,TRUE,TRUE,TRUE,FALSE
2,924,0.795768668365568,TRUE,TRUE,TRUE,FALSE
2,925,0.801447054044524,TRUE,TRUE,TRUE,FALSE
2,926,0.7964234251431,TRUE,TRUE,TRUE,FALSE
2,927,0.799099699792516,TRUE,TRUE,TRUE,FALSE
2,928,0.80980002486114,FALSE,TRUE,TRUE,FALSE
2,929,0.803275279955149,TRUE,TRUE,TRUE,FALSE
2,930,0.79783337687839,TRUE,TRUE,TRUE,FALSE
2,931,0.804126713709329,TRUE,TRUE,TRUE,FALSE
2,932,0.803304556313669,TRUE,TRUE,TRUE,FALSE
2,933,0.799724235154124,TRUE,TRUE,TRUE,FALSE
2,934,0.803885046401382,TRUE,TRUE,TRUE,FALSE
2,935,0.802555801579003,TRUE,TRUE,TRUE,FALSE
2,936,0.803129318279881,TRUE,TRUE,TRUE,FALSE
2,937,0.798493310686534,TRUE,TRUE,TRUE,FALSE
2,938,0.803414123286042,TRUE,TRUE,TRUE,FALSE
2,939,0.803097704406419,TRUE,TRUE,TRUE,FALSE
2,940,0.806770267330545,TRUE,TRUE,TRUE,FALSE
2,941,0.803292391268064,TRUE,TRUE,TRUE,FALSE
2,942,0.797466633138107,TRUE,TRUE,TRUE,FALSE
2,943,0.799510634433872,TRUE,TRUE,TRUE,FALSE
2,944,0.798903172614269,TRUE,TRUE,TRUE,FALSE
2,945,0.796603190747268,TRUE,TRUE,TRUE,FALSE
2,946,0.804067411513419,TRUE,TRUE,TRUE,FALSE
2,947,0.802000875372048,TRUE,TRUE,TRUE,FALSE
2,948,0.801429360260499,TRUE,TRUE,TRUE,FALSE
2,949,0.802864566712761,TRUE,TRUE,TRUE,FALSE
2,950,0.797354743199476,TRUE,TRUE,TRUE,FALSE
2,951,0.797493548864186,TRUE,TRUE,TRUE,FALSE
2,952,0.797262691745268,TRUE,TRUE,TRUE,FALSE
2,953,0.801206612853583,TRUE,TRUE,TRUE,FALSE
2,954,0.798856538972122,TRUE,TRUE,TRUE,FALSE
2,955,0.801293879485593,TRUE,TRUE,TRUE,FALSE
2,956,0.800251410738709,TRUE,TRUE,TRUE,FALSE
2,957,0.800043832050443,TRUE,TRUE,TRUE,FALSE
2,958,0.806703769430107,TRUE,TRUE,TRUE,FALSE
2,959,0.799675196343175,TRUE,TRUE,TRUE,FALSE
2,960,0.800442494769394,TRUE,TRUE,TRUE,FALSE
2,961,0.800137296078928,TRUE,TRUE,TRUE,FALSE
2,962,0.790379627943328,FALSE,TRUE,TRUE,FALSE
2,963,0.796441568383727,TRUE,TRUE,TRUE,FALSE
2,964,0.796027023518138,TRUE,TRUE,TRUE,FALSE
2,965,0.811554033675056,FALSE,TRUE,TRUE,FALSE
2,966,0.798869828433413,TRUE,TRUE,TRUE,FALSE
2,967,0.804417938436497,TRUE,TRUE,TRUE,FALSE
2,968,0.795436202114968,TRUE,TRUE,TRUE,FALSE
2,969,0.803828924810887,TRUE,TRUE,TRUE,FALSE
2,970,0.799120840542547,TRUE,TRUE,TRUE,FALSE
2,971,0.795957412905624,TRUE,TRUE,TRUE,FALSE
2,972,0.806738691730828,TRUE,TRUE,TRUE,FALSE
2,973,0.798316708442295,TRUE,TRUE,TRUE,FALSE
2,974,0.80317888186128,TRUE,TRUE,TRUE,FALSE
2,975,0.802193462174994,TRUE,TRUE,TRUE,FALSE
2,976,0.793303571262676,TRUE,TRUE,TRUE,FALSE
2,977,0.802504215157908,TRUE,TRUE,TRUE,FALSE
2,978,0.800688759707302,TRUE,TRUE,TRUE,FALSE
2,979,0.799714522472326,TRUE,TRUE,TRUE,FALSE
2,980,0.804510611437472,TRUE,TRUE,TRUE,FALSE
2,981,0.809165097995032,FALSE,TRUE,TRUE,FALSE
2,982,0.800337553795357,TRUE,TRUE,TRUE,FALSE
2,983,0.800147982428551,TRUE,TRUE,TRUE,FALSE
2,984,0.805683721906482,TRUE,TRUE,TRUE,FALSE
2,985,0.79475323327474,TRUE,TRUE,TRUE,FALSE
2,986,0.795159654320034,TRUE,TRUE,TRUE,FALSE
2,987,0.797287736971509,TRUE,TRUE,TRUE,FALSE
2,988,0.797918049610547,TRUE,TRUE,TRUE,FALSE
2,989,0.805684588236404,TRUE,TRUE,TRUE,FALSE
2,990,0.805743202028369,TRUE,TRUE,TRUE,FALSE
2,991,0.796577728254779,TRUE,TRUE,TRUE,FALSE
2,992,0.799891368929288,TRUE,TRUE,TRUE,FALSE
2,993,0.802141999714534,TRUE,TRUE,TRUE,FALSE
2,994,0.795808331566205,TRUE,TRUE,TRUE,FALSE
2,995,0.800190654915657,TRUE,TRUE,TRUE,FALSE
2,996,0.811221067827618,FALSE,TRUE,TRUE,FALSE
2,997,0.799711913219507,TRUE,TRUE,TRUE,FALSE
2,998,0.804913729245618,TRUE,TRUE,TRUE,FALSE
2,999,0.799439972556009,TRUE,TRUE,TRUE,FALSE
2,1000,0.798657690308579,TRUE,TRUE,TRUE,FALSE
3,1,1.00811888972885,TRUE,FALSE,TRUE,FALSE
3,2,1.00237494491446,TRUE,FALSE,TRUE,FALSE
3,3,0.996656089880545,TRUE,FALSE,TRUE,FALSE
3,4,0.999978624898149,TRUE,FALSE,TRUE,FALSE
3,5,0.988667297318138,FALSE,TRUE,TRUE,FALSE
3,6,1.00588483857967,TRUE,FALSE,TRUE,FALSE
3,7,1.00138231464105,TRUE,FALSE,TRUE,FALSE
3,8,1.00292874792872,TRUE,FALSE,TRUE,FALSE
3,9,0.997337638563265,TRUE,FALSE,TRUE,FALSE
3,10,0.996412000186859,TRUE,FALSE,TRUE,FALSE
3,11,1.00474324940986,TRUE,FALSE,TRUE,FALSE
3,12,1.00008890673438,TRUE,FALSE,TRUE,FALSE
3,13,1.00161009009084,TRUE,FALSE,TRUE,FALSE
3,14,0.991249628784175,TRUE,TRUE,TRUE,FALSE
3,15,0.998768428915044,TRUE,FALSE,TRUE,FALSE
3,16,0.99976148249404,TRUE,FALSE,TRUE,FALSE
3,17,1.01098375721796,FALSE,FALSE,TRUE,FALSE
3,18,1.00348347785684,TRUE,FALSE,TRUE,FALSE
3,19,0.994262882569045,TRUE,FALSE,TRUE,FALSE
3,20,0.997696375409528,TRUE,FALSE,TRUE,FALSE
3,21,0.990277486280901,TRUE,TRUE,TRUE,FALSE
3,22,1.00505223367279,TRUE,FALSE,TRUE,FALSE
3,23,1.00245014621667,TRUE,FALSE,TRUE,FALSE
3,24,0.999732108361605,TRUE,FALSE,TRUE,FALSE
3,25,0.997452675281958,TRUE,FALSE,TRUE,FALSE
3,26,0.991198583236913,TRUE,TRUE,TRUE,FALSE
3,27,0.997906037028017,TRUE,FALSE,TRUE,FALSE
3,28,0.991842765763787,FALSE,TRUE,TRUE,FALSE
3,29,1.00405271787435,TRUE,FALSE,TRUE,FALSE
3,30,1.0003892756658,TRUE,FALSE,TRUE,FALSE
3,31,1.00261377229248,TRUE,FALSE,TRUE,FALSE
3,32,0.995189434772149,TRUE,FALSE,TRUE,FALSE
3,33,0.998821244249929,TRUE,FALSE,TRUE,FALSE
3,34,0.997706857734093,TRUE,FALSE,TRUE,FALSE
3,35,1.0004939219793,TRUE,FALSE,TRUE,FALSE
3,36,1.00221251448926,TRUE,FALSE,TRUE,FALSE
3,37,1.00613058848111,TRUE,FALSE,TRUE,FALSE
3,38,1.00187602978706,TRUE,FALSE,TRUE,FALSE
3,39,0.997121688877317,TRUE,FALSE,TRUE,FALSE
3,40,1.005729857757,TRUE,FALSE,TRUE,FALSE
3,41,0.994919564562392,TRUE,FALSE,TRUE,FALSE
3,42,0.994763590110906,TRUE,FALSE,TRUE,FALSE
3,43,0.99755793608828,TRUE,FALSE,TRUE,FALSE
3,44,1.00484608531965,TRUE,FALSE,TRUE,FALSE
3,45,1.00109168455855,TRUE,FALSE,TRUE,FALSE
3,46,1.00431305611023,TRUE,FALSE,TRUE,FALSE
3,47,0.998828913854629,TRUE,FALSE,TRUE,FALSE
3,48,1.00451042868026,TRUE,FALSE,TRUE,FALSE
3,49,0.999581056809538,TRUE,FALSE,TRUE,TRUE
3,50,0.999824458504174,TRUE,FALSE,TRUE,FALSE
3,51,0.99846780935535,TRUE,FALSE,TRUE,FALSE
3,52,0.993485216107662,TRUE,FALSE,TRUE,FALSE
3,53,1.00244713000539,TRUE,FALSE,TRUE,FALSE
3,54,0.993758577773712,TRUE,TRUE,TRUE,FALSE
3,55,0.998754614561475,TRUE,FALSE,TRUE,FALSE
3,56,0.99945592216392,TRUE,FALSE,TRUE,FALSE
3,57,0.999139781763232,TRUE,FALSE,TRUE,FALSE
3,58,1.00415358382764,TRUE,FALSE,TRUE,FALSE
3,59,0.99782592450563,TRUE,FALSE,TRUE,FALSE
3,60,1.00470867253097,TRUE,FALSE,TRUE,FALSE
3,61,0.99945796098985,TRUE,FALSE,TRUE,FALSE
3,62,1.00065197694413,TRUE,FALSE,TRUE,FALSE
3,63,1.00153990500667,TRUE,FALSE,TRUE,FALSE
3,64,1.00613939615805,TRUE,FALSE,TRUE,FALSE
3,65,1.00562716041048,TRUE,FALSE,TRUE,FALSE
3,66,0.999861484652443,TRUE,FALSE,TRUE,FALSE
3,67,0.999451504886342,TRUE,FALSE,TRUE,FALSE
3,68,0.993526178092163,TRUE,FALSE,TRUE,FALSE
3,69,1.00313401812056,TRUE,FALSE,TRUE,FALSE
3,70,0.99912315355949,TRUE,FALSE,TRUE,FALSE
3,71,0.993882338365685,TRUE,FALSE,TRUE,FALSE
3,72,0.998596755573653,TRUE,FALSE,TRUE,FALSE
3,73,0.999108426667844,TRUE,FALSE,TRUE,FALSE
3,74,0.996842482284358,TRUE,FALSE,TRUE,FALSE
3,75,0.997643033454404,TRUE,FALSE,TRUE,FALSE
3,76,1.00330997306292,TRUE,FALSE,TRUE,FALSE
3,77,0.997980348066266,TRUE,FALSE,TRUE,FALSE
3,78,1.0060476959465,TRUE,FALSE,TRUE,FALSE
3,79,1.00139018242095,TRUE,FALSE,TRUE,FALSE
3,80,1.00001299449434,TRUE,FALSE,TRUE,FALSE
3,81,1.00340206080894,TRUE,FALSE,TRUE,FALSE
3,82,0.99921185093626,TRUE,FALSE,TRUE,FALSE
3,83,0.997399565848805,TRUE,FALSE,TRUE,FALSE
3,84,0.999544178652417,TRUE,FALSE,TRUE,FALSE
3,85,0.994453927549983,TRUE,FALSE,TRUE,FALSE
3,86,0.996705472356954,TRUE,FALSE,TRUE,FALSE
3,87,1.00684507938525,TRUE,FALSE,TRUE,FALSE
3,88,0.997368146003137,TRUE,FALSE,TRUE,FALSE
3,89,0.999240288329834,TRUE,FALSE,TRUE,FALSE
3,90,1.00267162453261,TRUE,FALSE,TRUE,FALSE
3,91,0.998606866382638,TRUE,FALSE,TRUE,FALSE
3,92,1.00428509644197,TRUE,FALSE,TRUE,FALSE
3,93,1.00710314513542,TRUE,FALSE,TRUE,FALSE
3,94,1.00359251687586,TRUE,FALSE,TRUE,FALSE
3,95,1.00298809956268,TRUE,FALSE,TRUE,FALSE
3,96,0.987860932938135,FALSE,TRUE,TRUE,FALSE
3,97,0.998732748295465,TRUE,FALSE,TRUE,FALSE
3,98,0.993439658209931,TRUE,FALSE,TRUE,FALSE
3,99,1.00778000920729,TRUE,FALSE,TRUE,FALSE
3,100,1.00554357588004,TRUE,FALSE,TRUE,FALSE
3,101,0.997369373412358,TRUE,FALSE,TRUE,FALSE
3,102,1.00222406844484,TRUE,FALSE,TRUE,FALSE
3,103,1.00021353964763,TRUE,FALSE,TRUE,FALSE
3,104,0.990945492759624,FALSE,TRUE,TRUE,FALSE
3,105,1.00759465797353,TRUE,FALSE,TRUE,FALSE
3,106,1.00031825452942,TRUE,FALSE,TRUE,FALSE
3,107,0.99716563096298,TRUE,FALSE,TRUE,FALSE
3,108,1.00080770379371,TRUE,FALSE,TRUE,FALSE
3,109,1.00951345984909,FALSE,FALSE,TRUE,FALSE
3,110,1.00740087314591,TRUE,FALSE,TRUE,FALSE
3,111,1.00188191764946,TRUE,FALSE,TRUE,FALSE
3,112,1.00157934332327,TRUE,FALSE,TRUE,FALSE
3,113,0.9991739201358,TRUE,FALSE,TRUE,FALSE
3,114,0.993012173070934,TRUE,TRUE,TRUE,FALSE
3,115,0.993333356512344,TRUE,FALSE,TRUE,FALSE
3,116,0.999278916172986,TRUE,FALSE,TRUE,FALSE
3,117,1.00250291741434,TRUE,FALSE,TRUE,TRUE
3,118,1.00200612301343,TRUE,FALSE,TRUE,FALSE
3,119,0.991917931214677,TRUE,TRUE,TRUE,FALSE
3,120,1.00137564716513,TRUE,FALSE,TRUE,FALSE
3,121,0.997324214568801,TRUE,FALSE,TRUE,FALSE
3,122,1.00293040251791,TRUE,FALSE,TRUE,FALSE
3,123,1.00157248675205,TRUE,FALSE,TRUE,FALSE
3,124,0.999882698202418,TRUE,FALSE,TRUE,FALSE
3,125,0.99903633412981,TRUE,FALSE,TRUE,FALSE
3,126,0.993818743599312,TRUE,FALSE,TRUE,FALSE
3,127,0.995337070593293,TRUE,FALSE,TRUE,FALSE
3,128,0.99755111084983,TRUE,FALSE,TRUE,FALSE
3,129,1.00198024080974,TRUE,FALSE,TRUE,FALSE
3,130,0.991709362063241,TRUE,TRUE,TRUE,FALSE
3,131,1.00419349845974,TRUE,FALSE,TRUE,FALSE
3,132,1.00268721045256,TRUE,FALSE,TRUE,FALSE
3,133,0.995933151006579,TRUE,FALSE,TRUE,FALSE
3,134,1.00456883101969,TRUE,FALSE,TRUE,FALSE
3,135,1.00261115012359,TRUE,FALSE,TRUE,FALSE
3,136,0.998221512517072,TRUE,FALSE,TRUE,FALSE
3,137,0.99632353436822,TRUE,FALSE,TRUE,FALSE
3,138,1.00590730609356,TRUE,FALSE,TRUE,FALSE
3,139,1.00310299763378,TRUE,FALSE,TRUE,FALSE
3,140,0.991482451975156,FALSE,TRUE,TRUE,FALSE
3,141,1.01073652761352,FALSE,FALSE,TRUE,FALSE
3,142,1.00316814362856,TRUE,FALSE,TRUE,FALSE
3,143,0.997042513916997,TRUE,FALSE,TRUE,FALSE
3,144,1.00159319989792,TRUE,FALSE,TRUE,FALSE
3,145,1.00797221368765,TRUE,FALSE,TRUE,FALSE
3,146,0.997442444661423,TRUE,FALSE,TRUE,FALSE
3,147,1.00339173371464,TRUE,FALSE,TRUE,FALSE
3,148,1.0036900160063,TRUE,FALSE,TRUE,FALSE
3,149,1.00610079427745,TRUE,FALSE,TRUE,FALSE
3,150,0.9959718866168,TRUE,FALSE,TRUE,FALSE
3,151,1.00613101320621,TRUE,FALSE,TRUE,FALSE
3,152,1.00062028031447,TRUE,FALSE,TRUE,FALSE
3,153,0.999188419414407,TRUE,FALSE,TRUE,FALSE
3,154,0.99865819398504,TRUE,FALSE,TRUE,FALSE
3,155,0.997343630268316,TRUE,FALSE,TRUE,FALSE
3,156,0.998642168036876,TRUE,FALSE,TRUE,FALSE
3,157,0.997031712731017,TRUE,FALSE,TRUE,FALSE
3,158,1.00364917848782,TRUE,FALSE,TRUE,FALSE
3,159,1.0032926116618,TRUE,FALSE,TRUE,FALSE
3,160,0.999671364842905,TRUE,FALSE,TRUE,FALSE
3,161,1.00083378993917,TRUE,FALSE,TRUE,FALSE
3,162,1.00018850571559,TRUE,FALSE,TRUE,FALSE
3,163,1.00407625219359,TRUE,FALSE,TRUE,FALSE
3,164,0.996190189497465,TRUE,FALSE,TRUE,FALSE
3,165,1.00930762429784,FALSE,FALSE,TRUE,FALSE
3,166,1.00055868756046,TRUE,FALSE,TRUE,FALSE
3,167,1.00097341829281,TRUE,FALSE,TRUE,FALSE
3,168,1.00060157903885,TRUE,FALSE,TRUE,FALSE
3,169,0.99504567921424,TRUE,FALSE,TRUE,FALSE
3,170,1.00175260204197,TRUE,FALSE,TRUE,FALSE
3,171,0.999568063109321,TRUE,FALSE,TRUE,FALSE
3,172,0.995989429121058,TRUE,FALSE,TRUE,FALSE
3,173,0.996970944285651,TRUE,FALSE,TRUE,FALSE
3,174,1.00987016980424,FALSE,FALSE,TRUE,FALSE
3,175,1.00404611482375,TRUE,FALSE,TRUE,FALSE
3,176,1.00397841675588,TRUE,FALSE,TRUE,FALSE
3,177,1.00696853498837,FALSE,FALSE,TRUE,FALSE
3,178,1.0011507434782,TRUE,FALSE,TRUE,FALSE
3,179,1.00251495090964,TRUE,FALSE,TRUE,FALSE
3,180,0.994849085111023,TRUE,FALSE,TRUE,FALSE
3,181,1.00294397554508,TRUE,FALSE,TRUE,FALSE
3,182,0.999264478593715,TRUE,FALSE,TRUE,FALSE
3,183,0.996646161772849,TRUE,FALSE,TRUE,FALSE
3,184,0.995145704468765,TRUE,FALSE,TRUE,FALSE
3,185,1.00348542630033,TRUE,FALSE,TRUE,FALSE
3,186,0.996574405039622,TRUE,FALSE,TRUE,FALSE
3,187,0.993696299053918,TRUE,FALSE,TRUE,FALSE
3,188,0.999986928132872,TRUE,FALSE,TRUE,FALSE
3,189,1.00608906380126,TRUE,FALSE,TRUE,FALSE
3,190,1.0024320827389,TRUE,FALSE,TRUE,FALSE
3,191,1.00581611045552,TRUE,FALSE,TRUE,FALSE
3,192,1.00339063496767,TRUE,FALSE,TRUE,FALSE
3,193,0.99628301308249,TRUE,FALSE,TRUE,FALSE
3,194,0.995222043215922,TRUE,FALSE,TRUE,FALSE
3,195,0.997334642162431,TRUE,FALSE,TRUE,FALSE
3,196,1.01358114131173,FALSE,FALSE,TRUE,FALSE
3,197,1.00091310484247,TRUE,FALSE,TRUE,FALSE
3,198,1.00283688834259,TRUE,FALSE,TRUE,FALSE
3,199,0.99964479857967,TRUE,FALSE,TRUE,FALSE
3,200,0.995743892714793,TRUE,FALSE,TRUE,FALSE
3,201,0.997006957108032,TRUE,FALSE,TRUE,FALSE
3,202,1.00524294228022,TRUE,FALSE,TRUE,FALSE
3,203,0.999751766118431,TRUE,FALSE,TRUE,FALSE
3,204,0.996817104095322,TRUE,FALSE,TRUE,FALSE
3,205,1.00220443125733,TRUE,FALSE,TRUE,FALSE
3,206,1.0002049107936,TRUE,FALSE,TRUE,FALSE
3,207,1.00659942337001,TRUE,FALSE,TRUE,FALSE
3,208,0.995053379045326,TRUE,FALSE,TRUE,FALSE
3,209,1.00106648688121,TRUE,FALSE,TRUE,FALSE
3,210,0.997274144148578,TRUE,FALSE,TRUE,FALSE
3,211,1.00090543558921,TRUE,FALSE,TRUE,FALSE
3,212,0.997553795649039,TRUE,FALSE,TRUE,FALSE
3,213,1.000779471345,TRUE,FALSE,TRUE,FALSE
3,214,1.00486317836046,TRUE,FALSE,TRUE,FALSE
3,215,0.997742137170132,TRUE,FALSE,TRUE,FALSE
3,216,0.994764589030932,TRUE,FALSE,TRUE,FALSE
3,217,1.00597198738051,TRUE,FALSE,TRUE,FALSE
3,218,1.00384098232298,TRUE,FALSE,TRUE,FALSE
3,219,0.997772569449124,TRUE,FALSE,TRUE,FALSE
3,220,1.00000018056269,TRUE,FALSE,TRUE,FALSE
3,221,0.992361688165011,TRUE,TRUE,TRUE,FALSE
3,222,1.00549073178729,TRUE,FALSE,TRUE,FALSE
3,223,1.00283320594347,TRUE,FALSE,TRUE,FALSE
3,224,1.00279280436958,TRUE,FALSE,TRUE,FALSE
3,225,0.993957492024263,TRUE,FALSE,TRUE,FALSE
3,226,0.994636962661707,TRUE,FALSE,TRUE,FALSE
3,227,1.00613558756254,TRUE,FALSE,TRUE,FALSE
3,228,1.00725395777848,TRUE,FALSE,TRUE,FALSE
3,229,0.998029487387402,TRUE,FALSE,TRUE,FALSE
3,230,1.0017012862634,TRUE,FALSE,TRUE,FALSE
3,231,0.998865464161766,TRUE,FALSE,TRUE,FALSE
3,232,1.00573965479158,TRUE,FALSE,TRUE,FALSE
3,233,1.00003501984511,TRUE,FALSE,TRUE,FALSE
3,234,1.00220880249557,TRUE,FALSE,TRUE,FALSE
3,235,1.00517794200083,TRUE,FALSE,TRUE,FALSE
3,236,0.999804120627306,TRUE,FALSE,TRUE,FALSE
3,237,1.00139501909574,TRUE,FALSE,TRUE,FALSE
3,238,1.00361760259424,TRUE,FALSE,TRUE,FALSE
3,239,0.99919941926107,TRUE,FALSE,TRUE,FALSE
3,240,1.00332689178815,TRUE,FALSE,TRUE,FALSE
3,241,1.00466308057422,TRUE,FALSE,TRUE,FALSE
3,242,1.00057910200437,TRUE,FALSE,TRUE,FALSE
3,243,1.00699659607596,TRUE,FALSE,TRUE,FALSE
3,244,0.996895937726593,TRUE,FALSE,TRUE,FALSE
3,245,0.99414278661222,TRUE,FALSE,TRUE,FALSE
3,246,0.999892402555423,TRUE,FALSE,TRUE,FALSE
3,247,1.00039397347247,TRUE,FALSE,TRUE,FALSE
3,248,1.00163319600168,TRUE,FALSE,TRUE,FALSE
3,249,1.00212689971701,TRUE,FALSE,TRUE,FALSE
3,250,0.999377118010238,TRUE,FALSE,TRUE,FALSE
3,251,0.995179645184373,TRUE,FALSE,TRUE,FALSE
3,252,1.00493344709838,TRUE,FALSE,TRUE,FALSE
3,253,0.99102349820995,FALSE,TRUE,TRUE,FALSE
3,254,0.997600408205172,TRUE,FALSE,TRUE,FALSE
3,255,1.0077570531015,TRUE,FALSE,TRUE,FALSE
3,256,0.997605217197794,TRUE,FALSE,TRUE,FALSE
3,257,0.995693865385821,TRUE,FALSE,TRUE,FALSE
3,258,0.994714689416861,TRUE,FALSE,TRUE,FALSE
3,259,0.995052570798698,TRUE,FALSE,TRUE,FALSE
3,260,0.996288792711892,TRUE,FALSE,TRUE,FALSE
3,261,0.998873446932798,TRUE,FALSE,TRUE,FALSE
3,262,1.00113943784921,TRUE,FALSE,TRUE,FALSE
3,263,1.0072472915724,TRUE,FALSE,TRUE,FALSE
3,264,1.00647381729683,TRUE,FALSE,TRUE,FALSE
3,265,1.00037577421718,TRUE,FALSE,TRUE,TRUE
3,266,0.999909181872442,TRUE,FALSE,TRUE,FALSE
3,267,0.997131216653735,TRUE,FALSE,TRUE,FALSE
3,268,0.997073371972025,TRUE,FALSE,TRUE,FALSE
3,269,1.00069932601586,TRUE,FALSE,TRUE,FALSE
3,270,1.00292410997271,TRUE,FALSE,TRUE,FALSE
3,271,0.995637025235852,TRUE,FALSE,TRUE,FALSE
3,272,0.999534901013238,TRUE,FALSE,TRUE,FALSE
3,273,1.00421181525107,TRUE,FALSE,TRUE,FALSE
3,274,1.00435635344813,TRUE,FALSE,TRUE,FALSE
3,275,0.989771603663012,FALSE,TRUE,TRUE,FALSE
3,276,1.00819069553125,FALSE,FALSE,TRUE,FALSE
3,277,0.994834714433726,TRUE,FALSE,TRUE,FALSE
3,278,1.00280076172232,TRUE,FALSE,TRUE,FALSE
3,279,1.0015570045092,TRUE,FALSE,TRUE,FALSE
3,280,0.993362176386918,TRUE,FALSE,TRUE,FALSE
3,281,0.997223814540743,TRUE,FALSE,TRUE,FALSE
3,282,1.00155107373045,TRUE,FALSE,TRUE,FALSE
3,283,1.00132321015373,TRUE,FALSE,TRUE,FALSE
3,284,1.00295038251265,TRUE,FALSE,TRUE,FALSE
3,285,1.00182367220963,TRUE,FALSE,TRUE,FALSE
3,286,1.00079506597554,TRUE,FALSE,TRUE,FALSE
3,287,0.99977836820343,TRUE,FALSE,TRUE,FALSE
3,288,1.00560512174434,TRUE,FALSE,TRUE,FALSE
3,289,0.997412524561865,TRUE,FALSE,TRUE,FALSE
3,290,1.00218516962596,TRUE,FALSE,TRUE,FALSE
3,291,1.00119733724661,TRUE,FALSE,TRUE,FALSE
3,292,0.995735726880911,TRUE,FALSE,TRUE,FALSE
3,293,1.0044189206051,TRUE,FALSE,TRUE,FALSE
3,294,1.00221672336892,TRUE,FALSE,TRUE,FALSE
3,295,0.997671833034989,TRUE,FALSE,TRUE,FALSE
3,296,0.995334259251122,TRUE,FALSE,TRUE,FALSE
3,297,1.00528983066011,TRUE,FALSE,TRUE,FALSE
3,298,1.00202445009815,TRUE,FALSE,TRUE,FALSE
3,299,0.999996784150917,TRUE,FALSE,TRUE,FALSE
3,300,1.00205204342514,TRUE,FALSE,TRUE,FALSE
3,301,1.00065989594237,TRUE,FALSE,TRUE,FALSE
3,302,1.00358092774384,TRUE,FALSE,TRUE,FALSE
3,303,0.995979547799002,TRUE,FALSE,TRUE,FALSE
3,304,0.998241398532117,TRUE,FALSE,TRUE,FALSE
3,305,1.00131475306529,TRUE,FALSE,TRUE,FALSE
3,306,1.00111338233273,TRUE,FALSE,TRUE,FALSE
3,307,1.00348109227376,TRUE,FALSE,TRUE,FALSE
3,308,0.99841580921431,TRUE,FALSE,TRUE,FALSE
3,309,0.999045019433759,TRUE,FALSE,TRUE,FALSE
3,310,0.996210019349874,TRUE,FALSE,TRUE,FALSE
3,311,1.0024286298814,TRUE,FALSE,TRUE,FALSE
3,312,0.995557830845753,TRUE,FALSE,TRUE,FALSE
3,313,1.0097145447009,FALSE,FALSE,TRUE,FALSE
3,314,0.997838888648402,TRUE,FALSE,TRUE,FALSE
3,315,1.00662898667576,TRUE,FALSE,TRUE,FALSE
3,316,0.993243802519504,TRUE,TRUE,TRUE,FALSE
3,317,1.00657276914434,TRUE,FALSE,TRUE,FALSE
3,318,0.9978688856729,TRUE,FALSE,TRUE,FALSE
3,319,1.00245933879106,TRUE,FALSE,TRUE,FALSE
3,320,1.00239215154188,TRUE,FALSE,TRUE,TRUE
3,321,1.00064419851697,TRUE,FALSE,TRUE,FALSE
3,322,0.99640511731056,TRUE,FALSE,TRUE,FALSE
3,323,0.998378842129915,TRUE,FALSE,TRUE,FALSE
3,324,1.0007267182905,TRUE,FALSE,TRUE,FALSE
3,325,0.998150341654674,TRUE,FALSE,TRUE,FALSE
3,326,0.996381026848266,TRUE,FALSE,TRUE,FALSE
3,327,0.999430324644928,TRUE,FALSE,TRUE,FALSE
3,328,1.00166597546582,TRUE,FALSE,TRUE,FALSE
3,329,0.999595512301781,TRUE,FALSE,TRUE,FALSE
3,330,0.999676781443562,TRUE,FALSE,TRUE,FALSE
3,331,0.99783167768006,TRUE,FALSE,TRUE,FALSE
3,332,0.998008891784142,TRUE,FALSE,TRUE,FALSE
3,333,0.991736911805305,TRUE,TRUE,TRUE,FALSE
3,334,1.00310289335254,TRUE,FALSE,TRUE,FALSE
3,335,0.995869175013243,TRUE,FALSE,TRUE,FALSE
3,336,1.00296385243933,TRUE,FALSE,TRUE,FALSE
3,337,0.997765310582072,TRUE,FALSE,TRUE,FALSE
3,338,1.00761617177101,TRUE,FALSE,TRUE,FALSE
3,339,0.999571148092185,TRUE,FALSE,TRUE,FALSE
3,340,1.00138898022483,TRUE,FALSE,TRUE,FALSE
3,341,0.994251339003797,TRUE,FALSE,TRUE,FALSE
3,342,1.00258775654452,TRUE,FALSE,TRUE,FALSE
3,343,1.00433742061939,TRUE,FALSE,TRUE,FALSE
3,344,1.01004470103465,TRUE,FALSE,TRUE,FALSE
3,345,1.00045649000406,TRUE,FALSE,TRUE,FALSE
3,346,1.00173769152877,TRUE,FALSE,TRUE,FALSE
3,347,0.993887566105808,TRUE,FALSE,TRUE,FALSE
3,348,0.997609247345966,TRUE,FALSE,TRUE,FALSE
3,349,1.00485926236077,TRUE,FALSE,TRUE,FALSE
3,350,0.996083323113586,TRUE,FALSE,TRUE,FALSE
3,351,1.00215014665902,TRUE,FALSE,TRUE,FALSE
3,352,1.00292902110616,TRUE,FALSE,TRUE,FALSE
3,353,1.00137393049362,TRUE,FALSE,TRUE,FALSE
3,354,0.998968802344267,TRUE,FALSE,TRUE,FALSE
3,355,1.00554072921498,TRUE,FALSE,TRUE,FALSE
3,356,1.00076961716099,TRUE,FALSE,TRUE,FALSE
3,357,1.00456192950341,TRUE,FALSE,TRUE,FALSE
3,358,0.997274092446185,TRUE,FALSE,TRUE,FALSE
3,359,0.998735241843226,TRUE,FALSE,TRUE,FALSE
3,360,1.0013425040571,TRUE,FALSE,TRUE,FALSE
3,361,1.00380109580705,TRUE,FALSE,TRUE,FALSE
3,362,0.998886461802581,TRUE,FALSE,TRUE,FALSE
3,363,0.998237802720891,TRUE,FALSE,TRUE,FALSE
3,364,1.00104841343205,TRUE,FALSE,TRUE,FALSE
3,365,1.00004733873353,TRUE,FALSE,TRUE,FALSE
3,366,0.994826726107805,TRUE,FALSE,TRUE,FALSE
3,367,0.998770259438028,TRUE,FALSE,TRUE,FALSE
3,368,1.00100742870741,TRUE,FALSE,TRUE,FALSE
3,369,0.996759285307312,TRUE,FALSE,TRUE,FALSE
3,370,1.00515227718298,TRUE,FALSE,TRUE,FALSE
3,371,1.00181652420335,TRUE,FALSE,TRUE,FALSE
3,372,1.00453331963829,TRUE,FALSE,TRUE,FALSE
3,373,0.998017847864868,TRUE,FALSE,TRUE,FALSE
3,374,1.00312209109419,TRUE,FALSE,TRUE,FALSE
3,375,0.997058321372693,TRUE,FALSE,TRUE,FALSE
3,376,1.00506831521652,TRUE,FALSE,TRUE,FALSE
3,377,0.992874501695096,TRUE,TRUE,TRUE,FALSE
3,378,0.995910055727964,TRUE,FALSE,TRUE,FALSE
3,379,1.00246813398999,TRUE,FALSE,TRUE,FALSE
3,380,0.997112915308595,TRUE,FALSE,TRUE,FALSE
3,381,1.00821708523984,TRUE,FALSE,TRUE,FALSE
3,382,0.998106754616652,TRUE,FALSE,TRUE,FALSE
3,383,1.00077275426546,TRUE,FALSE,TRUE,FALSE
3,384,1.00553746491792,TRUE,FALSE,TRUE,FALSE
3,385,0.99594394179701,TRUE,FALSE,TRUE,FALSE
3,386,1.0055823421607,TRUE,FALSE,TRUE,TRUE
3,387,1.00114007020657,TRUE,FALSE,TRUE,FALSE
3,388,0.996925985782763,TRUE,FALSE,TRUE,FALSE
3,389,0.996621028904906,TRUE,FALSE,TRUE,FALSE
3,390,1.00319852143244,TRUE,FALSE,TRUE,FALSE
3,391,0.999239056883179,TRUE,FALSE,TRUE,FALSE
3,392,1.00464201058729,TRUE,FALSE,TRUE,FALSE
3,393,1.00729484497581,TRUE,FALSE,TRUE,FALSE
3,394,1.00140651476979,TRUE,FALSE,TRUE,FALSE
3,395,0.998154730363095,TRUE,FALSE,TRUE,FALSE
3,396,0.996408706882404,TRUE,FALSE,TRUE,FALSE
3,397,1.00189470261789,TRUE,FALSE,TRUE,FALSE
3,398,0.998081791237677,TRUE,FALSE,TRUE,FALSE
3,399,0.995685632461719,TRUE,FALSE,TRUE,FALSE
3,400,0.995897879616327,TRUE,FALSE,TRUE,FALSE
3,401,0.999779036152058,TRUE,FALSE,TRUE,FALSE
3,402,1.01047471680872,FALSE,FALSE,TRUE,FALSE
3,403,1.00522583205512,TRUE,FALSE,TRUE,FALSE
3,404,1.00302261906769,TRUE,FALSE,TRUE,FALSE
3,405,0.999398513387135,TRUE,FALSE,TRUE,FALSE
3,406,1.00059816125314,TRUE,FALSE,TRUE,FALSE
3,407,0.991594902263668,TRUE,TRUE,TRUE,FALSE
3,408,1.0009723390569,TRUE,FALSE,TRUE,FALSE
3,409,1.00615162981181,TRUE,FALSE,TRUE,FALSE
3,410,1.00021222459373,TRUE,FALSE,TRUE,FALSE
3,411,0.997294716180711,TRUE,FALSE,TRUE,FALSE
3,412,0.997350430846091,TRUE,FALSE,TRUE,FALSE
3,413,1.00371152918237,TRUE,FALSE,TRUE,FALSE
3,414,1.00120245796352,TRUE,FALSE,TRUE,FALSE
3,415,1.0026270729975,TRUE,FALSE,TRUE,FALSE
3,416,0.992044743203803,TRUE,TRUE,TRUE,FALSE
3,417,1.00167258465397,TRUE,FALSE,TRUE,FALSE
3,418,1.00162081195925,TRUE,FALSE,TRUE,FALSE
3,419,0.999236765198181,TRUE,FALSE,TRUE,FALSE
3,420,0.999998243846383,TRUE,FALSE,TRUE,FALSE
3,421,0.997852521149425,TRUE,FALSE,TRUE,FALSE
3,422,0.999306592292168,TRUE,FALSE,TRUE,FALSE
3,423,0.995448422176812,TRUE,FALSE,TRUE,FALSE
3,424,0.995276169823283,TRUE,FALSE,TRUE,FALSE
3,425,0.999800775778103,TRUE,FALSE,TRUE,FALSE
3,426,0.99267830974986,TRUE,FALSE,TRUE,FALSE
3,427,0.998638236173005,TRUE,FALSE,TRUE,FALSE
3,428,1.00422183986657,TRUE,FALSE,TRUE,FALSE
3,429,1.002462046002,TRUE,FALSE,TRUE,FALSE
3,430,1.00281549739971,TRUE,FALSE,TRUE,FALSE
3,431,1.00051660133084,TRUE,FALSE,TRUE,FALSE
3,432,1.00406044862854,TRUE,FALSE,TRUE,FALSE
3,433,1.00036849656258,TRUE,FALSE,TRUE,FALSE
3,434,1.00470898468004,TRUE,FALSE,TRUE,FALSE
3,435,1.00302692696155,TRUE,FALSE,TRUE,FALSE
3,436,0.996821803594538,TRUE,FALSE,TRUE,FALSE
3,437,1.00084142753901,TRUE,FALSE,TRUE,FALSE
3,438,0.994658396998618,TRUE,FALSE,TRUE,FALSE
3,439,1.00477047139676,TRUE,FALSE,TRUE,FALSE
3,440,1.00267953224298,TRUE,FALSE,TRUE,FALSE
3,441,1.00778336646182,TRUE,FALSE,TRUE,FALSE
3,442,0.994889291625599,TRUE,FALSE,TRUE,FALSE
3,443,0.996347516623812,TRUE,FALSE,TRUE,FALSE
3,444,1.00123615035831,TRUE,FALSE,TRUE,FALSE
3,445,1.00168040814928,TRUE,FALSE,TRUE,FALSE
3,446,1.00596347635549,TRUE,FALSE,TRUE,FALSE
3,447,1.0035623893153,TRUE,FALSE,TRUE,FALSE
3,448,1.0055748966877,TRUE,FALSE,TRUE,FALSE
3,449,1.00155169693955,TRUE,FALSE,TRUE,FALSE
3,450,0.997148827671327,TRUE,FALSE,TRUE,FALSE
3,451,1.00114969442376,TRUE,FALSE,TRUE,FALSE
3,452,1.00548648467035,TRUE,FALSE,TRUE,FALSE
3,453,1.00002210590392,TRUE,FALSE,TRUE,FALSE
3,454,1.00256341337653,TRUE,FALSE,TRUE,FALSE
3,455,0.99153222862817,TRUE,TRUE,TRUE,FALSE
3,456,1.0015845918496,TRUE,FALSE,TRUE,FALSE
3,457,0.994226739844144,TRUE,FALSE,TRUE,FALSE
3,458,0.996543943933687,TRUE,FALSE,TRUE,FALSE
3,459,0.999734014739347,TRUE,FALSE,TRUE,FALSE
3,460,0.997973276086181,TRUE,FALSE,TRUE,FALSE
3,461,0.998961642820413,TRUE,FALSE,TRUE,FALSE
3,462,1.00039196554006,TRUE,FALSE,TRUE,FALSE
3,463,1.00535153294343,TRUE,FALSE,TRUE,FALSE
3,464,1.00185642010529,TRUE,FALSE,TRUE,FALSE
3,465,1.00341699358255,TRUE,FALSE,TRUE,FALSE
3,466,1.0051334108252,TRUE,FALSE,TRUE,FALSE
3,467,0.992100475686548,FALSE,TRUE,TRUE,FALSE
3,468,1.00514621577578,TRUE,FALSE,TRUE,FALSE
3,469,1.00877230752655,FALSE,FALSE,TRUE,FALSE
3,470,1.00021109727369,TRUE,FALSE,TRUE,FALSE
3,471,1.00504572074055,TRUE,FALSE,TRUE,FALSE
3,472,0.999415022470348,TRUE,FALSE,TRUE,FALSE
3,473,1.00147919705162,TRUE,FALSE,TRUE,FALSE
3,474,1.00063852793736,TRUE,FALSE,TRUE,FALSE
3,475,1.00063488804006,TRUE,FALSE,TRUE,FALSE
3,476,0.998494558792446,TRUE,FALSE,TRUE,FALSE
3,477,0.999420582874311,TRUE,FALSE,TRUE,FALSE
3,478,1.00353059082206,TRUE,FALSE,TRUE,FALSE
3,479,0.994397284409206,TRUE,FALSE,TRUE,FALSE
3,480,1.00409666716195,TRUE,FALSE,TRUE,FALSE
3,481,0.993576089050425,TRUE,FALSE,TRUE,FALSE
3,482,1.0011099501066,TRUE,FALSE,TRUE,FALSE
3,483,1.00459149348026,TRUE,FALSE,TRUE,FALSE
3,484,1.00387099296727,TRUE,FALSE,TRUE,FALSE
3,485,0.993639466464322,TRUE,FALSE,TRUE,FALSE
3,486,0.998800417434598,TRUE,FALSE,TRUE,FALSE
3,487,1.00213302675917,TRUE,FALSE,TRUE,FALSE
3,488,1.00362726390586,TRUE,FALSE,TRUE,FALSE
3,489,1.00315024584793,TRUE,FALSE,TRUE,FALSE
3,490,1.0047672239379,TRUE,FALSE,TRUE,FALSE
3,491,1.0018676292683,TRUE,FALSE,TRUE,FALSE
3,492,0.997159687288649,TRUE,FALSE,TRUE,FALSE
3,493,1.0061025701119,TRUE,FALSE,TRUE,FALSE
3,494,1.00209942568127,TRUE,FALSE,TRUE,FALSE
3,495,1.01430364142654,FALSE,FALSE,TRUE,TRUE
3,496,1.00404846106455,TRUE,FALSE,TRUE,FALSE
3,497,1.00119305623083,TRUE,FALSE,TRUE,FALSE
3,498,0.99453901530252,TRUE,FALSE,TRUE,FALSE
3,499,1.00139531547328,TRUE,FALSE,TRUE,FALSE
3,500,0.995514412750972,TRUE,FALSE,TRUE,FALSE
3,501,1.00480491442436,TRUE,FALSE,TRUE,FALSE
3,502,1.00630382065521,TRUE,FALSE,TRUE,FALSE
3,503,0.999697283994775,TRUE,FALSE,TRUE,FALSE
3,504,1.00038857291155,TRUE,FALSE,TRUE,FALSE
3,505,1.0027001997599,TRUE,FALSE,TRUE,FALSE
3,506,1.00063942824917,TRUE,FALSE,TRUE,FALSE
3,507,0.992043393694707,TRUE,TRUE,TRUE,FALSE
3,508,0.992058455668913,TRUE,TRUE,TRUE,FALSE
3,509,0.995930117792268,TRUE,FALSE,TRUE,FALSE
3,510,0.998562992856643,TRUE,FALSE,TRUE,FALSE
3,511,1.00168367123674,TRUE,FALSE,TRUE,FALSE
3,512,1.00307366503091,TRUE,FALSE,TRUE,FALSE
3,513,0.997044966514909,TRUE,FALSE,TRUE,FALSE
3,514,1.00131114963007,TRUE,FALSE,TRUE,FALSE
3,515,1.00428964916835,TRUE,FALSE,TRUE,FALSE
3,516,1.00745887619831,TRUE,FALSE,TRUE,FALSE
3,517,0.99442247079081,TRUE,FALSE,TRUE,FALSE
3,518,0.994126922874832,TRUE,FALSE,TRUE,FALSE
3,519,1.00506245890804,TRUE,FALSE,TRUE,FALSE
3,520,1.00019399970856,TRUE,FALSE,TRUE,FALSE
3,521,1.00558961862377,TRUE,FALSE,TRUE,FALSE
3,522,1.00399389857818,TRUE,FALSE,TRUE,FALSE
3,523,1.00254975800904,TRUE,FALSE,TRUE,FALSE
3,524,0.996608750506188,TRUE,FALSE,TRUE,FALSE
3,525,1.00519867424694,TRUE,FALSE,TRUE,FALSE
3,526,1.00792111819444,TRUE,FALSE,TRUE,FALSE
3,527,1.00220860592975,TRUE,FALSE,TRUE,FALSE
3,528,0.992608136098822,TRUE,FALSE,TRUE,FALSE
3,529,0.998088243425275,TRUE,FALSE,TRUE,FALSE
3,530,1.00140225274395,TRUE,FALSE,TRUE,FALSE
3,531,0.997865421815551,TRUE,FALSE,TRUE,FALSE
3,532,0.993604947546179,TRUE,FALSE,TRUE,FALSE
3,533,0.996860812948325,TRUE,FALSE,TRUE,FALSE
3,534,1.00615064194187,TRUE,FALSE,TRUE,FALSE
3,535,1.00308311822936,TRUE,FALSE,TRUE,FALSE
3,536,1.00650383785025,TRUE,FALSE,TRUE,FALSE
3,537,0.991133618348558,FALSE,TRUE,TRUE,FALSE
3,538,1.00889458979476,TRUE,FALSE,TRUE,FALSE
3,539,1.00202253211384,TRUE,FALSE,TRUE,FALSE
3,540,0.997978065407644,TRUE,FALSE,TRUE,FALSE
3,541,0.988752077821072,FALSE,TRUE,TRUE,FALSE
3,542,1.00223119385178,TRUE,FALSE,TRUE,FALSE
3,543,1.00176113455559,TRUE,FALSE,TRUE,FALSE
3,544,0.999156743775435,TRUE,FALSE,TRUE,FALSE
3,545,0.996452570245187,TRUE,FALSE,TRUE,FALSE
3,546,0.999764737814865,TRUE,FALSE,TRUE,FALSE
3,547,1.00267213822691,TRUE,FALSE,TRUE,FALSE
3,548,1.00574097923773,TRUE,FALSE,TRUE,FALSE
3,549,0.990957310203442,FALSE,TRUE,TRUE,FALSE
3,550,0.998791730655754,TRUE,FALSE,TRUE,FALSE
3,551,0.996077535044924,TRUE,FALSE,TRUE,FALSE
3,552,1.00870781887988,TRUE,FALSE,TRUE,FALSE
3,553,1.00562020602496,TRUE,FALSE,TRUE,FALSE
3,554,0.996834523955707,TRUE,FALSE,TRUE,FALSE
3,555,1.00238718642924,TRUE,FALSE,TRUE,FALSE
3,556,1.00615432844815,TRUE,FALSE,TRUE,FALSE
3,557,0.994993711148769,TRUE,FALSE,TRUE,FALSE
3,558,0.996082882650492,TRUE,FALSE,TRUE,FALSE
3,559,1.00097480799982,TRUE,FALSE,TRUE,FALSE
3,560,1.00179535108736,TRUE,FALSE,TRUE,FALSE
3,561,0.999138572617617,TRUE,FALSE,TRUE,FALSE
3,562,0.996009635284355,TRUE,FALSE,TRUE,FALSE
3,563,1.00382435058273,TRUE,FALSE,TRUE,FALSE
3,564,1.00085524637706,TRUE,FALSE,TRUE,FALSE
3,565,1.00671751689038,TRUE,FALSE,TRUE,FALSE
3,566,0.994588692286473,TRUE,FALSE,TRUE,FALSE
3,567,0.994567047875875,TRUE,FALSE,TRUE,FALSE
3,568,0.998348955737899,TRUE,FALSE,TRUE,FALSE
3,569,0.994437146535823,TRUE,FALSE,TRUE,FALSE
3,570,1.00238984599329,TRUE,FALSE,TRUE,FALSE
3,571,0.99953303163749,TRUE,FALSE,TRUE,FALSE
3,572,0.996332147498384,TRUE,FALSE,TRUE,FALSE
3,573,1.00371814022902,TRUE,FALSE,TRUE,FALSE
3,574,1.00123761075998,TRUE,FALSE,TRUE,FALSE
3,575,1.00072263547473,TRUE,FALSE,TRUE,FALSE
3,576,1.00196808404514,TRUE,FALSE,TRUE,FALSE
3,577,1.00350625890566,TRUE,FALSE,TRUE,FALSE
3,578,0.995742724804633,TRUE,FALSE,TRUE,FALSE
3,579,0.999580878419892,TRUE,FALSE,TRUE,FALSE
3,580,0.999312562087476,TRUE,FALSE,TRUE,FALSE
3,581,0.999174914914081,TRUE,FALSE,TRUE,FALSE
3,582,1.00273775801022,TRUE,FALSE,TRUE,FALSE
3,583,0.997637330975111,TRUE,FALSE,TRUE,FALSE
3,584,1.00209743112416,TRUE,FALSE,TRUE,FALSE
3,585,1.00229859648408,TRUE,FALSE,TRUE,FALSE
3,586,1.00633820753748,TRUE,FALSE,TRUE,FALSE
3,587,0.993183965742766,TRUE,TRUE,TRUE,FALSE
3,588,0.995814429628204,TRUE,FALSE,TRUE,FALSE
3,589,1.00229808123912,TRUE,FALSE,TRUE,FALSE
3,590,1.00034816216788,TRUE,FALSE,TRUE,FALSE
3,591,0.996935891079572,TRUE,FALSE,TRUE,FALSE
3,592,1.00364399342494,TRUE,FALSE,TRUE,FALSE
3,593,1.01004571540566,FALSE,FALSE,TRUE,FALSE
3,594,1.01144624875407,FALSE,FALSE,TRUE,FALSE
3,595,0.99533987954839,TRUE,FALSE,TRUE,FALSE
3,596,1.0102560105765,FALSE,FALSE,TRUE,FALSE
3,597,1.0068292215469,TRUE,FALSE,TRUE,FALSE
3,598,0.999312557161426,TRUE,FALSE,TRUE,FALSE
3,599,1.00658304199755,TRUE,FALSE,TRUE,FALSE
3,600,0.993435963329346,TRUE,FALSE,TRUE,FALSE
3,601,0.993297207147068,TRUE,FALSE,TRUE,FALSE
3,602,0.99891476144597,TRUE,FALSE,TRUE,FALSE
3,603,0.998538445745818,TRUE,FALSE,TRUE,FALSE
3,604,0.998707033929126,TRUE,FALSE,TRUE,FALSE
3,605,0.999061172823439,TRUE,FALSE,TRUE,FALSE
3,606,0.999867247160095,TRUE,FALSE,TRUE,FALSE
3,607,0.999668592012324,TRUE,FALSE,TRUE,FALSE
3,608,1.00311655306872,TRUE,FALSE,TRUE,FALSE
3,609,0.992385678615912,TRUE,TRUE,TRUE,FALSE
3,610,0.997478611478073,TRUE,FALSE,TRUE,FALSE
3,611,0.995317267515251,TRUE,FALSE,TRUE,FALSE
3,612,1.00196723053341,TRUE,FALSE,TRUE,FALSE
3,613,1.00240408574417,TRUE,FALSE,TRUE,FALSE
3,614,1.00476148109725,TRUE,FALSE,TRUE,FALSE
3,615,1.00468076060246,TRUE,FALSE,TRUE,FALSE
3,616,1.00405103445433,TRUE,FALSE,TRUE,FALSE
3,617,1.00159772773704,TRUE,FALSE,TRUE,FALSE
3,618,1.00075944637787,TRUE,FALSE,TRUE,FALSE
3,619,0.99596971525861,TRUE,FALSE,TRUE,FALSE
3,620,0.998546174810526,TRUE,FALSE,TRUE,FALSE
3,621,1.00630776092866,TRUE,FALSE,TRUE,FALSE
3,622,1.00257169397922,TRUE,FALSE,TRUE,FALSE
3,623,0.998931624470131,TRUE,FALSE,TRUE,FALSE
3,624,0.99908375380653,TRUE,FALSE,TRUE,FALSE
3,625,0.998387280532724,TRUE,FALSE,TRUE,FALSE
3,626,1.00858445274933,TRUE,FALSE,TRUE,FALSE
3,627,1.00120012776153,TRUE,FALSE,TRUE,FALSE
3,628,0.995251144596746,TRUE,FALSE,TRUE,FALSE
3,629,0.999849709910907,TRUE,FALSE,TRUE,FALSE
3,630,0.992421815575259,TRUE,TRUE,TRUE,FALSE
3,631,0.999411512290473,TRUE,FALSE,TRUE,FALSE
3,632,1.00890097020988,FALSE,FALSE,TRUE,FALSE
3,633,1.00721005344878,TRUE,FALSE,TRUE,FALSE
3,634,0.99983959915065,TRUE,FALSE,TRUE,FALSE
3,635,0.999212936785476,TRUE,FALSE,TRUE,FALSE
3,636,1.00031956061687,TRUE,FALSE,TRUE,FALSE
3,637,0.998415992341154,TRUE,FALSE,TRUE,FALSE
3,638,1.00139509390007,TRUE,FALSE,TRUE,FALSE
3,639,0.996550637221916,TRUE,FALSE,TRUE,FALSE
3,640,1.00319850092712,TRUE,FALSE,TRUE,FALSE
3,641,1.00010040955284,TRUE,FALSE,TRUE,FALSE
3,642,0.998064522195953,TRUE,FALSE,TRUE,FALSE
3,643,0.996683750334851,TRUE,FALSE,TRUE,FALSE
3,644,0.999548205094357,TRUE,FALSE,TRUE,FALSE
3,645,0.997631434136938,TRUE,FALSE,TRUE,FALSE
3,646,1.00721823689997,TRUE,FALSE,TRUE,FALSE
3,647,1.00324035364376,TRUE,FALSE,TRUE,TRUE
3,648,0.994326676181789,TRUE,FALSE,TRUE,FALSE
3,649,1.0043040020802,TRUE,FALSE,TRUE,FALSE
3,650,0.998356632463442,TRUE,FALSE,TRUE,FALSE
3,651,0.995625661876238,TRUE,FALSE,TRUE,FALSE
3,652,0.99794466876205,TRUE,FALSE,TRUE,FALSE
3,653,0.99972156014673,TRUE,FALSE,TRUE,TRUE
3,654,1.00023344455774,TRUE,FALSE,TRUE,FALSE
3,655,0.995282896189089,TRUE,FALSE,TRUE,FALSE
3,656,1.00583148944927,TRUE,FALSE,TRUE,FALSE
3,657,1.0043075802242,TRUE,FALSE,TRUE,FALSE
3,658,0.992502307853818,TRUE,FALSE,TRUE,FALSE
3,659,1.00401966845611,TRUE,FALSE,TRUE,FALSE
3,660,1.0036047918582,TRUE,FALSE,TRUE,FALSE
3,661,0.996821337664466,TRUE,FALSE,TRUE,FALSE
3,662,1.00413524177288,TRUE,FALSE,TRUE,FALSE
3,663,0.993224253745749,TRUE,FALSE,TRUE,FALSE
3,664,1.00634352250778,TRUE,FALSE,TRUE,FALSE
3,665,0.995580794695651,TRUE,FALSE,TRUE,FALSE
3,666,0.999477043613035,TRUE,FALSE,TRUE,FALSE
3,667,1.00796248976514,TRUE,FALSE,TRUE,FALSE
3,668,1.00384887600893,TRUE,FALSE,TRUE,FALSE
3,669,0.9996359738069,TRUE,FALSE,TRUE,FALSE
3,670,1.00112877885142,TRUE,FALSE,TRUE,FALSE
3,671,0.997805972374895,TRUE,FALSE,TRUE,FALSE
3,672,0.993982280137535,TRUE,FALSE,TRUE,FALSE
3,673,1.00038621684842,TRUE,FALSE,TRUE,FALSE
3,674,0.995759141735214,TRUE,FALSE,TRUE,FALSE
3,675,1.004393682014,TRUE,FALSE,TRUE,FALSE
3,676,0.999943852548019,TRUE,FALSE,TRUE,FALSE
3,677,1.00415182125779,TRUE,FALSE,TRUE,FALSE
3,678,1.00725229108631,TRUE,FALSE,TRUE,FALSE
3,679,1.00487358349903,TRUE,FALSE,TRUE,FALSE
3,680,0.993107861835302,TRUE,FALSE,TRUE,FALSE
3,681,1.01060928833642,FALSE,FALSE,TRUE,FALSE
3,682,1.00526566960175,TRUE,FALSE,TRUE,FALSE
3,683,0.999387035963562,TRUE,FALSE,TRUE,FALSE
3,684,1.00438258799949,TRUE,FALSE,TRUE,FALSE
3,685,0.998236212174767,TRUE,FALSE,TRUE,FALSE
3,686,0.99504817405649,TRUE,FALSE,TRUE,FALSE
3,687,1.0013421263843,TRUE,FALSE,TRUE,FALSE
3,688,0.994072306980392,TRUE,FALSE,TRUE,FALSE
3,689,0.99180749116228,FALSE,TRUE,TRUE,FALSE
3,690,0.998516188736318,TRUE,FALSE,TRUE,FALSE
3,691,0.999288135159626,TRUE,FALSE,TRUE,FALSE
3,692,1.00214469797508,TRUE,FALSE,TRUE,FALSE
3,693,1.00078931483753,TRUE,FALSE,TRUE,FALSE
3,694,1.00579950414124,TRUE,FALSE,TRUE,FALSE
3,695,1.00449835291695,TRUE,FALSE,TRUE,FALSE
3,696,0.998608352841453,TRUE,FALSE,TRUE,FALSE
3,697,1.00212295951162,TRUE,FALSE,TRUE,FALSE
3,698,0.997330135241858,TRUE,FALSE,TRUE,FALSE
3,699,0.994585469906839,TRUE,FALSE,TRUE,FALSE
3,700,0.999404335659957,TRUE,FALSE,TRUE,FALSE
3,701,0.998463893300659,TRUE,FALSE,TRUE,FALSE
3,702,1.00552279835082,TRUE,FALSE,TRUE,FALSE
3,703,1.00045581841405,TRUE,FALSE,TRUE,FALSE
3,704,0.993812383062864,TRUE,FALSE,TRUE,FALSE
3,705,1.00580661444164,TRUE,FALSE,TRUE,FALSE
3,706,0.998897208653401,TRUE,FALSE,TRUE,FALSE
3,707,1.00607404054113,TRUE,FALSE,TRUE,FALSE
3,708,1.00582393101152,TRUE,FALSE,TRUE,FALSE
3,709,1.00586205694166,TRUE,FALSE,TRUE,FALSE
3,710,1.00096487435919,TRUE,FALSE,TRUE,FALSE
3,711,0.995050830073661,TRUE,FALSE,TRUE,FALSE
3,712,0.995901868322672,TRUE,FALSE,TRUE,FALSE
3,713,0.999692077079748,TRUE,FALSE,TRUE,FALSE
3,714,1.00351873752917,TRUE,FALSE,TRUE,FALSE
3,715,1.0002420238585,TRUE,FALSE,TRUE,FALSE
3,716,1.00083713526022,TRUE,FALSE,TRUE,FALSE
3,717,1.00507452781879,TRUE,FALSE,TRUE,FALSE
3,718,0.996532598193282,TRUE,FALSE,TRUE,FALSE
3,719,1.00176383057543,TRUE,FALSE,TRUE,FALSE
3,720,0.990836809924443,FALSE,TRUE,TRUE,FALSE
3,721,0.998422141847154,TRUE,FALSE,TRUE,FALSE
3,722,0.995048930076539,TRUE,FALSE,TRUE,FALSE
3,723,0.999446148955913,TRUE,FALSE,TRUE,FALSE
3,724,1.00419975030153,TRUE,FALSE,TRUE,FALSE
3,725,0.998170138873032,TRUE,FALSE,TRUE,FALSE
3,726,1.0051339496283,TRUE,FALSE,TRUE,FALSE
3,727,0.997200053134182,TRUE,FALSE,TRUE,FALSE
3,728,1.00323703284282,TRUE,FALSE,TRUE,FALSE
3,729,1.00002404791627,TRUE,FALSE,TRUE,FALSE
3,730,0.994850496978284,TRUE,FALSE,TRUE,FALSE
3,731,1.00068364845283,TRUE,FALSE,TRUE,FALSE
3,732,1.00005350836058,TRUE,FALSE,TRUE,FALSE
3,733,1.00414777784406,TRUE,FALSE,TRUE,FALSE
3,734,0.995645061617725,TRUE,FALSE,TRUE,FALSE
3,735,1.0000626817669,TRUE,FALSE,TRUE,FALSE
3,736,1.00336184286696,TRUE,FALSE,TRUE,FALSE
3,737,0.993990164676351,TRUE,FALSE,TRUE,FALSE
3,738,0.992900880925899,TRUE,FALSE,TRUE,FALSE
3,739,1.00457804021154,TRUE,FALSE,TRUE,FALSE
3,740,0.998363238858245,TRUE,FALSE,TRUE,FALSE
3,741,0.990613829133684,FALSE,TRUE,TRUE,FALSE
3,742,1.00385474583898,TRUE,FALSE,TRUE,FALSE
3,743,1.00199918960734,TRUE,FALSE,TRUE,FALSE
3,744,0.992162372870827,TRUE,TRUE,TRUE,FALSE
3,745,0.989742589261664,FALSE,TRUE,TRUE,FALSE
3,746,0.998421252154922,TRUE,FALSE,TRUE,FALSE
3,747,0.996069558768258,TRUE,FALSE,TRUE,FALSE
3,748,0.998995969418705,TRUE,FALSE,TRUE,FALSE
3,749,0.999962727343456,TRUE,FALSE,TRUE,FALSE
3,750,0.99721729867177,TRUE,FALSE,TRUE,FALSE
3,751,0.998700574746353,TRUE,FALSE,TRUE,FALSE
3,752,0.995896842355565,TRUE,FALSE,TRUE,FALSE
3,753,1.00272712609035,TRUE,FALSE,TRUE,FALSE
3,754,1.00574859140127,TRUE,FALSE,TRUE,FALSE
3,755,1.00062982312095,TRUE,FALSE,TRUE,FALSE
3,756,0.985091884087234,FALSE,TRUE,TRUE,FALSE
3,757,0.997963158845008,TRUE,FALSE,TRUE,FALSE
3,758,1.00101507264391,TRUE,FALSE,TRUE,FALSE
3,759,0.994175473366824,TRUE,FALSE,TRUE,FALSE
3,760,0.995202335489255,TRUE,FALSE,TRUE,FALSE
3,761,1.0010790701407,TRUE,FALSE,TRUE,FALSE
3,762,1.00407821361913,TRUE,FALSE,TRUE,FALSE
3,763,1.00491488120085,TRUE,FALSE,TRUE,FALSE
3,764,0.996133518989901,TRUE,FALSE,TRUE,FALSE
3,765,1.0055402826654,TRUE,FALSE,TRUE,FALSE
3,766,0.995732769712057,TRUE,FALSE,TRUE,FALSE
3,767,0.988996398053752,FALSE,TRUE,TRUE,FALSE
3,768,0.988328291430141,FALSE,TRUE,TRUE,FALSE
3,769,0.997220567142072,TRUE,FALSE,TRUE,FALSE
3,770,0.997060724567653,TRUE,FALSE,TRUE,FALSE
3,771,0.992417718420144,TRUE,TRUE,TRUE,FALSE
3,772,0.994840528917448,TRUE,FALSE,TRUE,FALSE
3,773,0.990807473777563,FALSE,TRUE,TRUE,FALSE
3,774,1.00225883234331,TRUE,FALSE,TRUE,FALSE
3,775,0.998316914138255,TRUE,FALSE,TRUE,FALSE
3,776,1.00090881814381,TRUE,FALSE,TRUE,FALSE
3,777,1.00278596553888,TRUE,FALSE,TRUE,FALSE
3,778,1.00125835837181,TRUE,FALSE,TRUE,FALSE
3,779,1.00232998389442,TRUE,FALSE,TRUE,FALSE
3,780,1.00134310187405,TRUE,FALSE,TRUE,FALSE
3,781,0.993285264548463,TRUE,TRUE,TRUE,FALSE
3,782,0.995285599132468,TRUE,FALSE,TRUE,FALSE
3,783,1.00281520338431,TRUE,FALSE,TRUE,FALSE
3,784,1.00272113813704,TRUE,FALSE,TRUE,FALSE
3,785,1.00167773687417,TRUE,FALSE,TRUE,FALSE
3,786,0.995492021298164,TRUE,FALSE,TRUE,FALSE
3,787,0.995769901531625,TRUE,FALSE,TRUE,FALSE
3,788,0.994573006176925,TRUE,FALSE,TRUE,FALSE
3,789,0.996124753135399,TRUE,FALSE,TRUE,FALSE
3,790,0.99321650648399,TRUE,FALSE,TRUE,FALSE
3,791,0.99903947646146,TRUE,FALSE,TRUE,FALSE
3,792,0.993515359695057,TRUE,FALSE,TRUE,FALSE
3,793,0.996970178281372,TRUE,FALSE,TRUE,FALSE
3,794,0.995998155746522,TRUE,FALSE,TRUE,FALSE
3,795,1.00306553768726,TRUE,FALSE,TRUE,FALSE
3,796,0.988260063840369,FALSE,TRUE,TRUE,FALSE
3,797,0.999765439372464,TRUE,FALSE,TRUE,FALSE
3,798,0.996422843649992,TRUE,FALSE,TRUE,FALSE
3,799,1.00096791494225,TRUE,FALSE,TRUE,FALSE
3,800,1.00270849973801,TRUE,FALSE,TRUE,FALSE
3,801,1.00208628028414,TRUE,FALSE,TRUE,FALSE
3,802,0.992943070324974,TRUE,FALSE,TRUE,FALSE
3,803,1.00152971210066,TRUE,FALSE,TRUE,FALSE
3,804,1.00361395588096,TRUE,FALSE,TRUE,FALSE
3,805,0.997193518433109,TRUE,FALSE,TRUE,FALSE
3,806,0.996317136619302,TRUE,FALSE,TRUE,FALSE
3,807,1.00235856448592,TRUE,FALSE,TRUE,FALSE
3,808,0.996835656891021,TRUE,FALSE,TRUE,FALSE
3,809,1.00033664264062,TRUE,FALSE,TRUE,FALSE
3,810,0.998365498185967,TRUE,FALSE,TRUE,FALSE
3,811,1.00047705830705,TRUE,FALSE,TRUE,FALSE
3,812,1.0030257841255,TRUE,FALSE,TRUE,FALSE
3,813,1.00461479520329,TRUE,FALSE,TRUE,FALSE
3,814,0.997431948047016,TRUE,FALSE,TRUE,TRUE
3,815,1.00034169775676,TRUE,FALSE,TRUE,FALSE
3,816,0.997743518149601,TRUE,FALSE,TRUE,FALSE
3,817,0.996438243242572,TRUE,FALSE,TRUE,FALSE
3,818,0.996945983513615,TRUE,FALSE,TRUE,FALSE
3,819,1.00252348242817,TRUE,FALSE,TRUE,FALSE
3,820,1.00058492662058,TRUE,FALSE,TRUE,FALSE
3,821,1.00031905516742,TRUE,FALSE,TRUE,FALSE
3,822,1.00033603527563,TRUE,FALSE,TRUE,FALSE
3,823,1.00392166898534,TRUE,FALSE,TRUE,FALSE
3,824,1.00895162390301,FALSE,FALSE,TRUE,FALSE
3,825,1.00538925939749,TRUE,FALSE,TRUE,FALSE
3,826,0.993713905446271,TRUE,FALSE,TRUE,FALSE
3,827,0.994615361767544,TRUE,FALSE,TRUE,FALSE
3,828,1.00594131493016,TRUE,FALSE,TRUE,FALSE
3,829,0.994799100194429,TRUE,FALSE,TRUE,FALSE
3,830,0.997745929441467,TRUE,FALSE,TRUE,FALSE
3,831,0.999490343020825,TRUE,FALSE,TRUE,FALSE
3,832,1.00083134938021,TRUE,FALSE,TRUE,FALSE
3,833,0.998515543969445,TRUE,FALSE,TRUE,FALSE
3,834,0.996929985985972,TRUE,FALSE,TRUE,FALSE
3,835,1.00395077295736,TRUE,FALSE,TRUE,FALSE
3,836,0.994948598866407,TRUE,FALSE,TRUE,FALSE
3,837,0.997872651925671,TRUE,FALSE,TRUE,FALSE
3,838,1.00641264059996,TRUE,FALSE,TRUE,FALSE
3,839,1.00103539516043,TRUE,FALSE,TRUE,FALSE
3,840,0.994662592519386,TRUE,FALSE,TRUE,FALSE
3,841,0.990188071155492,FALSE,TRUE,TRUE,FALSE
3,842,1.00254540025889,TRUE,FALSE,TRUE,FALSE
3,843,1.00188217479029,TRUE,FALSE,TRUE,FALSE
3,844,0.998942573484554,TRUE,FALSE,TRUE,FALSE
3,845,1.00243744020748,TRUE,FALSE,TRUE,FALSE
3,846,1.00144071290144,TRUE,FALSE,TRUE,FALSE
3,847,1.00499742040396,TRUE,FALSE,TRUE,FALSE
3,848,1.00076732726461,TRUE,FALSE,TRUE,FALSE
3,849,0.998126509747535,TRUE,FALSE,TRUE,FALSE
3,850,1.00133583579859,TRUE,FALSE,TRUE,FALSE
3,851,1.00188447467885,TRUE,FALSE,TRUE,FALSE
3,852,1.006944866985,TRUE,FALSE,TRUE,FALSE
3,853,0.99948542992755,TRUE,FALSE,TRUE,FALSE
3,854,1.00720521286185,TRUE,FALSE,TRUE,FALSE
3,855,0.995787585369919,TRUE,FALSE,TRUE,FALSE
3,856,0.99754203974298,TRUE,FALSE,TRUE,FALSE
3,857,1.00430237672222,TRUE,FALSE,TRUE,FALSE
3,858,0.998512256759512,TRUE,FALSE,TRUE,FALSE
3,859,0.994087231831232,TRUE,FALSE,TRUE,FALSE
3,860,0.994754453715266,TRUE,FALSE,TRUE,FALSE
3,861,1.00170127003618,TRUE,FALSE,TRUE,FALSE
3,862,1.0038200020161,TRUE,FALSE,TRUE,FALSE
3,863,1.0048420837238,TRUE,FALSE,TRUE,FALSE
3,864,1.00242678863289,TRUE,FALSE,TRUE,FALSE
3,865,0.996062768769199,TRUE,FALSE,TRUE,FALSE
3,866,1.00422407387065,TRUE,FALSE,TRUE,FALSE
3,867,1.00256569598184,TRUE,FALSE,TRUE,FALSE
3,868,0.999075877169575,TRUE,FALSE,TRUE,FALSE
3,869,0.99971723328964,TRUE,FALSE,TRUE,FALSE
3,870,1.00482810901542,TRUE,FALSE,TRUE,FALSE
3,871,0.998650872751202,TRUE,FALSE,TRUE,FALSE
3,872,0.995918104662692,TRUE,FALSE,TRUE,FALSE
3,873,0.99617733181484,TRUE,FALSE,TRUE,FALSE
3,874,0.995602002004944,TRUE,FALSE,TRUE,FALSE
3,875,1.00304172734376,TRUE,FALSE,TRUE,FALSE
3,876,1.00145466839702,TRUE,FALSE,TRUE,FALSE
3,877,0.99573440030776,TRUE,FALSE,TRUE,FALSE
3,878,1.00637566907887,TRUE,FALSE,TRUE,FALSE
3,879,0.999371784570224,TRUE,FALSE,TRUE,FALSE
3,880,0.998848629166945,TRUE,FALSE,TRUE,FALSE
3,881,1.00399572925875,TRUE,FALSE,TRUE,TRUE
3,882,1.00575745569396,TRUE,FALSE,TRUE,FALSE
3,883,1.00293506279449,TRUE,FALSE,TRUE,FALSE
3,884,1.00252565843669,TRUE,FALSE,TRUE,FALSE
3,885,0.995817767894198,TRUE,FALSE,TRUE,FALSE
3,886,1.00212974004135,TRUE,FALSE,TRUE,FALSE
3,887,0.999855607550228,TRUE,FALSE,TRUE,FALSE
3,888,1.00158572500118,TRUE,FALSE,TRUE,FALSE
3,889,1.00368517902448,TRUE,FALSE,TRUE,FALSE
3,890,1.00426335779307,TRUE,FALSE,TRUE,FALSE
3,891,1.00406927418085,TRUE,FALSE,TRUE,FALSE
3,892,0.995320491535432,TRUE,FALSE,TRUE,FALSE
3,893,0.995702221436385,TRUE,FALSE,TRUE,FALSE
3,894,0.998319623403736,TRUE,FALSE,TRUE,FALSE
3,895,0.997101659404862,TRUE,FALSE,TRUE,FALSE
3,896,1.00999292711309,FALSE,FALSE,TRUE,FALSE
3,897,0.999954385062655,TRUE,FALSE,TRUE,FALSE
3,898,1.00894034653926,FALSE,FALSE,TRUE,FALSE
3,899,0.994660890974694,TRUE,FALSE,TRUE,FALSE
3,900,1.00901183817442,FALSE,FALSE,TRUE,FALSE
3,901,1.00780609793341,TRUE,FALSE,TRUE,FALSE
3,902,1.00356382182123,TRUE,FALSE,TRUE,FALSE
3,903,1.00457829146807,TRUE,FALSE,TRUE,FALSE
3,904,0.998495150984079,TRUE,FALSE,TRUE,FALSE
3,905,1.00178352718622,TRUE,FALSE,TRUE,FALSE
3,906,0.994151773205018,TRUE,FALSE,TRUE,FALSE
3,907,0.995942122669431,TRUE,FALSE,TRUE,FALSE
3,908,1.00103817192688,TRUE,FALSE,TRUE,FALSE
3,909,0.997998867943566,TRUE,FALSE,TRUE,FALSE
3,910,0.998762747866564,TRUE,FALSE,TRUE,FALSE
3,911,0.993609178989667,TRUE,FALSE,TRUE,FALSE
3,912,0.998350359857992,TRUE,FALSE,TRUE,FALSE
3,913,1.00223667755405,TRUE,FALSE,TRUE,FALSE
3,914,1.00786937682629,TRUE,FALSE,TRUE,FALSE
3,915,0.990689056672783,TRUE,TRUE,TRUE,FALSE
3,916,1.00568115963706,TRUE,FALSE,TRUE,FALSE
3,917,0.994617126894957,TRUE,FALSE,TRUE,FALSE
3,918,0.99716603297138,TRUE,FALSE,TRUE,FALSE
3,919,1.00749294974602,TRUE,FALSE,TRUE,FALSE
3,920,0.992042868260248,TRUE,TRUE,TRUE,FALSE
3,921,1.00114193679833,TRUE,FALSE,TRUE,FALSE
3,922,1.00371235849,TRUE,FALSE,TRUE,TRUE
3,923,1.00866674987824,TRUE,FALSE,TRUE,FALSE
3,924,0.997924639835959,TRUE,FALSE,TRUE,FALSE
3,925,0.993787700830363,TRUE,FALSE,TRUE,FALSE
3,926,1.00640801025973,TRUE,FALSE,TRUE,FALSE
3,927,1.00365532379619,TRUE,FALSE,TRUE,FALSE
3,928,0.992551535117154,TRUE,TRUE,TRUE,FALSE
3,929,0.984206074136577,FALSE,TRUE,TRUE,FALSE
3,930,0.989579315538802,FALSE,TRUE,TRUE,FALSE
3,931,1.00539120134945,TRUE,FALSE,TRUE,FALSE
3,932,1.00202340354151,TRUE,FALSE,TRUE,FALSE
3,933,1.00556997513468,TRUE,FALSE,TRUE,FALSE
3,934,0.996152617250919,TRUE,FALSE,TRUE,FALSE
3,935,0.999114047845718,TRUE,FALSE,TRUE,FALSE
3,936,1.00211944966959,TRUE,FALSE,TRUE,FALSE
3,937,0.994440621003334,TRUE,FALSE,TRUE,FALSE
3,938,0.999788390847151,TRUE,FALSE,TRUE,FALSE
3,939,0.998350948814083,TRUE,FALSE,TRUE,FALSE
3,940,0.993434718629036,TRUE,FALSE,TRUE,FALSE
3,941,0.997860213557665,TRUE,FALSE,TRUE,FALSE
3,942,0.99550175284318,TRUE,FALSE,TRUE,FALSE
3,943,1.0108189486498,FALSE,FALSE,TRUE,FALSE
3,944,1.00523410356911,TRUE,FALSE,TRUE,FALSE
3,945,1.00193163899044,TRUE,FALSE,TRUE,FALSE
3,946,0.992740188296844,TRUE,FALSE,TRUE,FALSE
3,947,1.00349103648052,TRUE,FALSE,TRUE,FALSE
3,948,1.00071458339092,TRUE,FALSE,TRUE,FALSE
3,949,0.997475285588051,TRUE,FALSE,TRUE,FALSE
3,950,0.99462948722314,TRUE,FALSE,TRUE,FALSE
3,951,1.00045240274175,TRUE,FALSE,TRUE,FALSE
3,952,0.999554803404394,TRUE,FALSE,TRUE,FALSE
3,953,1.00008236169291,TRUE,FALSE,TRUE,FALSE
3,954,1.00696569656767,TRUE,FALSE,TRUE,FALSE
3,955,0.99610505892154,TRUE,FALSE,TRUE,FALSE
3,956,1.00352542328131,TRUE,FALSE,TRUE,FALSE
3,957,0.999889255008083,TRUE,FALSE,TRUE,FALSE
3,958,1.01197501545732,FALSE,FALSE,TRUE,FALSE
3,959,0.996945449820197,TRUE,FALSE,TRUE,FALSE
3,960,1.00638212962992,TRUE,FALSE,TRUE,FALSE
3,961,0.997066472784067,TRUE,FALSE,TRUE,FALSE
3,962,0.994400757365374,TRUE,FALSE,TRUE,FALSE
3,963,1.00098116279013,TRUE,FALSE,TRUE,FALSE
3,964,1.00013630955396,TRUE,FALSE,TRUE,FALSE
3,965,1.00642163436396,TRUE,FALSE,TRUE,FALSE
3,966,0.998610661605758,TRUE,FALSE,TRUE,FALSE
3,967,0.991084120448506,TRUE,TRUE,TRUE,FALSE
3,968,0.997758584452654,TRUE,FALSE,TRUE,FALSE
3,969,1.00005206955944,TRUE,FALSE,TRUE,FALSE
3,970,0.995293506108949,TRUE,FALSE,TRUE,FALSE
3,971,1.00157804630804,TRUE,FALSE,TRUE,FALSE
3,972,0.997405448541254,TRUE,FALSE,TRUE,FALSE
3,973,0.997182520818735,TRUE,FALSE,TRUE,FALSE
3,974,0.996192534974332,TRUE,FALSE,TRUE,FALSE
3,975,0.995782855852183,TRUE,FALSE,TRUE,FALSE
3,976,1.00030598797679,TRUE,FALSE,TRUE,FALSE
3,977,1.00013872336251,TRUE,FALSE,TRUE,FALSE
3,978,1.0047193050873,TRUE,FALSE,TRUE,FALSE
3,979,1.0004225579677,TRUE,FALSE,TRUE,FALSE
3,980,1.00095403327469,TRUE,FALSE,TRUE,FALSE
3,981,1.0048762154058,TRUE,FALSE,TRUE,FALSE
3,982,1.00840760465696,FALSE,FALSE,TRUE,FALSE
3,983,1.00183983312118,TRUE,FALSE,TRUE,FALSE
3,984,1.00611366350063,TRUE,FALSE,TRUE,FALSE
3,985,0.998712926829311,TRUE,FALSE,TRUE,FALSE
3,986,1.00089219478813,TRUE,FALSE,TRUE,FALSE
3,987,1.00557882852348,TRUE,FALSE,TRUE,FALSE
3,988,0.997295974923829,TRUE,FALSE,TRUE,FALSE
3,989,0.996429464139766,TRUE,FALSE,TRUE,FALSE
3,990,1.00415963822293,TRUE,FALSE,TRUE,FALSE
3,991,1.00542763960278,TRUE,FALSE,TRUE,FALSE
3,992,1.00548071648207,TRUE,FALSE,TRUE,FALSE
3,993,0.991613321580316,TRUE,TRUE,TRUE,FALSE
3,994,0.995442236947539,TRUE,FALSE,TRUE,FALSE
3,995,1.00148121705194,TRUE,FALSE,TRUE,FALSE
3,996,0.998134151141045,TRUE,FALSE,TRUE,FALSE
3,997,1.00107675658263,TRUE,FALSE,TRUE,FALSE
3,998,1.0053002292937,TRUE,FALSE,TRUE,FALSE
3,999,1.00537706598297,TRUE,FALSE,TRUE,FALSE
3,1000,1.00145357936465,TRUE,FALSE,TRUE,FALSE
4,1,0.599936145863749,TRUE,TRUE,TRUE,FALSE
4,2,0.60562121911957,TRUE,TRUE,TRUE,FALSE
4,3,0.60067050088676,TRUE,TRUE,TRUE,FALSE
4,4,0.595844333228395,TRUE,TRUE,TRUE,FALSE
4,5,0.606461865876142,TRUE,TRUE,TRUE,FALSE
4,6,0.600744600415488,TRUE,TRUE,TRUE,FALSE
4,7,0.599418552064495,TRUE,TRUE,TRUE,FALSE
4,8,0.603173988319339,TRUE,TRUE,TRUE,FALSE
4,9,0.590823001094055,TRUE,TRUE,TRUE,FALSE
4,10,0.604910669729581,TRUE,TRUE,TRUE,FALSE
4,11,0.595526884259109,TRUE,TRUE,TRUE,FALSE
4,12,0.594896884677625,TRUE,TRUE,TRUE,FALSE
4,13,0.604645488738719,TRUE,TRUE,TRUE,FALSE
4,14,0.604820894001853,TRUE,TRUE,TRUE,FALSE
4,15,0.5939828709536,TRUE,TRUE,TRUE,FALSE
4,16,0.601022218636952,TRUE,TRUE,TRUE,FALSE
4,17,0.593471671652638,TRUE,TRUE,TRUE,FALSE
4,18,0.59862090542355,TRUE,TRUE,TRUE,FALSE
4,19,0.602680608345854,TRUE,TRUE,TRUE,FALSE
4,20,0.59760829608744,TRUE,TRUE,TRUE,FALSE
4,21,0.596348292768192,TRUE,TRUE,TRUE,FALSE
4,22,0.603618654430046,TRUE,TRUE,TRUE,FALSE
4,23,0.608768671625155,TRUE,TRUE,TRUE,FALSE
4,24,0.599501595012092,TRUE,TRUE,TRUE,FALSE
4,25,0.597838240881353,TRUE,TRUE,TRUE,FALSE
4,26,0.602126329462676,TRUE,TRUE,TRUE,FALSE
4,27,0.595319928773278,TRUE,TRUE,TRUE,FALSE
4,28,0.598356475902195,TRUE,TRUE,TRUE,FALSE
4,29,0.602175407741805,TRUE,TRUE,TRUE,FALSE
4,30,0.607656745894427,TRUE,TRUE,TRUE,FALSE
4,31,0.602131868049606,TRUE,TRUE,TRUE,FALSE
4,32,0.604081772013647,TRUE,TRUE,TRUE,FALSE
4,33,0.602502692666603,TRUE,TRUE,TRUE,FALSE
4,34,0.600098322803952,TRUE,TRUE,TRUE,FALSE
4,35,0.603282989157789,TRUE,TRUE,TRUE,FALSE
4,36,0.601457200991616,TRUE,TRUE,TRUE,FALSE
4,37,0.601921178788391,TRUE,TRUE,TRUE,FALSE
4,38,0.604374777976115,TRUE,TRUE,TRUE,FALSE
4,39,0.590128458146368,FALSE,TRUE,TRUE,FALSE
4,40,0.601924659182851,TRUE,TRUE,TRUE,FALSE
4,41,0.601989833392302,TRUE,TRUE,TRUE,FALSE
4,42,0.601069304311576,TRUE,TRUE,TRUE,FALSE
4,43,0.602672692436208,TRUE,TRUE,TRUE,FALSE
4,44,0.609238947177449,FALSE,TRUE,TRUE,FALSE
4,45,0.600285807386713,TRUE,TRUE,TRUE,FALSE
4,46,0.606863577482861,TRUE,TRUE,TRUE,FALSE
4,47,0.600040143535346,TRUE,TRUE,TRUE,FALSE
4,48,0.601291299843612,TRUE,TRUE,TRUE,FALSE
4,49,0.602773944348092,TRUE,TRUE,TRUE,FALSE
4,50,0.599893492874658,TRUE,TRUE,TRUE,FALSE
4,51,0.591423341109321,FALSE,TRUE,TRUE,FALSE
4,52,0.597056286616791,TRUE,TRUE,TRUE,FALSE
4,53,0.601180484806773,TRUE,TRUE,TRUE,FALSE
4,54,0.604795670589201,TRUE,TRUE,TRUE,FALSE
4,55,0.604125866263565,TRUE,TRUE,TRUE,FALSE
4,56,0.601960997760507,TRUE,TRUE,TRUE,FALSE
4,57,0.603783494200089,TRUE,TRUE,TRUE,FALSE
4,58,0.598621646110938,TRUE,TRUE,TRUE,FALSE
4,59,0.597960094820324,TRUE,TRUE,TRUE,FALSE
4,60,0.596625599776402,TRUE,TRUE,TRUE,FALSE
4,61,0.602876880408271,TRUE,TRUE,TRUE,FALSE
4,62,0.604365441257043,TRUE,TRUE,TRUE,FALSE
4,63,0.595431624939322,TRUE,TRUE,TRUE,FALSE
4,64,0.591107620251393,FALSE,TRUE,TRUE,FALSE
4,65,0.604496553594165,TRUE,TRUE,TRUE,FALSE
4,66,0.600336515170997,TRUE,TRUE,TRUE,FALSE
4,67,0.60723892030854,TRUE,TRUE,TRUE,FALSE
4,68,0.596607140227621,TRUE,TRUE,TRUE,FALSE
4,69,0.595199630020373,TRUE,TRUE,TRUE,FALSE
4,70,0.598006828195955,TRUE,TRUE,TRUE,FALSE
4,71,0.597017495074333,TRUE,TRUE,TRUE,FALSE
4,72,0.595831215238283,TRUE,TRUE,TRUE,FALSE
4,73,0.603711095626291,TRUE,TRUE,TRUE,FALSE
4,74,0.596963946610803,TRUE,TRUE,TRUE,FALSE
4,75,0.597176125509416,TRUE,TRUE,TRUE,FALSE
4,76,0.599316617394849,TRUE,TRUE,TRUE,FALSE
4,77,0.605171600763151,TRUE,TRUE,TRUE,FALSE
4,78,0.610286056954382,FALSE,TRUE,TRUE,FALSE
4,79,0.602230492085261,TRUE,TRUE,TRUE,FALSE
4,80,0.599243580416741,TRUE,TRUE,TRUE,FALSE
4,81,0.6006731622524,TRUE,TRUE,TRUE,FALSE
4,82,0.599375574631297,TRUE,TRUE,TRUE,FALSE
4,83,0.598717899683635,TRUE,TRUE,TRUE,FALSE
4,84,0.588332150535654,FALSE,TRUE,TRUE,FALSE
4,85,0.597276629427801,TRUE,TRUE,TRUE,FALSE
4,86,0.606014617112464,TRUE,TRUE,TRUE,FALSE
4,87,0.600492377847021,TRUE,TRUE,TRUE,FALSE
4,88,0.603557089799151,TRUE,TRUE,TRUE,FALSE
4,89,0.599952140120524,TRUE,TRUE,TRUE,FALSE
4,90,0.594735763919773,TRUE,TRUE,TRUE,FALSE
4,91,0.601089262868861,TRUE,TRUE,TRUE,FALSE
4,92,0.599642909661888,TRUE,TRUE,TRUE,FALSE
4,93,0.59613170333721,TRUE,TRUE,TRUE,FALSE
4,94,0.601668468684265,TRUE,TRUE,TRUE,FALSE
4,95,0.593108007957066,TRUE,TRUE,TRUE,FALSE
4,96,0.601997982325321,TRUE,TRUE,TRUE,FALSE
4,97,0.60070045105037,TRUE,TRUE,TRUE,FALSE
4,98,0.603794235233739,TRUE,TRUE,TRUE,FALSE
4,99,0.598143446548059,TRUE,TRUE,TRUE,FALSE
4,100,0.604659054020994,TRUE,TRUE,TRUE,FALSE
4,101,0.60052867603465,TRUE,TRUE,TRUE,FALSE
4,102,0.591778208017013,TRUE,TRUE,TRUE,FALSE
4,103,0.592702320304135,TRUE,TRUE,TRUE,FALSE
4,104,0.600904551791524,TRUE,TRUE,TRUE,FALSE
4,105,0.605873871615588,TRUE,TRUE,TRUE,FALSE
4,106,0.599956610131464,TRUE,TRUE,TRUE,FALSE
4,107,0.599461992806076,TRUE,TRUE,TRUE,FALSE
4,108,0.595576050213355,TRUE,TRUE,TRUE,FALSE
4,109,0.591510993456674,FALSE,TRUE,TRUE,FALSE
4,110,0.598441139318615,TRUE,TRUE,TRUE,FALSE
4,111,0.594464629164067,TRUE,TRUE,TRUE,FALSE
4,112,0.600129956645624,TRUE,TRUE,TRUE,FALSE
4,113,0.598170788064379,TRUE,TRUE,TRUE,FALSE
4,114,0.595086422188289,TRUE,TRUE,TRUE,FALSE
4,115,0.603746833184501,TRUE,TRUE,TRUE,FALSE
4,116,0.598432003177941,TRUE,TRUE,TRUE,FALSE
4,117,0.600785227576761,TRUE,TRUE,TRUE,FALSE
4,118,0.600238955115343,TRUE,TRUE,TRUE,FALSE
4,119,0.606182837896913,TRUE,TRUE,TRUE,FALSE
4,120,0.594928990145763,TRUE,TRUE,TRUE,FALSE
4,121,0.59699893983254,TRUE,TRUE,TRUE,FALSE
4,122,0.599072295269233,TRUE,TRUE,TRUE,FALSE
4,123,0.604624773051177,TRUE,TRUE,TRUE,FALSE
4,124,0.599809431951902,TRUE,TRUE,TRUE,FALSE
4,125,0.604595095671413,TRUE,TRUE,TRUE,FALSE
4,126,0.61039655699004,FALSE,TRUE,TRUE,FALSE
4,127,0.602484000379942,TRUE,TRUE,TRUE,FALSE
4,128,0.597977086444471,TRUE,TRUE,TRUE,FALSE
4,129,0.594730704696342,TRUE,TRUE,TRUE,FALSE
4,130,0.598234507607763,TRUE,TRUE,TRUE,FALSE
4,131,0.595188885553238,TRUE,TRUE,TRUE,FALSE
4,132,0.609055918404846,FALSE,TRUE,TRUE,FALSE
4,133,0.595617701136412,TRUE,TRUE,TRUE,FALSE
4,134,0.609685217958434,FALSE,TRUE,TRUE,FALSE
4,135,0.592638797360535,TRUE,TRUE,TRUE,FALSE
4,136,0.600075061183315,TRUE,TRUE,TRUE,FALSE
4,137,0.600541884124646,TRUE,TRUE,TRUE,FALSE
4,138,0.599978238844106,TRUE,TRUE,TRUE,FALSE
4,139,0.594372304614747,TRUE,TRUE,TRUE,FALSE
4,140,0.600751388119254,TRUE,TRUE,TRUE,FALSE
4,141,0.599187178959498,TRUE,TRUE,TRUE,FALSE
4,142,0.605592041870473,TRUE,TRUE,TRUE,FALSE
4,143,0.60287578618833,TRUE,TRUE,TRUE,FALSE
4,144,0.601064233690024,TRUE,TRUE,TRUE,FALSE
4,145,0.597029830428975,TRUE,TRUE,TRUE,FALSE
4,146,0.593464273939325,TRUE,TRUE,TRUE,FALSE
4,147,0.595548090305585,TRUE,TRUE,TRUE,FALSE
4,148,0.601688048535252,TRUE,TRUE,TRUE,FALSE
4,149,0.592614433196784,TRUE,TRUE,TRUE,FALSE
4,150,0.600256284023509,TRUE,TRUE,TRUE,FALSE
4,151,0.591103699933056,FALSE,TRUE,TRUE,FALSE
4,152,0.608635297032849,TRUE,TRUE,TRUE,FALSE
4,153,0.594679764633112,TRUE,TRUE,TRUE,FALSE
4,154,0.596060182152646,TRUE,TRUE,TRUE,FALSE
4,155,0.60082528019616,TRUE,TRUE,TRUE,FALSE
4,156,0.60611938822787,TRUE,TRUE,TRUE,FALSE
4,157,0.601098805136436,TRUE,TRUE,TRUE,FALSE
4,158,0.600642136523896,TRUE,TRUE,TRUE,FALSE
4,159,0.593456571498437,TRUE,TRUE,TRUE,FALSE
4,160,0.591706502104875,FALSE,TRUE,TRUE,FALSE
4,161,0.599827473602905,TRUE,TRUE,TRUE,FALSE
4,162,0.60020509560211,TRUE,TRUE,TRUE,FALSE
4,163,0.602274683859454,TRUE,TRUE,TRUE,FALSE
4,164,0.594353881827088,TRUE,TRUE,TRUE,FALSE
4,165,0.592168346058471,TRUE,TRUE,TRUE,FALSE
4,166,0.598711695580011,TRUE,TRUE,TRUE,FALSE
4,167,0.608672869021805,FALSE,TRUE,TRUE,FALSE
4,168,0.600476873262735,TRUE,TRUE,TRUE,FALSE
4,169,0.595037835434511,TRUE,TRUE,TRUE,FALSE
4,170,0.599565695778475,TRUE,TRUE,TRUE,FALSE
4,171,0.599822983630302,TRUE,TRUE,TRUE,FALSE
4,172,0.597304119632691,TRUE,TRUE,TRUE,FALSE
4,173,0.607334610617234,TRUE,TRUE,TRUE,FALSE
4,174,0.598849185356244,TRUE,TRUE,TRUE,FALSE
4,175,0.600869838544007,TRUE,TRUE,TRUE,FALSE
4,176,0.601236250035475,TRUE,TRUE,TRUE,FALSE
4,177,0.603899265473747,TRUE,TRUE,TRUE,FALSE
4,178,0.596930193221913,TRUE,TRUE,TRUE,FALSE
4,179,0.593296632470343,TRUE,TRUE,TRUE,FALSE
4,180,0.598706072888644,TRUE,TRUE,TRUE,FALSE
4,181,0.600045569951747,TRUE,TRUE,TRUE,FALSE
4,182,0.59772084267912,TRUE,TRUE,TRUE,FALSE
4,183,0.600123483485035,TRUE,TRUE,TRUE,FALSE
4,184,0.597885854390952,TRUE,TRUE,TRUE,FALSE
4,185,0.605151512677809,TRUE,TRUE,TRUE,FALSE
4,186,0.59523258045912,TRUE,TRUE,TRUE,FALSE
4,187,0.591256641580977,TRUE,TRUE,TRUE,FALSE
4,188,0.601701593261901,TRUE,TRUE,TRUE,FALSE
4,189,0.602403899239626,TRUE,TRUE,TRUE,FALSE
4,190,0.605874853226016,TRUE,TRUE,TRUE,FALSE
4,191,0.601224926536911,TRUE,TRUE,TRUE,FALSE
4,192,0.605899083571384,TRUE,TRUE,TRUE,FALSE
4,193,0.59488404053056,TRUE,TRUE,TRUE,FALSE
4,194,0.60213563585192,TRUE,TRUE,TRUE,FALSE
4,195,0.597537068357034,TRUE,TRUE,TRUE,FALSE
4,196,0.603706068953691,TRUE,TRUE,TRUE,FALSE
4,197,0.609144986495999,FALSE,TRUE,TRUE,FALSE
4,198,0.597501377443133,TRUE,TRUE,TRUE,FALSE
4,199,0.612542497900227,FALSE,TRUE,TRUE,FALSE
4,200,0.591804516552593,TRUE,TRUE,TRUE,FALSE
4,201,0.590514753942113,TRUE,TRUE,TRUE,FALSE
4,202,0.60186152312938,TRUE,TRUE,TRUE,FALSE
4,203,0.606240336884591,TRUE,TRUE,TRUE,FALSE
4,204,0.610342372900231,FALSE,TRUE,TRUE,FALSE
4,205,0.601939190088185,TRUE,TRUE,TRUE,FALSE
4,206,0.606028497211407,TRUE,TRUE,TRUE,FALSE
4,207,0.598604817932582,TRUE,TRUE,TRUE,FALSE
4,208,0.601935981788688,TRUE,TRUE,TRUE,FALSE
4,209,0.598072470306222,TRUE,TRUE,TRUE,FALSE
4,210,0.59719491519293,TRUE,TRUE,TRUE,FALSE
4,211,0.593842813101886,TRUE,TRUE,TRUE,FALSE
4,212,0.606565584140387,TRUE,TRUE,TRUE,FALSE
4,213,0.600928006005065,TRUE,TRUE,TRUE,FALSE
4,214,0.591380758206381,FALSE,TRUE,TRUE,FALSE
4,215,0.607043854570074,TRUE,TRUE,TRUE,FALSE
4,216,0.601646779003643,TRUE,TRUE,TRUE,FALSE
4,217,0.604823446899433,TRUE,TRUE,TRUE,FALSE
4,218,0.603189724348044,TRUE,TRUE,TRUE,FALSE
4,219,0.603089621592156,TRUE,TRUE,TRUE,FALSE
4,220,0.596387813202755,TRUE,TRUE,TRUE,FALSE
4,221,0.600133157081609,TRUE,TRUE,TRUE,FALSE
4,222,0.597713984953589,TRUE,TRUE,TRUE,FALSE
4,223,0.598805674468313,TRUE,TRUE,TRUE,FALSE
4,224,0.601958292369171,TRUE,TRUE,TRUE,FALSE
4,225,0.593737613313777,TRUE,TRUE,TRUE,FALSE
4,226,0.596123381619836,TRUE,TRUE,TRUE,FALSE
4,227,0.594002014450173,TRUE,TRUE,TRUE,FALSE
4,228,0.593356237127447,TRUE,TRUE,TRUE,FALSE
4,229,0.593359653009073,TRUE,TRUE,TRUE,FALSE
4,230,0.593080975808797,TRUE,TRUE,TRUE,FALSE
4,231,0.597861729971775,TRUE,TRUE,TRUE,FALSE
4,232,0.598056983384102,TRUE,TRUE,TRUE,FALSE
4,233,0.592977806055244,TRUE,TRUE,TRUE,FALSE
4,234,0.603350153475979,TRUE,TRUE,TRUE,FALSE
4,235,0.598123564120626,TRUE,TRUE,TRUE,FALSE
4,236,0.59614667616625,TRUE,TRUE,TRUE,FALSE
4,237,0.602302290140503,TRUE,TRUE,TRUE,FALSE
4,238,0.608276302649349,TRUE,TRUE,TRUE,FALSE
4,239,0.601665536992077,TRUE,TRUE,TRUE,FALSE
4,240,0.593868683392553,TRUE,TRUE,TRUE,FALSE
4,241,0.595568267545396,TRUE,TRUE,TRUE,FALSE
4,242,0.593345748394331,TRUE,TRUE,TRUE,FALSE
4,243,0.597241775590772,TRUE,TRUE,TRUE,FALSE
4,244,0.600393674379689,TRUE,TRUE,TRUE,FALSE
4,245,0.594843718325866,TRUE,TRUE,TRUE,FALSE
4,246,0.598747336877201,TRUE,TRUE,TRUE,FALSE
4,247,0.59439977319237,TRUE,TRUE,TRUE,FALSE
4,248,0.597313212000077,TRUE,TRUE,TRUE,FALSE
4,249,0.600249484714396,TRUE,TRUE,TRUE,FALSE
4,250,0.593784843796098,TRUE,TRUE,TRUE,FALSE
4,251,0.599941873309924,TRUE,TRUE,TRUE,FALSE
4,252,0.600293042508234,TRUE,TRUE,TRUE,FALSE
4,253,0.602286832628893,TRUE,TRUE,TRUE,FALSE
4,254,0.595953332524254,TRUE,TRUE,TRUE,FALSE
4,255,0.597881045290235,TRUE,TRUE,TRUE,FALSE
4,256,0.602992132123407,TRUE,TRUE,TRUE,FALSE
4,257,0.596701492882818,TRUE,TRUE,TRUE,FALSE
4,258,0.596272823434296,TRUE,TRUE,TRUE,FALSE
4,259,0.598189502615562,TRUE,TRUE,TRUE,FALSE
4,260,0.60815399921792,FALSE,TRUE,TRUE,FALSE
4,261,0.600208871597548,TRUE,TRUE,TRUE,FALSE
4,262,0.602982278737035,TRUE,TRUE,TRUE,FALSE
4,263,0.604462049837621,TRUE,TRUE,TRUE,FALSE
4,264,0.598652999272669,TRUE,TRUE,TRUE,FALSE
4,265,0.594866034093024,TRUE,TRUE,TRUE,FALSE
4,266,0.595607164114946,TRUE,TRUE,TRUE,FALSE
4,267,0.600652331820632,TRUE,TRUE,TRUE,FALSE
4,268,0.598965226728284,TRUE,TRUE,TRUE,FALSE
4,269,0.601299461151771,TRUE,TRUE,TRUE,FALSE
4,270,0.599846909467621,TRUE,TRUE,TRUE,FALSE
4,271,0.59539450673622,TRUE,TRUE,TRUE,FALSE
4,272,0.598466633058204,TRUE,TRUE,TRUE,FALSE
4,273,0.597823430473599,TRUE,TRUE,TRUE,FALSE
4,274,0.596074810001777,TRUE,TRUE,TRUE,FALSE
4,275,0.599503358508304,TRUE,TRUE,TRUE,FALSE
4,276,0.602056661359005,TRUE,TRUE,TRUE,FALSE
4,277,0.592599779390093,TRUE,TRUE,TRUE,FALSE
4,278,0.594523028539974,TRUE,TRUE,TRUE,FALSE
4,279,0.603612698368888,TRUE,TRUE,TRUE,FALSE
4,280,0.604026250522061,TRUE,TRUE,TRUE,FALSE
4,281,0.5924060151003,FALSE,TRUE,TRUE,FALSE
4,282,0.599298143709009,TRUE,TRUE,TRUE,FALSE
4,283,0.597944039981482,TRUE,TRUE,TRUE,FALSE
4,284,0.604278348920237,TRUE,TRUE,TRUE,FALSE
4,285,0.594978933287203,TRUE,TRUE,TRUE,FALSE
4,286,0.600170773558664,TRUE,TRUE,TRUE,FALSE
4,287,0.598116957205531,TRUE,TRUE,TRUE,FALSE
4,288,0.593318472254729,TRUE,TRUE,TRUE,FALSE
4,289,0.601886897574918,TRUE,TRUE,TRUE,FALSE
4,290,0.592449814340995,TRUE,TRUE,TRUE,FALSE
4,291,0.598046822858595,TRUE,TRUE,TRUE,FALSE
4,292,0.59348815239346,TRUE,TRUE,TRUE,FALSE
4,293,0.600079208581565,TRUE,TRUE,TRUE,FALSE
4,294,0.600203396216809,TRUE,TRUE,TRUE,FALSE
4,295,0.605383133044562,TRUE,TRUE,TRUE,FALSE
4,296,0.594473146746434,TRUE,TRUE,TRUE,FALSE
4,297,0.602399217407525,TRUE,TRUE,TRUE,FALSE
4,298,0.596490468867689,TRUE,TRUE,TRUE,FALSE
4,299,0.60547789424777,TRUE,TRUE,TRUE,FALSE
4,300,0.596364243539548,TRUE,TRUE,TRUE,FALSE
4,301,0.599489626430732,TRUE,TRUE,TRUE,FALSE
4,302,0.607023534683474,FALSE,TRUE,TRUE,FALSE
4,303,0.607215485012206,FALSE,TRUE,TRUE,FALSE
4,304,0.600825119783736,TRUE,TRUE,TRUE,FALSE
4,305,0.597426549824099,TRUE,TRUE,TRUE,FALSE
4,306,0.598969048133892,TRUE,TRUE,TRUE,FALSE
4,307,0.593596222865187,FALSE,TRUE,TRUE,FALSE
4,308,0.593550062504997,TRUE,TRUE,TRUE,FALSE
4,309,0.597582494542081,TRUE,TRUE,TRUE,FALSE
4,310,0.602209767920688,TRUE,TRUE,TRUE,FALSE
4,311,0.601251160929245,TRUE,TRUE,TRUE,FALSE
4,312,0.604403105433215,TRUE,TRUE,TRUE,FALSE
4,313,0.602637642298271,TRUE,TRUE,TRUE,FALSE
4,314,0.600646933600142,TRUE,TRUE,TRUE,FALSE
4,315,0.601736399385458,TRUE,TRUE,TRUE,FALSE
4,316,0.598342579517141,TRUE,TRUE,TRUE,FALSE
4,317,0.595470065067931,TRUE,TRUE,TRUE,FALSE
4,318,0.60041127953842,TRUE,TRUE,TRUE,FALSE
4,319,0.604257092574759,TRUE,TRUE,TRUE,FALSE
4,320,0.593511383403603,TRUE,TRUE,TRUE,FALSE
4,321,0.599205840656514,TRUE,TRUE,TRUE,FALSE
4,322,0.598573497964531,TRUE,TRUE,TRUE,FALSE
4,323,0.602203766485372,TRUE,TRUE,TRUE,FALSE
4,324,0.607628485191346,TRUE,TRUE,TRUE,FALSE
4,325,0.601221471406402,TRUE,TRUE,TRUE,FALSE
4,326,0.597818740356616,TRUE,TRUE,TRUE,FALSE
4,327,0.600240444395844,TRUE,TRUE,TRUE,FALSE
4,328,0.609061775812069,FALSE,TRUE,TRUE,FALSE
4,329,0.607932136623771,TRUE,TRUE,TRUE,FALSE
4,330,0.601957032889604,TRUE,TRUE,TRUE,FALSE
4,331,0.600330154947244,TRUE,TRUE,TRUE,FALSE
4,332,0.588374675093223,FALSE,TRUE,TRUE,FALSE
4,333,0.605973373610192,TRUE,TRUE,TRUE,FALSE
4,334,0.598582722898234,TRUE,TRUE,TRUE,FALSE
4,335,0.601567542127508,TRUE,TRUE,TRUE,FALSE
4,336,0.597572902273884,TRUE,TRUE,TRUE,FALSE
4,337,0.603467031873736,TRUE,TRUE,TRUE,FALSE
4,338,0.598887500773229,TRUE,TRUE,TRUE,FALSE
4,339,0.606640679323243,TRUE,TRUE,TRUE,FALSE
4,340,0.602151706816901,TRUE,TRUE,TRUE,FALSE
4,341,0.606626335753087,TRUE,TRUE,TRUE,FALSE
4,342,0.596431512653699,TRUE,TRUE,TRUE,FALSE
4,343,0.604319606810149,TRUE,TRUE,TRUE,FALSE
4,344,0.599236390730237,TRUE,TRUE,TRUE,FALSE
4,345,0.603749001518515,TRUE,TRUE,TRUE,FALSE
4,346,0.596386207767429,TRUE,TRUE,TRUE,FALSE
4,347,0.599435424778831,TRUE,TRUE,TRUE,FALSE
4,348,0.598082753260695,TRUE,TRUE,TRUE,FALSE
4,349,0.606243003266734,TRUE,TRUE,TRUE,FALSE
4,350,0.597598180781208,TRUE,TRUE,TRUE,FALSE
4,351,0.601007854818662,TRUE,TRUE,TRUE,FALSE
4,352,0.597385009050063,TRUE,TRUE,TRUE,FALSE
4,353,0.598769218753997,TRUE,TRUE,TRUE,FALSE
4,354,0.598527261731134,TRUE,TRUE,TRUE,FALSE
4,355,0.598007165405689,TRUE,TRUE,TRUE,FALSE
4,356,0.602342960309898,TRUE,TRUE,TRUE,FALSE
4,357,0.599816286507889,TRUE,TRUE,TRUE,FALSE
4,358,0.599730500225516,TRUE,TRUE,TRUE,FALSE
4,359,0.588657489258176,FALSE,TRUE,TRUE,FALSE
4,360,0.602423826234603,TRUE,TRUE,TRUE,FALSE
4,361,0.603481549810427,TRUE,TRUE,TRUE,FALSE
4,362,0.599732886833718,TRUE,TRUE,TRUE,FALSE
4,363,0.601384582637602,TRUE,TRUE,TRUE,FALSE
4,364,0.598672993107318,TRUE,TRUE,TRUE,FALSE
4,365,0.603611208822466,TRUE,TRUE,TRUE,FALSE
4,366,0.605244165927825,TRUE,TRUE,TRUE,FALSE
4,367,0.593729922746329,TRUE,TRUE,TRUE,FALSE
4,368,0.601495436907815,TRUE,TRUE,TRUE,FALSE
4,369,0.604673847117172,TRUE,TRUE,TRUE,FALSE
4,370,0.604941335966375,TRUE,TRUE,TRUE,FALSE
4,371,0.600342698389872,TRUE,TRUE,TRUE,FALSE
4,372,0.596958010159265,TRUE,TRUE,TRUE,FALSE
4,373,0.596776974412264,TRUE,TRUE,TRUE,FALSE
4,374,0.606441831253697,TRUE,TRUE,TRUE,FALSE
4,375,0.595584951162173,TRUE,TRUE,TRUE,FALSE
4,376,0.610045299344633,FALSE,TRUE,TRUE,FALSE
4,377,0.598001106657179,TRUE,TRUE,TRUE,FALSE
4,378,0.606277902438879,TRUE,TRUE,TRUE,FALSE
4,379,0.601521877313779,TRUE,TRUE,TRUE,FALSE
4,380,0.596855178995876,TRUE,TRUE,TRUE,FALSE
4,381,0.60163774134103,TRUE,TRUE,TRUE,FALSE
4,382,0.598103098312237,TRUE,TRUE,TRUE,FALSE
4,383,0.603226406758278,TRUE,TRUE,TRUE,FALSE
4,384,0.592877513413736,TRUE,TRUE,TRUE,FALSE
4,385,0.603621074467134,TRUE,TRUE,TRUE,FALSE
4,386,0.598868613717183,TRUE,TRUE,TRUE,FALSE
4,387,0.607099307598153,TRUE,TRUE,TRUE,FALSE
4,388,0.602636389746562,TRUE,TRUE,TRUE,FALSE
4,389,0.607607844886913,TRUE,TRUE,TRUE,FALSE
4,390,0.603697123903636,TRUE,TRUE,TRUE,FALSE
4,391,0.606284869405732,TRUE,TRUE,TRUE,FALSE
4,392,0.612071690145717,FALSE,TRUE,TRUE,FALSE
4,393,0.602051707628364,TRUE,TRUE,TRUE,FALSE
4,394,0.59881742337813,TRUE,TRUE,TRUE,FALSE
4,395,0.602845721090753,TRUE,TRUE,TRUE,FALSE
4,396,0.603341143094682,TRUE,TRUE,TRUE,FALSE
4,397,0.608460001535511,TRUE,TRUE,TRUE,FALSE
4,398,0.600581450544859,TRUE,TRUE,TRUE,FALSE
4,399,0.597645654005005,TRUE,TRUE,TRUE,FALSE
4,400,0.607657818303548,TRUE,TRUE,TRUE,FALSE
4,401,0.602469474222673,TRUE,TRUE,TRUE,FALSE
4,402,0.596278303511895,TRUE,TRUE,TRUE,FALSE
4,403,0.595520636336605,TRUE,TRUE,TRUE,FALSE
4,404,0.60580028824999,TRUE,TRUE,TRUE,FALSE
4,405,0.597035686972429,TRUE,TRUE,TRUE,FALSE
4,406,0.597805500027044,TRUE,TRUE,TRUE,FALSE
4,407,0.601792137276655,TRUE,TRUE,TRUE,FALSE
4,408,0.604024076187199,TRUE,TRUE,TRUE,FALSE
4,409,0.599305064308947,TRUE,TRUE,TRUE,FALSE
4,410,0.60049134166966,TRUE,TRUE,TRUE,FALSE
4,411,0.598006368126567,TRUE,TRUE,TRUE,FALSE
4,412,0.600778118276838,TRUE,TRUE,TRUE,FALSE
4,413,0.59975045470741,TRUE,TRUE,TRUE,FALSE
4,414,0.589370523091123,FALSE,TRUE,TRUE,FALSE
4,415,0.601558246815288,TRUE,TRUE,TRUE,FALSE
4,416,0.598698757698437,TRUE,TRUE,TRUE,FALSE
4,417,0.598799926617973,TRUE,TRUE,TRUE,FALSE
4,418,0.605796390071379,TRUE,TRUE,TRUE,FALSE
4,419,0.601890820016796,TRUE,TRUE,TRUE,FALSE
4,420,0.603696521364226,TRUE,TRUE,TRUE,FALSE
4,421,0.599290456754607,TRUE,TRUE,TRUE,FALSE
4,422,0.601304192794324,TRUE,TRUE,TRUE,FALSE
4,423,0.599577476790514,TRUE,TRUE,TRUE,FALSE
4,424,0.594651778534301,TRUE,TRUE,TRUE,FALSE
4,425,0.59638500357733,TRUE,TRUE,TRUE,FALSE
4,426,0.599396030456554,TRUE,TRUE,TRUE,FALSE
4,427,0.595306368972392,TRUE,TRUE,TRUE,FALSE
4,428,0.601639074505889,TRUE,TRUE,TRUE,FALSE
4,429,0.592568158891762,TRUE,TRUE,TRUE,FALSE
4,430,0.597151250679461,TRUE,TRUE,TRUE,FALSE
4,431,0.59650152777526,TRUE,TRUE,TRUE,FALSE
4,432,0.600961245640655,TRUE,TRUE,TRUE,FALSE
4,433,0.595996288744938,TRUE,TRUE,TRUE,FALSE
4,434,0.604438293547545,TRUE,TRUE,TRUE,FALSE
4,435,0.599743215470801,TRUE,TRUE,TRUE,FALSE
4,436,0.596368608478429,TRUE,TRUE,TRUE,FALSE
4,437,0.594985745234942,TRUE,TRUE,TRUE,FALSE
4,438,0.607823971258231,TRUE,TRUE,TRUE,FALSE
4,439,0.59445385263921,TRUE,TRUE,TRUE,FALSE
4,440,0.595355367836822,TRUE,TRUE,TRUE,FALSE
4,441,0.592070621666496,TRUE,TRUE,TRUE,FALSE
4,442,0.599086197776087,TRUE,TRUE,TRUE,FALSE
4,443,0.600357204087412,TRUE,TRUE,TRUE,FALSE
4,444,0.604995866497767,TRUE,TRUE,TRUE,FALSE
4,445,0.601462294153063,TRUE,TRUE,TRUE,FALSE
4,446,0.596347905652154,TRUE,TRUE,TRUE,FALSE
4,447,0.600223414167102,TRUE,TRUE,TRUE,FALSE
4,448,0.600622718737641,TRUE,TRUE,TRUE,FALSE
4,449,0.598676647267496,TRUE,TRUE,TRUE,FALSE
4,450,0.600798100247701,TRUE,TRUE,TRUE,FALSE
4,451,0.60488911074017,TRUE,TRUE,TRUE,FALSE
4,452,0.598212621156534,TRUE,TRUE,TRUE,FALSE
4,453,0.596285450694233,TRUE,TRUE,TRUE,FALSE
4,454,0.600891698602154,TRUE,TRUE,TRUE,FALSE
4,455,0.606330694271543,TRUE,TRUE,TRUE,FALSE
4,456,0.595579202215571,TRUE,TRUE,TRUE,FALSE
4,457,0.596241115534927,TRUE,TRUE,TRUE,FALSE
4,458,0.600734987982138,TRUE,TRUE,TRUE,FALSE
4,459,0.601296921326718,TRUE,TRUE,TRUE,FALSE
4,460,0.601079842556601,TRUE,TRUE,TRUE,FALSE
4,461,0.605835191917436,TRUE,TRUE,TRUE,FALSE
4,462,0.606384115735183,TRUE,TRUE,TRUE,FALSE
4,463,0.594211324875829,TRUE,TRUE,TRUE,FALSE
4,464,0.597421471959931,TRUE,TRUE,TRUE,FALSE
4,465,0.60603847430823,TRUE,TRUE,TRUE,FALSE
4,466,0.601948811525274,TRUE,TRUE,TRUE,FALSE
4,467,0.609622868583702,FALSE,TRUE,TRUE,FALSE
4,468,0.602714608238395,TRUE,TRUE,TRUE,FALSE
4,469,0.599476082880247,TRUE,TRUE,TRUE,FALSE
4,470,0.605078037503026,TRUE,TRUE,TRUE,FALSE
4,471,0.598215941178614,TRUE,TRUE,TRUE,FALSE
4,472,0.600723393326275,TRUE,TRUE,TRUE,FALSE
4,473,0.59835619169319,TRUE,TRUE,TRUE,FALSE
4,474,0.608517235850636,FALSE,TRUE,TRUE,FALSE
4,475,0.600627635582231,TRUE,TRUE,TRUE,FALSE
4,476,0.604525634826791,TRUE,TRUE,TRUE,FALSE
4,477,0.609922839415338,FALSE,TRUE,TRUE,FALSE
4,478,0.601978007790235,TRUE,TRUE,TRUE,FALSE
4,479,0.610550616821999,FALSE,TRUE,TRUE,FALSE
4,480,0.60087665324718,TRUE,TRUE,TRUE,FALSE
4,481,0.601524536902386,TRUE,TRUE,TRUE,FALSE
4,482,0.604133400963616,TRUE,TRUE,TRUE,FALSE
4,483,0.599835559718237,TRUE,TRUE,TRUE,FALSE
4,484,0.613183529100669,FALSE,TRUE,TRUE,FALSE
4,485,0.60077410415135,TRUE,TRUE,TRUE,FALSE
4,486,0.605864509067017,TRUE,TRUE,TRUE,FALSE
4,487,0.596897741439896,TRUE,TRUE,TRUE,FALSE
4,488,0.598013618582653,TRUE,TRUE,TRUE,FALSE
4,489,0.595253168789282,TRUE,TRUE,TRUE,FALSE
4,490,0.604201294359274,TRUE,TRUE,TRUE,FALSE
4,491,0.597225872804759,TRUE,TRUE,TRUE,FALSE
4,492,0.600521428326736,TRUE,TRUE,TRUE,FALSE
4,493,0.592285249955134,TRUE,TRUE,TRUE,FALSE
4,494,0.605294819716279,TRUE,TRUE,TRUE,FALSE
4,495,0.603826503979903,TRUE,TRUE,TRUE,FALSE
4,496,0.601726669459027,TRUE,TRUE,TRUE,FALSE
4,497,0.601686564511042,TRUE,TRUE,TRUE,FALSE
4,498,0.597626511949123,TRUE,TRUE,TRUE,FALSE
4,499,0.599957215090928,TRUE,TRUE,TRUE,FALSE
4,500,0.606623260627019,TRUE,TRUE,TRUE,FALSE
4,501,0.596779807538644,TRUE,TRUE,TRUE,FALSE
4,502,0.594792624433583,TRUE,TRUE,TRUE,FALSE
4,503,0.599193434662255,TRUE,TRUE,TRUE,FALSE
4,504,0.59508556407734,TRUE,TRUE,TRUE,FALSE
4,505,0.594256112937132,TRUE,TRUE,TRUE,FALSE
4,506,0.607930668396145,TRUE,TRUE,TRUE,FALSE
4,507,0.596374149587747,TRUE,TRUE,TRUE,FALSE
4,508,0.605625654211317,TRUE,TRUE,TRUE,FALSE
4,509,0.600621754755739,TRUE,TRUE,TRUE,FALSE
4,510,0.602615429778646,TRUE,TRUE,TRUE,FALSE
4,511,0.601567122111986,TRUE,TRUE,TRUE,FALSE
4,512,0.604494676119175,TRUE,TRUE,TRUE,FALSE
4,513,0.595488967192517,TRUE,TRUE,TRUE,FALSE
4,514,0.590207228772773,FALSE,TRUE,TRUE,FALSE
4,515,0.597948351222416,TRUE,TRUE,TRUE,FALSE
4,516,0.59716815929182,TRUE,TRUE,TRUE,FALSE
4,517,0.605949837087032,TRUE,TRUE,TRUE,FALSE
4,518,0.595937667603658,TRUE,TRUE,TRUE,FALSE
4,519,0.602617716729925,TRUE,TRUE,TRUE,FALSE
4,520,0.600531291112715,TRUE,TRUE,TRUE,FALSE
4,521,0.599376203147311,TRUE,TRUE,TRUE,FALSE
4,522,0.602682039001152,TRUE,TRUE,TRUE,FALSE
4,523,0.608819632624377,TRUE,TRUE,TRUE,FALSE
4,524,0.597847805521234,TRUE,TRUE,TRUE,FALSE
4,525,0.59975803727771,TRUE,TRUE,TRUE,FALSE
4,526,0.611877739415488,TRUE,TRUE,TRUE,FALSE
4,527,0.598712896023887,TRUE,TRUE,TRUE,FALSE
4,528,0.601442968255019,TRUE,TRUE,TRUE,FALSE
4,529,0.599375738109791,TRUE,TRUE,TRUE,FALSE
4,530,0.597163785673726,TRUE,TRUE,TRUE,FALSE
4,531,0.600985772870613,TRUE,TRUE,TRUE,FALSE
4,532,0.599866948155804,TRUE,TRUE,TRUE,FALSE
4,533,0.606634390722072,TRUE,TRUE,TRUE,FALSE
4,534,0.601690019917468,TRUE,TRUE,TRUE,FALSE
4,535,0.598691865663666,TRUE,TRUE,TRUE,FALSE
4,536,0.598755351193251,TRUE,TRUE,TRUE,FALSE
4,537,0.599324577309669,TRUE,TRUE,TRUE,FALSE
4,538,0.597641450314028,TRUE,TRUE,TRUE,FALSE
4,539,0.596160026543975,TRUE,TRUE,TRUE,FALSE
4,540,0.601865051488255,TRUE,TRUE,TRUE,FALSE
4,541,0.592217421540594,FALSE,TRUE,TRUE,FALSE
4,542,0.590741205822284,FALSE,TRUE,TRUE,FALSE
4,543,0.596189378761657,TRUE,TRUE,TRUE,FALSE
4,544,0.599311748785353,TRUE,TRUE,TRUE,FALSE
4,545,0.600707275502971,TRUE,TRUE,TRUE,FALSE
4,546,0.600659664771675,TRUE,TRUE,TRUE,FALSE
4,547,0.597582670491135,TRUE,TRUE,TRUE,FALSE
4,548,0.601909511276226,TRUE,TRUE,TRUE,FALSE
4,549,0.603970403789091,TRUE,TRUE,TRUE,FALSE
4,550,0.600314967064621,TRUE,TRUE,TRUE,FALSE
4,551,0.6105942764768,FALSE,TRUE,TRUE,FALSE
4,552,0.603132379288905,TRUE,TRUE,TRUE,FALSE
4,553,0.603607082261679,TRUE,TRUE,TRUE,FALSE
4,554,0.592935695979881,TRUE,TRUE,TRUE,FALSE
4,555,0.601415417004552,TRUE,TRUE,TRUE,FALSE
4,556,0.602727960812878,TRUE,TRUE,TRUE,FALSE
4,557,0.600258957639477,TRUE,TRUE,TRUE,FALSE
4,558,0.598087039219488,TRUE,TRUE,TRUE,FALSE
4,559,0.600787016841827,TRUE,TRUE,TRUE,FALSE
4,560,0.600132029736002,TRUE,TRUE,TRUE,FALSE
4,561,0.599037846536752,TRUE,TRUE,TRUE,FALSE
4,562,0.604094551709109,TRUE,TRUE,TRUE,FALSE
4,563,0.607593401431245,TRUE,TRUE,TRUE,FALSE
4,564,0.598663352070524,TRUE,TRUE,TRUE,FALSE
4,565,0.596158362774211,TRUE,TRUE,TRUE,FALSE
4,566,0.600295152978711,TRUE,TRUE,TRUE,FALSE
4,567,0.601880666623611,TRUE,TRUE,TRUE,FALSE
4,568,0.60083915273456,TRUE,TRUE,TRUE,FALSE
4,569,0.601404355639496,TRUE,TRUE,TRUE,FALSE
4,570,0.600741424308459,TRUE,TRUE,TRUE,FALSE
4,571,0.603465660725964,TRUE,TRUE,TRUE,FALSE
4,572,0.596675783888546,TRUE,TRUE,TRUE,FALSE
4,573,0.598206475100289,TRUE,TRUE,TRUE,FALSE
4,574,0.606522871151913,TRUE,TRUE,TRUE,FALSE
4,575,0.606057164626022,TRUE,TRUE,TRUE,FALSE
4,576,0.594498232845109,TRUE,TRUE,TRUE,FALSE
4,577,0.607283102670602,TRUE,TRUE,TRUE,FALSE
4,578,0.595442653793285,TRUE,TRUE,TRUE,FALSE
4,579,0.592498304919855,TRUE,TRUE,TRUE,FALSE
4,580,0.604547569696379,TRUE,TRUE,TRUE,FALSE
4,581,0.600577333122476,TRUE,TRUE,TRUE,FALSE
4,582,0.596342554194528,TRUE,TRUE,TRUE,FALSE
4,583,0.598747841528243,TRUE,TRUE,TRUE,FALSE
4,584,0.600526148152506,TRUE,TRUE,TRUE,FALSE
4,585,0.596884560433947,TRUE,TRUE,TRUE,FALSE
4,586,0.607229882595703,TRUE,TRUE,TRUE,FALSE
4,587,0.592967398226935,TRUE,TRUE,TRUE,FALSE
4,588,0.605371287222637,TRUE,TRUE,TRUE,FALSE
4,589,0.605269678800467,TRUE,TRUE,TRUE,FALSE
4,590,0.598508587362383,TRUE,TRUE,TRUE,FALSE
4,591,0.601980878971903,TRUE,TRUE,TRUE,FALSE
4,592,0.598987892247667,TRUE,TRUE,TRUE,FALSE
4,593,0.605483659066466,TRUE,TRUE,TRUE,FALSE
4,594,0.598549804884024,TRUE,TRUE,TRUE,FALSE
4,595,0.596916512506438,TRUE,TRUE,TRUE,FALSE
4,596,0.605773537342147,TRUE,TRUE,TRUE,FALSE
4,597,0.598956001855254,TRUE,TRUE,TRUE,FALSE
4,598,0.602518872742693,TRUE,TRUE,TRUE,FALSE
4,599,0.601069330780733,TRUE,TRUE,TRUE,FALSE
4,600,0.598300762588754,TRUE,TRUE,TRUE,FALSE
4,601,0.595695801060941,TRUE,TRUE,TRUE,FALSE
4,602,0.599926648792523,TRUE,TRUE,TRUE,FALSE
4,603,0.59589874564809,TRUE,TRUE,TRUE,FALSE
4,604,0.598434069485182,TRUE,TRUE,TRUE,FALSE
4,605,0.600772569319595,TRUE,TRUE,TRUE,FALSE
4,606,0.593668141247243,TRUE,TRUE,TRUE,FALSE
4,607,0.609180117315482,FALSE,TRUE,TRUE,FALSE
4,608,0.598814883610594,TRUE,TRUE,TRUE,FALSE
4,609,0.602236200293141,TRUE,TRUE,TRUE,FALSE
4,610,0.602303199166056,TRUE,TRUE,TRUE,FALSE
4,611,0.604335996960377,TRUE,TRUE,TRUE,FALSE
4,612,0.603531202665824,TRUE,TRUE,TRUE,FALSE
4,613,0.602698172134413,TRUE,TRUE,TRUE,FALSE
4,614,0.601378920689503,TRUE,TRUE,TRUE,FALSE
4,615,0.599069201056354,TRUE,TRUE,TRUE,FALSE
4,616,0.593907100649683,TRUE,TRUE,TRUE,FALSE
4,617,0.596789627481733,TRUE,TRUE,TRUE,FALSE
4,618,0.600184308016023,TRUE,TRUE,TRUE,FALSE
4,619,0.591612991314528,FALSE,TRUE,TRUE,FALSE
4,620,0.595263542256469,TRUE,TRUE,TRUE,FALSE
4,621,0.605296292359511,TRUE,TRUE,TRUE,FALSE
4,622,0.59886515752552,TRUE,TRUE,TRUE,FALSE
4,623,0.604411762384163,TRUE,TRUE,TRUE,FALSE
4,624,0.60011584896817,TRUE,TRUE,TRUE,FALSE
4,625,0.604855769352581,TRUE,TRUE,TRUE,FALSE
4,626,0.60546189307365,TRUE,TRUE,TRUE,FALSE
4,627,0.59632496860046,TRUE,TRUE,TRUE,FALSE
4,628,0.599049939039974,TRUE,TRUE,TRUE,FALSE
4,629,0.599814524925365,TRUE,TRUE,TRUE,FALSE
4,630,0.600660767748226,TRUE,TRUE,TRUE,FALSE
4,631,0.605216230232935,TRUE,TRUE,TRUE,FALSE
4,632,0.595730317488344,TRUE,TRUE,TRUE,FALSE
4,633,0.595086598067795,TRUE,TRUE,TRUE,FALSE
4,634,0.605037366996264,TRUE,TRUE,TRUE,FALSE
4,635,0.606759695133595,TRUE,TRUE,TRUE,FALSE
4,636,0.596483739775673,TRUE,TRUE,TRUE,FALSE
4,637,0.59911032656645,TRUE,TRUE,TRUE,FALSE
4,638,0.603154118738504,TRUE,TRUE,TRUE,FALSE
4,639,0.593973414287762,TRUE,TRUE,TRUE,FALSE
4,640,0.604266831629017,TRUE,TRUE,TRUE,FALSE
4,641,0.598844649333585,TRUE,TRUE,TRUE,FALSE
4,642,0.602466666524204,TRUE,TRUE,TRUE,FALSE
4,643,0.597927567983268,TRUE,TRUE,TRUE,FALSE
4,644,0.598701732627994,TRUE,TRUE,TRUE,FALSE
4,645,0.597521057605732,TRUE,TRUE,TRUE,FALSE
4,646,0.595755699931344,TRUE,TRUE,TRUE,FALSE
4,647,0.604327050230164,TRUE,TRUE,TRUE,FALSE
4,648,0.596581968226796,TRUE,TRUE,TRUE,FALSE
4,649,0.603644222529832,TRUE,TRUE,TRUE,FALSE
4,650,0.597478260801497,TRUE,TRUE,TRUE,FALSE
4,651,0.597384888855509,TRUE,TRUE,TRUE,FALSE
4,652,0.594629303554469,TRUE,TRUE,TRUE,FALSE
4,653,0.599040881851075,TRUE,TRUE,TRUE,FALSE
4,654,0.599414532452421,TRUE,TRUE,TRUE,FALSE
4,655,0.598162709410676,TRUE,TRUE,TRUE,FALSE
4,656,0.604453273976834,TRUE,TRUE,TRUE,FALSE
4,657,0.593628202332377,TRUE,TRUE,TRUE,FALSE
4,658,0.590399935272484,FALSE,TRUE,TRUE,FALSE
4,659,0.600589936169644,TRUE,TRUE,TRUE,FALSE
4,660,0.597283778472879,TRUE,TRUE,TRUE,FALSE
4,661,0.599669982943445,TRUE,TRUE,TRUE,FALSE
4,662,0.605614657908413,TRUE,TRUE,TRUE,FALSE
4,663,0.599257078098902,TRUE,TRUE,TRUE,FALSE
4,664,0.609935278785346,FALSE,TRUE,TRUE,FALSE
4,665,0.600888925192821,TRUE,TRUE,TRUE,FALSE
4,666,0.59393154712842,TRUE,TRUE,TRUE,FALSE
4,667,0.594241777543788,TRUE,TRUE,TRUE,FALSE
4,668,0.595711428156741,TRUE,TRUE,TRUE,FALSE
4,669,0.593267836206764,TRUE,TRUE,TRUE,FALSE
4,670,0.603927950619436,TRUE,TRUE,TRUE,FALSE
4,671,0.604678242759822,TRUE,TRUE,TRUE,FALSE
4,672,0.595537941330163,TRUE,TRUE,TRUE,FALSE
4,673,0.597175816522924,TRUE,TRUE,TRUE,FALSE
4,674,0.599546073590631,TRUE,TRUE,TRUE,FALSE
4,675,0.601660475743314,TRUE,TRUE,TRUE,FALSE
4,676,0.594606340770223,TRUE,TRUE,TRUE,FALSE
4,677,0.599920753486229,TRUE,TRUE,TRUE,FALSE
4,678,0.601722198074409,TRUE,TRUE,TRUE,FALSE
4,679,0.59747547294703,TRUE,TRUE,TRUE,FALSE
4,680,0.604796712184537,TRUE,TRUE,TRUE,FALSE
4,681,0.606149751227444,TRUE,TRUE,TRUE,FALSE
4,682,0.59813390745286,TRUE,TRUE,TRUE,FALSE
4,683,0.606955955595349,FALSE,TRUE,TRUE,FALSE
4,684,0.597137286293531,TRUE,TRUE,TRUE,FALSE
4,685,0.598084182097308,TRUE,TRUE,TRUE,FALSE
4,686,0.600074430988423,TRUE,TRUE,TRUE,FALSE
4,687,0.602904737319217,TRUE,TRUE,TRUE,FALSE
4,688,0.59698426478237,TRUE,TRUE,TRUE,FALSE
4,689,0.60061534419738,TRUE,TRUE,TRUE,FALSE
4,690,0.602475885806208,TRUE,TRUE,TRUE,FALSE
4,691,0.600999195367465,TRUE,TRUE,TRUE,FALSE
4,692,0.602447262118838,TRUE,TRUE,TRUE,FALSE
4,693,0.601129140699279,TRUE,TRUE,TRUE,FALSE
4,694,0.596679255861069,TRUE,TRUE,TRUE,FALSE
4,695,0.595134937793546,TRUE,TRUE,TRUE,FALSE
4,696,0.591260228252794,FALSE,TRUE,TRUE,FALSE
4,697,0.599891113492483,TRUE,TRUE,TRUE,FALSE
4,698,0.602959540364127,TRUE,TRUE,TRUE,FALSE
4,699,0.60578233120958,TRUE,TRUE,TRUE,FALSE
4,700,0.60398592181656,TRUE,TRUE,TRUE,FALSE
4,701,0.603957889558479,TRUE,TRUE,TRUE,FALSE
4,702,0.60247374150224,TRUE,TRUE,TRUE,FALSE
4,703,0.603335394608523,TRUE,TRUE,TRUE,FALSE
4,704,0.592037903363529,TRUE,TRUE,TRUE,FALSE
4,705,0.602472114246064,TRUE,TRUE,TRUE,FALSE
4,706,0.591190325513628,FALSE,TRUE,TRUE,FALSE
4,707,0.595371566382393,TRUE,TRUE,TRUE,FALSE
4,708,0.605464166560193,TRUE,TRUE,TRUE,FALSE
4,709,0.602538694538306,TRUE,TRUE,TRUE,FALSE
4,710,0.597952757813656,TRUE,TRUE,TRUE,FALSE
4,711,0.603774587970813,TRUE,TRUE,TRUE,FALSE
4,712,0.603932815004798,TRUE,TRUE,TRUE,FALSE
4,713,0.600969069831993,TRUE,TRUE,TRUE,FALSE
4,714,0.60143529217628,TRUE,TRUE,TRUE,FALSE
4,715,0.591713871855913,FALSE,TRUE,TRUE,FALSE
4,716,0.596872646257483,TRUE,TRUE,TRUE,FALSE
4,717,0.598436912261085,TRUE,TRUE,TRUE,FALSE
4,718,0.608317676185536,TRUE,TRUE,TRUE,FALSE
4,719,0.595329541152471,TRUE,TRUE,TRUE,FALSE
4,720,0.602056236764164,TRUE,TRUE,TRUE,FALSE
4,721,0.597431369104429,TRUE,TRUE,TRUE,FALSE
4,722,0.605438628084632,TRUE,TRUE,TRUE,FALSE
4,723,0.606254554444646,TRUE,TRUE,TRUE,FALSE
4,724,0.598094255558356,TRUE,TRUE,TRUE,FALSE
4,725,0.603584981795841,TRUE,TRUE,TRUE,FALSE
4,726,0.597898988507389,TRUE,TRUE,TRUE,FALSE
4,727,0.597680706314002,TRUE,TRUE,TRUE,FALSE
4,728,0.602040347119289,TRUE,TRUE,TRUE,FALSE
4,729,0.60228610299857,TRUE,TRUE,TRUE,FALSE
4,730,0.603755757566195,TRUE,TRUE,TRUE,FALSE
4,731,0.601022301541441,TRUE,TRUE,TRUE,FALSE
4,732,0.600757665849243,TRUE,TRUE,TRUE,FALSE
4,733,0.597733330148686,TRUE,TRUE,TRUE,FALSE
4,734,0.602374690088797,TRUE,TRUE,TRUE,FALSE
4,735,0.601412761045428,TRUE,TRUE,TRUE,FALSE
4,736,0.601604587047988,TRUE,TRUE,TRUE,FALSE
4,737,0.591123807503112,TRUE,TRUE,TRUE,FALSE
4,738,0.598670840308115,TRUE,TRUE,TRUE,FALSE
4,739,0.59714471274771,TRUE,TRUE,TRUE,FALSE
4,740,0.596232011403283,TRUE,TRUE,TRUE,FALSE
4,741,0.602074389952975,TRUE,TRUE,TRUE,FALSE
4,742,0.598879639615751,TRUE,TRUE,TRUE,FALSE
4,743,0.595806959910573,TRUE,TRUE,TRUE,FALSE
4,744,0.602683250960803,TRUE,TRUE,TRUE,FALSE
4,745,0.603692940716141,TRUE,TRUE,TRUE,FALSE
4,746,0.605234395347186,TRUE,TRUE,TRUE,FALSE
4,747,0.603731044272769,TRUE,TRUE,TRUE,FALSE
4,748,0.596032274451456,TRUE,TRUE,TRUE,FALSE
4,749,0.608566729455636,TRUE,TRUE,TRUE,FALSE
4,750,0.597222157792362,TRUE,TRUE,TRUE,FALSE
4,751,0.596064377165316,TRUE,TRUE,TRUE,FALSE
4,752,0.59594565042375,TRUE,TRUE,TRUE,FALSE
4,753,0.606705670199805,TRUE,TRUE,TRUE,FALSE
4,754,0.599060675782256,TRUE,TRUE,TRUE,FALSE
4,755,0.600103825359022,TRUE,TRUE,TRUE,FALSE
4,756,0.600632107367321,TRUE,TRUE,TRUE,FALSE
4,757,0.602963759604964,TRUE,TRUE,TRUE,FALSE
4,758,0.601019029486788,TRUE,TRUE,TRUE,FALSE
4,759,0.597377965118034,TRUE,TRUE,TRUE,FALSE
4,760,0.592132674783836,TRUE,TRUE,TRUE,FALSE
4,761,0.598215681815635,TRUE,TRUE,TRUE,FALSE
4,762,0.604989621063418,TRUE,TRUE,TRUE,FALSE
4,763,0.598101820497714,TRUE,TRUE,TRUE,FALSE
4,764,0.600810845863946,TRUE,TRUE,TRUE,FALSE
4,765,0.598231722262366,TRUE,TRUE,TRUE,FALSE
4,766,0.592567655779123,TRUE,TRUE,TRUE,FALSE
4,767,0.594466719708494,TRUE,TRUE,TRUE,FALSE
4,768,0.604175954175874,TRUE,TRUE,TRUE,FALSE
4,769,0.599854585014502,TRUE,TRUE,TRUE,FALSE
4,770,0.60698006754148,TRUE,TRUE,TRUE,FALSE
4,771,0.603735890797236,TRUE,TRUE,TRUE,FALSE
4,772,0.599421117131217,TRUE,TRUE,TRUE,FALSE
4,773,0.602919020657605,TRUE,TRUE,TRUE,FALSE
4,774,0.60110942277694,TRUE,TRUE,TRUE,FALSE
4,775,0.59010680636889,FALSE,TRUE,TRUE,FALSE
4,776,0.598392273857251,TRUE,TRUE,TRUE,FALSE
4,777,0.598300182169397,TRUE,TRUE,TRUE,FALSE
4,778,0.604474096820129,TRUE,TRUE,TRUE,FALSE
4,779,0.594154283645211,TRUE,TRUE,TRUE,FALSE
4,780,0.595573117942194,TRUE,TRUE,TRUE,FALSE
4,781,0.606014676402494,TRUE,TRUE,TRUE,FALSE
4,782,0.594413679939167,TRUE,TRUE,TRUE,FALSE
4,783,0.607820210798138,TRUE,TRUE,TRUE,FALSE
4,784,0.605603899185314,TRUE,TRUE,TRUE,FALSE
4,785,0.606526288451636,TRUE,TRUE,TRUE,FALSE
4,786,0.598790755680528,TRUE,TRUE,TRUE,FALSE
4,787,0.597959477256325,TRUE,TRUE,TRUE,FALSE
4,788,0.601249592751257,TRUE,TRUE,TRUE,FALSE
4,789,0.603595318479832,TRUE,TRUE,TRUE,TRUE
4,790,0.600718097401571,TRUE,TRUE,TRUE,FALSE
4,791,0.601485708726997,TRUE,TRUE,TRUE,FALSE
4,792,0.599877940670527,TRUE,TRUE,TRUE,FALSE
4,793,0.600885476428367,TRUE,TRUE,TRUE,FALSE
4,794,0.59560245455462,TRUE,TRUE,TRUE,FALSE
4,795,0.599502259810039,TRUE,TRUE,TRUE,FALSE
4,796,0.601204623915272,TRUE,TRUE,TRUE,FALSE
4,797,0.596229931488533,TRUE,TRUE,TRUE,FALSE
4,798,0.605280543233967,TRUE,TRUE,TRUE,FALSE
4,799,0.601784061244492,TRUE,TRUE,TRUE,FALSE
4,800,0.601460955686718,TRUE,TRUE,TRUE,FALSE
4,801,0.60270037247955,TRUE,TRUE,TRUE,FALSE
4,802,0.598401286648186,TRUE,TRUE,TRUE,FALSE
4,803,0.606856886550067,TRUE,TRUE,TRUE,FALSE
4,804,0.599477573232083,TRUE,TRUE,TRUE,FALSE
4,805,0.603110932951301,TRUE,TRUE,TRUE,FALSE
4,806,0.587893583278597,FALSE,TRUE,TRUE,FALSE
4,807,0.602126561564001,TRUE,TRUE,TRUE,FALSE
4,808,0.600433597171306,TRUE,TRUE,TRUE,FALSE
4,809,0.598308170018661,TRUE,TRUE,TRUE,FALSE
4,810,0.595509491441134,TRUE,TRUE,TRUE,FALSE
4,811,0.600021319599448,TRUE,TRUE,TRUE,FALSE
4,812,0.598401620937039,TRUE,TRUE,TRUE,FALSE
4,813,0.601376414852028,TRUE,TRUE,TRUE,FALSE
4,814,0.606666535860406,TRUE,TRUE,TRUE,FALSE
4,815,0.602763349071821,TRUE,TRUE,TRUE,FALSE
4,816,0.600512739719187,TRUE,TRUE,TRUE,FALSE
4,817,0.603775535678853,TRUE,TRUE,TRUE,FALSE
4,818,0.604329059418027,TRUE,TRUE,TRUE,FALSE
4,819,0.607122732915765,TRUE,TRUE,TRUE,FALSE
4,820,0.594686955429344,TRUE,TRUE,TRUE,FALSE
4,821,0.59419880215097,TRUE,TRUE,TRUE,FALSE
4,822,0.598767552783,TRUE,TRUE,TRUE,FALSE
4,823,0.598439540866193,TRUE,TRUE,TRUE,FALSE
4,824,0.602077747336049,TRUE,TRUE,TRUE,FALSE
4,825,0.594360933963088,TRUE,TRUE,TRUE,FALSE
4,826,0.592349813693961,TRUE,TRUE,TRUE,FALSE
4,827,0.599227806759191,TRUE,TRUE,TRUE,FALSE
4,828,0.594315279150614,TRUE,TRUE,TRUE,FALSE
4,829,0.5941744372956,TRUE,TRUE,TRUE,FALSE
4,830,0.602606734681372,TRUE,TRUE,TRUE,FALSE
4,831,0.599940527360954,TRUE,TRUE,TRUE,FALSE
4,832,0.600819794996065,TRUE,TRUE,TRUE,FALSE
4,833,0.600363895152965,TRUE,TRUE,TRUE,FALSE
4,834,0.600717293488287,TRUE,TRUE,TRUE,FALSE
4,835,0.605105585869862,TRUE,TRUE,TRUE,FALSE
4,836,0.601191119032354,TRUE,TRUE,TRUE,FALSE
4,837,0.595473678301019,TRUE,TRUE,TRUE,FALSE
4,838,0.596329666230778,TRUE,TRUE,TRUE,FALSE
4,839,0.596601699795779,TRUE,TRUE,TRUE,FALSE
4,840,0.603723288074448,TRUE,TRUE,TRUE,FALSE
4,841,0.601358306920862,TRUE,TRUE,TRUE,FALSE
4,842,0.598483420925961,TRUE,TRUE,TRUE,FALSE
4,843,0.60187470418274,TRUE,TRUE,TRUE,FALSE
4,844,0.598744050125318,TRUE,TRUE,TRUE,FALSE
4,845,0.599299682066179,TRUE,TRUE,TRUE,FALSE
4,846,0.606929518147148,TRUE,TRUE,TRUE,FALSE
4,847,0.602185595311419,TRUE,TRUE,TRUE,FALSE
4,848,0.600191125161324,TRUE,TRUE,TRUE,FALSE
4,849,0.602476335044721,TRUE,TRUE,TRUE,FALSE
4,850,0.600160466304063,TRUE,TRUE,TRUE,FALSE
4,851,0.596488198215407,TRUE,TRUE,TRUE,FALSE
4,852,0.603421856834056,TRUE,TRUE,TRUE,FALSE
4,853,0.604596740634148,TRUE,TRUE,TRUE,FALSE
4,854,0.596209771984911,TRUE,TRUE,TRUE,FALSE
4,855,0.598220017561079,TRUE,TRUE,TRUE,FALSE
4,856,0.604001327757995,TRUE,TRUE,TRUE,FALSE
4,857,0.609718112292572,TRUE,TRUE,TRUE,FALSE
4,858,0.607116587630584,TRUE,TRUE,TRUE,FALSE
4,859,0.60313892091718,TRUE,TRUE,TRUE,FALSE
4,860,0.59933540632069,TRUE,TRUE,TRUE,FALSE
4,861,0.595060878640005,TRUE,TRUE,TRUE,FALSE
4,862,0.600982444659436,TRUE,TRUE,TRUE,FALSE
4,863,0.601534931308136,TRUE,TRUE,TRUE,FALSE
4,864,0.599022484164566,TRUE,TRUE,TRUE,FALSE
4,865,0.60437956873565,TRUE,TRUE,TRUE,FALSE
4,866,0.604171952571169,TRUE,TRUE,TRUE,FALSE
4,867,0.60243074414804,TRUE,TRUE,TRUE,FALSE
4,868,0.595458330104555,TRUE,TRUE,TRUE,FALSE
4,869,0.593277893169527,TRUE,TRUE,TRUE,FALSE
4,870,0.600016885016523,TRUE,TRUE,TRUE,FALSE
4,871,0.601568494677018,TRUE,TRUE,TRUE,FALSE
4,872,0.598306634612604,TRUE,TRUE,TRUE,FALSE
4,873,0.602183410896494,TRUE,TRUE,TRUE,FALSE
4,874,0.59884374682252,TRUE,TRUE,TRUE,FALSE
4,875,0.600394412505874,TRUE,TRUE,TRUE,FALSE
4,876,0.600175070626991,TRUE,TRUE,TRUE,FALSE
4,877,0.600816410841018,TRUE,TRUE,TRUE,FALSE
4,878,0.598046547392237,TRUE,TRUE,TRUE,FALSE
4,879,0.601520859441767,TRUE,TRUE,TRUE,FALSE
4,880,0.601485434784358,TRUE,TRUE,TRUE,FALSE
4,881,0.59412403847866,TRUE,TRUE,TRUE,FALSE
4,882,0.602455000421035,TRUE,TRUE,TRUE,FALSE
4,883,0.593150864733618,TRUE,TRUE,TRUE,FALSE
4,884,0.59886623354418,TRUE,TRUE,TRUE,FALSE
4,885,0.599019634266988,TRUE,TRUE,TRUE,FALSE
4,886,0.597750807107817,TRUE,TRUE,TRUE,FALSE
4,887,0.595314833304834,TRUE,TRUE,TRUE,FALSE
4,888,0.600524180361664,TRUE,TRUE,TRUE,FALSE
4,889,0.602331099939456,TRUE,TRUE,TRUE,FALSE
4,890,0.598161859321679,TRUE,TRUE,TRUE,FALSE
4,891,0.589846107772516,FALSE,TRUE,TRUE,FALSE
4,892,0.591097628456624,TRUE,TRUE,TRUE,FALSE
4,893,0.597053925053082,TRUE,TRUE,TRUE,FALSE
4,894,0.600783118229284,TRUE,TRUE,TRUE,FALSE
4,895,0.603430802395271,TRUE,TRUE,TRUE,FALSE
4,896,0.603677547913954,TRUE,TRUE,TRUE,FALSE
4,897,0.594613707110492,TRUE,TRUE,TRUE,FALSE
4,898,0.600952624589898,TRUE,TRUE,TRUE,FALSE
4,899,0.602631400439281,TRUE,TRUE,TRUE,FALSE
4,900,0.614895808319818,FALSE,TRUE,TRUE,FALSE
4,901,0.602382767754392,TRUE,TRUE,TRUE,FALSE
4,902,0.599699454001826,TRUE,TRUE,TRUE,FALSE
4,903,0.599889998151838,TRUE,TRUE,TRUE,FALSE
4,904,0.595718106155787,TRUE,TRUE,TRUE,FALSE
4,905,0.597388421697251,TRUE,TRUE,TRUE,FALSE
4,906,0.605425039764684,TRUE,TRUE,TRUE,FALSE
4,907,0.603689696901436,TRUE,TRUE,TRUE,FALSE
4,908,0.612193387404334,FALSE,TRUE,TRUE,FALSE
4,909,0.596572917703586,TRUE,TRUE,TRUE,FALSE
4,910,0.604735659243611,TRUE,TRUE,TRUE,FALSE
4,911,0.600915979901661,TRUE,TRUE,TRUE,FALSE
4,912,0.59960223718315,TRUE,TRUE,TRUE,FALSE
4,913,0.601863088929028,TRUE,TRUE,TRUE,FALSE
4,914,0.593207035147666,TRUE,TRUE,TRUE,FALSE
4,915,0.5994969704654,TRUE,TRUE,TRUE,FALSE
4,916,0.596748536705206,TRUE,TRUE,TRUE,FALSE
4,917,0.602810755362161,TRUE,TRUE,TRUE,FALSE
4,918,0.597560806452045,TRUE,TRUE,TRUE,FALSE
4,919,0.595091297774217,TRUE,TRUE,TRUE,FALSE
4,920,0.599955874608318,TRUE,TRUE,TRUE,FALSE
4,921,0.595973855480497,TRUE,TRUE,TRUE,FALSE
4,922,0.602403164301321,TRUE,TRUE,TRUE,FALSE
4,923,0.595569743846188,TRUE,TRUE,TRUE,FALSE
4,924,0.596820162841557,TRUE,TRUE,TRUE,FALSE
4,925,0.602118160888219,TRUE,TRUE,TRUE,FALSE
4,926,0.597417948472184,TRUE,TRUE,TRUE,FALSE
4,927,0.597182539956248,TRUE,TRUE,TRUE,FALSE
4,928,0.596834997209425,TRUE,TRUE,TRUE,FALSE
4,929,0.601858990109105,TRUE,TRUE,TRUE,FALSE
4,930,0.599620102156535,TRUE,TRUE,TRUE,FALSE
4,931,0.604242529291745,TRUE,TRUE,TRUE,FALSE
4,932,0.601162131923742,TRUE,TRUE,TRUE,FALSE
4,933,0.604444457872718,TRUE,TRUE,TRUE,FALSE
4,934,0.600494793364617,TRUE,TRUE,TRUE,FALSE
4,935,0.598329574808863,TRUE,TRUE,TRUE,FALSE
4,936,0.595198184655818,TRUE,TRUE,TRUE,FALSE
4,937,0.597755020942248,TRUE,TRUE,TRUE,FALSE
4,938,0.597818939130352,TRUE,TRUE,TRUE,FALSE
4,939,0.596914543242845,TRUE,TRUE,TRUE,FALSE
4,940,0.596637456520272,TRUE,TRUE,TRUE,FALSE
4,941,0.595888845760846,TRUE,TRUE,TRUE,FALSE
4,942,0.604945334999527,TRUE,TRUE,TRUE,FALSE
4,943,0.600303278721344,TRUE,TRUE,TRUE,FALSE
4,944,0.603441615099576,TRUE,TRUE,TRUE,FALSE
4,945,0.603384753815077,TRUE,TRUE,TRUE,FALSE
4,946,0.60678383466613,TRUE,TRUE,TRUE,FALSE
4,947,0.604564971267513,TRUE,TRUE,TRUE,FALSE
4,948,0.596417848831218,TRUE,TRUE,TRUE,FALSE
4,949,0.600673360158986,TRUE,TRUE,TRUE,FALSE
4,950,0.601090038850074,TRUE,TRUE,TRUE,FALSE
4,951,0.597675350354002,TRUE,TRUE,TRUE,FALSE
4,952,0.59837589799498,TRUE,TRUE,TRUE,FALSE
4,953,0.604070647142067,TRUE,TRUE,TRUE,FALSE
4,954,0.6017664680379,TRUE,TRUE,TRUE,FALSE
4,955,0.604016877592664,TRUE,TRUE,TRUE,FALSE
4,956,0.60344269900168,TRUE,TRUE,TRUE,FALSE
4,957,0.598364865140559,TRUE,TRUE,TRUE,FALSE
4,958,0.592491282257472,TRUE,TRUE,TRUE,FALSE
4,959,0.602231341150203,TRUE,TRUE,TRUE,FALSE
4,960,0.603502731345823,TRUE,TRUE,TRUE,FALSE
4,961,0.597657022393723,TRUE,TRUE,TRUE,FALSE
4,962,0.601008429206823,TRUE,TRUE,TRUE,FALSE
4,963,0.598280877705478,TRUE,TRUE,TRUE,FALSE
4,964,0.593923330901993,TRUE,TRUE,TRUE,FALSE
4,965,0.602922907202614,TRUE,TRUE,TRUE,FALSE
4,966,0.598439613030488,TRUE,TRUE,TRUE,FALSE
4,967,0.603734943434307,TRUE,TRUE,TRUE,FALSE
4,968,0.60053629444659,TRUE,TRUE,TRUE,FALSE
4,969,0.588773877805318,FALSE,TRUE,TRUE,FALSE
4,970,0.590684138829128,FALSE,TRUE,TRUE,FALSE
4,971,0.594908306543369,TRUE,TRUE,TRUE,FALSE
4,972,0.599102100567046,TRUE,TRUE,TRUE,FALSE
4,973,0.595217388701461,TRUE,TRUE,TRUE,FALSE
4,974,0.584642262082679,FALSE,TRUE,TRUE,FALSE
4,975,0.599054128175929,TRUE,TRUE,TRUE,FALSE
4,976,0.601176281745001,TRUE,TRUE,TRUE,FALSE
4,977,0.597328172138611,TRUE,TRUE,TRUE,FALSE
4,978,0.595025197394223,TRUE,TRUE,TRUE,FALSE
4,979,0.600201014092731,TRUE,TRUE,TRUE,FALSE
4,980,0.601040096143809,TRUE,TRUE,TRUE,FALSE
4,981,0.604267302421211,TRUE,TRUE,TRUE,FALSE
4,982,0.591718946376967,TRUE,TRUE,TRUE,FALSE
4,983,0.604059871144534,TRUE,TRUE,TRUE,FALSE
4,984,0.601755944824837,TRUE,TRUE,TRUE,FALSE
4,985,0.600726567188268,TRUE,TRUE,TRUE,FALSE
4,986,0.604514118379368,TRUE,TRUE,TRUE,FALSE
4,987,0.594919107863745,TRUE,TRUE,TRUE,FALSE
4,988,0.592916803271845,TRUE,TRUE,TRUE,FALSE
4,989,0.60786431623808,TRUE,TRUE,TRUE,FALSE
4,990,0.598125806182353,TRUE,TRUE,TRUE,FALSE
4,991,0.599765037633989,TRUE,TRUE,TRUE,FALSE
4,992,0.603730748419305,TRUE,TRUE,TRUE,FALSE
4,993,0.601239868787241,TRUE,TRUE,TRUE,FALSE
4,994,0.602481990772012,TRUE,TRUE,TRUE,FALSE
4,995,0.608621141946328,FALSE,TRUE,TRUE,FALSE
4,996,0.597316196711441,TRUE,TRUE,TRUE,FALSE
4,997,0.597659987122027,TRUE,TRUE,TRUE,FALSE
4,998,0.593979274681566,TRUE,TRUE,TRUE,FALSE
4,999,0.595793001587312,TRUE,TRUE,TRUE,FALSE
4,1000,0.601138160969434,TRUE,TRUE,TRUE,FALSE
5,1,0.802140429247431,TRUE,TRUE,TRUE,FALSE
5,2,0.800641706542467,TRUE,TRUE,TRUE,FALSE
5,3,0.800667379386108,TRUE,TRUE,TRUE,FALSE
5,4,0.803185724858602,TRUE,TRUE,TRUE,FALSE
5,5,0.794715529207248,TRUE,TRUE,TRUE,FALSE
5,6,0.801341618190244,TRUE,TRUE,TRUE,FALSE
5,7,0.806553688599019,TRUE,TRUE,TRUE,FALSE
5,8,0.803739620934421,TRUE,TRUE,TRUE,FALSE
5,9,0.796297147641949,TRUE,TRUE,TRUE,FALSE
5,10,0.79714948856701,TRUE,TRUE,TRUE,FALSE
5,11,0.798156971097437,TRUE,TRUE,TRUE,FALSE
5,12,0.793677398692219,TRUE,TRUE,TRUE,FALSE
5,13,0.797010287658227,TRUE,TRUE,TRUE,FALSE
5,14,0.797371159492325,TRUE,TRUE,TRUE,FALSE
5,15,0.799054513078763,TRUE,TRUE,TRUE,FALSE
5,16,0.799392485082363,TRUE,TRUE,TRUE,FALSE
5,17,0.794031172206347,TRUE,TRUE,TRUE,FALSE
5,18,0.801079449444512,TRUE,TRUE,TRUE,FALSE
5,19,0.80483783673321,TRUE,TRUE,TRUE,FALSE
5,20,0.801513601271868,TRUE,TRUE,TRUE,FALSE
5,21,0.794653997418836,TRUE,TRUE,TRUE,FALSE
5,22,0.800168394393788,TRUE,TRUE,TRUE,FALSE
5,23,0.797757458505331,TRUE,TRUE,TRUE,FALSE
5,24,0.80062061103134,TRUE,TRUE,TRUE,FALSE
5,25,0.801730478501514,TRUE,TRUE,TRUE,FALSE
5,26,0.798760894025818,TRUE,TRUE,TRUE,FALSE
5,27,0.802131080445944,TRUE,TRUE,TRUE,FALSE
5,28,0.800081663880725,TRUE,TRUE,TRUE,FALSE
5,29,0.80357076819552,TRUE,TRUE,TRUE,FALSE
5,30,0.800406402272434,TRUE,TRUE,TRUE,FALSE
5,31,0.795606889078724,TRUE,TRUE,TRUE,FALSE
5,32,0.804410571248474,TRUE,TRUE,TRUE,FALSE
5,33,0.797182116918085,TRUE,TRUE,TRUE,FALSE
5,34,0.796499588003105,TRUE,TRUE,TRUE,FALSE
5,35,0.803461032384045,TRUE,TRUE,TRUE,FALSE
5,36,0.802644677678487,TRUE,TRUE,TRUE,FALSE
5,37,0.800958511020429,TRUE,TRUE,TRUE,FALSE
5,38,0.796267246848855,TRUE,TRUE,TRUE,FALSE
5,39,0.797926644424868,TRUE,TRUE,TRUE,FALSE
5,40,0.797572577630944,TRUE,TRUE,TRUE,FALSE
5,41,0.799304682727201,TRUE,TRUE,TRUE,FALSE
5,42,0.79671010669076,TRUE,TRUE,TRUE,FALSE
5,43,0.810667964028538,FALSE,TRUE,TRUE,FALSE
5,44,0.796817262884181,TRUE,TRUE,TRUE,FALSE
5,45,0.801018904544996,TRUE,TRUE,TRUE,FALSE
5,46,0.802809005518345,TRUE,TRUE,TRUE,FALSE
5,47,0.802386278723553,TRUE,TRUE,TRUE,FALSE
5,48,0.794822377485788,TRUE,TRUE,TRUE,FALSE
5,49,0.805162340565529,TRUE,TRUE,TRUE,FALSE
5,50,0.800611232149532,TRUE,TRUE,TRUE,FALSE
5,51,0.799823906659956,TRUE,TRUE,TRUE,FALSE
5,52,0.791556110173332,TRUE,TRUE,TRUE,FALSE
5,53,0.799592471762214,TRUE,TRUE,TRUE,FALSE
5,54,0.802016903934319,TRUE,TRUE,TRUE,FALSE
5,55,0.802899398865125,TRUE,TRUE,TRUE,FALSE
5,56,0.798425140346648,TRUE,TRUE,TRUE,FALSE
5,57,0.808565318713149,TRUE,TRUE,TRUE,FALSE
5,58,0.797306745137416,TRUE,TRUE,TRUE,FALSE
5,59,0.804200123339728,TRUE,TRUE,TRUE,FALSE
5,60,0.799715853812122,TRUE,TRUE,TRUE,FALSE
5,61,0.794274269668578,TRUE,TRUE,TRUE,FALSE
5,62,0.804026026890962,TRUE,TRUE,TRUE,FALSE
5,63,0.814423001393529,FALSE,TRUE,TRUE,FALSE
5,64,0.788970719489775,FALSE,TRUE,TRUE,FALSE
5,65,0.797724921648962,TRUE,TRUE,TRUE,FALSE
5,66,0.792785699712119,FALSE,TRUE,TRUE,FALSE
5,67,0.80260953101505,TRUE,TRUE,TRUE,FALSE
5,68,0.796703715106584,TRUE,TRUE,TRUE,FALSE
5,69,0.803654712232199,TRUE,TRUE,TRUE,FALSE
5,70,0.80654921110272,TRUE,TRUE,TRUE,FALSE
5,71,0.793931714862183,TRUE,TRUE,TRUE,FALSE
5,72,0.803850908888978,TRUE,TRUE,TRUE,FALSE
5,73,0.806841568810332,TRUE,TRUE,TRUE,FALSE
5,74,0.797588637114387,TRUE,TRUE,TRUE,FALSE
5,75,0.807507682639139,TRUE,TRUE,TRUE,FALSE
5,76,0.803606993357726,TRUE,TRUE,TRUE,FALSE
5,77,0.800436786558139,TRUE,TRUE,TRUE,FALSE
5,78,0.801963976207186,TRUE,TRUE,TRUE,FALSE
5,79,0.805545121560324,TRUE,TRUE,TRUE,FALSE
5,80,0.799330970741153,TRUE,TRUE,TRUE,FALSE
5,81,0.796740837058311,TRUE,TRUE,TRUE,FALSE
5,82,0.798681184454665,TRUE,TRUE,TRUE,FALSE
5,83,0.801795887301234,TRUE,TRUE,TRUE,FALSE
5,84,0.801417686398121,TRUE,TRUE,TRUE,FALSE
5,85,0.790403017664244,FALSE,TRUE,TRUE,FALSE
5,86,0.799961560380847,TRUE,TRUE,TRUE,FALSE
5,87,0.795750432995491,TRUE,TRUE,TRUE,FALSE
5,88,0.803470092543463,TRUE,TRUE,TRUE,FALSE
5,89,0.799481054948119,TRUE,TRUE,TRUE,FALSE
5,90,0.79693317212167,TRUE,TRUE,TRUE,FALSE
5,91,0.79934820748067,TRUE,TRUE,TRUE,FALSE
5,92,0.802181304991573,TRUE,TRUE,TRUE,FALSE
5,93,0.789467813966843,FALSE,TRUE,TRUE,FALSE
5,94,0.796326853594208,TRUE,TRUE,TRUE,FALSE
5,95,0.789442704612347,FALSE,TRUE,TRUE,FALSE
5,96,0.801791116083864,TRUE,TRUE,TRUE,FALSE
5,97,0.805924981958481,TRUE,TRUE,TRUE,FALSE
5,98,0.799755684961052,TRUE,TRUE,TRUE,FALSE
5,99,0.793930163339984,TRUE,TRUE,TRUE,FALSE
5,100,0.802710223695034,TRUE,TRUE,TRUE,FALSE
5,101,0.797352236025451,TRUE,TRUE,TRUE,FALSE
5,102,0.809590511381083,FALSE,TRUE,TRUE,FALSE
5,103,0.797216660915307,TRUE,TRUE,TRUE,FALSE
5,104,0.804140912543662,TRUE,TRUE,TRUE,FALSE
5,105,0.804769272698927,TRUE,TRUE,TRUE,FALSE
5,106,0.802900204502278,TRUE,TRUE,TRUE,FALSE
5,107,0.801590364475804,TRUE,TRUE,TRUE,FALSE
5,108,0.799842087094231,TRUE,TRUE,TRUE,FALSE
5,109,0.803910838137772,TRUE,TRUE,TRUE,FALSE
5,110,0.798013999691063,TRUE,TRUE,TRUE,FALSE
5,111,0.796387079992684,TRUE,TRUE,TRUE,FALSE
5,112,0.792091916929657,TRUE,TRUE,TRUE,FALSE
5,113,0.802226328804939,TRUE,TRUE,TRUE,FALSE
5,114,0.796821354699572,TRUE,TRUE,TRUE,FALSE
5,115,0.798781159577129,TRUE,TRUE,TRUE,FALSE
5,116,0.798248718302275,TRUE,TRUE,TRUE,FALSE
5,117,0.804795416110521,TRUE,TRUE,TRUE,FALSE
5,118,0.80420132497944,TRUE,TRUE,TRUE,FALSE
5,119,0.80486285896671,TRUE,TRUE,TRUE,FALSE
5,120,0.798648809092205,TRUE,TRUE,TRUE,FALSE
5,121,0.798410457275676,TRUE,TRUE,TRUE,FALSE
5,122,0.797510845749244,TRUE,TRUE,TRUE,FALSE
5,123,0.797100108969071,TRUE,TRUE,TRUE,FALSE
5,124,0.807297664684907,TRUE,TRUE,TRUE,FALSE
5,125,0.796152702779502,TRUE,TRUE,TRUE,FALSE
5,126,0.797789826767044,TRUE,TRUE,TRUE,FALSE
5,127,0.798618732364136,TRUE,TRUE,TRUE,FALSE
5,128,0.80637782542358,TRUE,TRUE,TRUE,FALSE
5,129,0.799664062838064,TRUE,TRUE,TRUE,FALSE
5,130,0.801165031068027,TRUE,TRUE,TRUE,FALSE
5,131,0.798079584870881,TRUE,TRUE,TRUE,FALSE
5,132,0.794014526079109,TRUE,TRUE,TRUE,FALSE
5,133,0.792374832360595,TRUE,TRUE,TRUE,FALSE
5,134,0.802675954785354,TRUE,TRUE,TRUE,FALSE
5,135,0.804897174998938,TRUE,TRUE,TRUE,FALSE
5,136,0.799762007714491,TRUE,TRUE,TRUE,FALSE
5,137,0.797568695393687,TRUE,TRUE,TRUE,FALSE
5,138,0.796874423126926,TRUE,TRUE,TRUE,FALSE
5,139,0.796846626967505,TRUE,TRUE,TRUE,FALSE
5,140,0.796962271653338,TRUE,TRUE,TRUE,FALSE
5,141,0.794690691266255,TRUE,TRUE,TRUE,FALSE
5,142,0.801387054434497,TRUE,TRUE,TRUE,FALSE
5,143,0.790701258088754,FALSE,TRUE,TRUE,FALSE
5,144,0.800615389162565,TRUE,TRUE,TRUE,FALSE
5,145,0.795968656347181,TRUE,TRUE,TRUE,FALSE
5,146,0.800484964459141,TRUE,TRUE,TRUE,FALSE
5,147,0.787183986364336,FALSE,TRUE,TRUE,FALSE
5,148,0.795782564690686,TRUE,TRUE,TRUE,FALSE
5,149,0.799914806404887,TRUE,TRUE,TRUE,FALSE
5,150,0.801533525552784,TRUE,TRUE,TRUE,FALSE
5,151,0.791433136803888,TRUE,TRUE,TRUE,FALSE
5,152,0.789931607159334,FALSE,TRUE,TRUE,FALSE
5,153,0.798556865120029,TRUE,TRUE,TRUE,FALSE
5,154,0.792404204292293,TRUE,TRUE,TRUE,FALSE
5,155,0.807386708792547,TRUE,TRUE,TRUE,FALSE
5,156,0.800305731544356,TRUE,TRUE,TRUE,FALSE
5,157,0.802906962337064,TRUE,TRUE,TRUE,FALSE
5,158,0.795103597737014,TRUE,TRUE,TRUE,FALSE
5,159,0.811069560849987,FALSE,TRUE,TRUE,FALSE
5,160,0.791385427429383,FALSE,TRUE,TRUE,FALSE
5,161,0.79585892145313,TRUE,TRUE,TRUE,FALSE
5,162,0.800093057497283,TRUE,TRUE,TRUE,FALSE
5,163,0.79473156970515,TRUE,TRUE,TRUE,FALSE
5,164,0.797086568065374,TRUE,TRUE,TRUE,FALSE
5,165,0.803111650537087,TRUE,TRUE,TRUE,FALSE
5,166,0.800520311282237,TRUE,TRUE,TRUE,FALSE
5,167,0.803477390342798,TRUE,TRUE,TRUE,FALSE
5,168,0.80563639313092,TRUE,TRUE,TRUE,FALSE
5,169,0.802733317300218,TRUE,TRUE,TRUE,FALSE
5,170,0.802584537566937,TRUE,TRUE,TRUE,FALSE
5,171,0.797586627213088,TRUE,TRUE,TRUE,FALSE
5,172,0.804595623433479,TRUE,TRUE,TRUE,FALSE
5,173,0.788961938290638,FALSE,TRUE,TRUE,FALSE
5,174,0.801561258303398,TRUE,TRUE,TRUE,FALSE
5,175,0.797788577739795,TRUE,TRUE,TRUE,FALSE
5,176,0.80756420662305,FALSE,TRUE,TRUE,FALSE
5,177,0.804694427363792,TRUE,TRUE,TRUE,FALSE
5,178,0.801744608979223,TRUE,TRUE,TRUE,FALSE
5,179,0.794064170054497,TRUE,TRUE,TRUE,FALSE
5,180,0.80009356330952,TRUE,TRUE,TRUE,FALSE
5,181,0.799569046306981,TRUE,TRUE,TRUE,FALSE
5,182,0.802351158530772,TRUE,TRUE,TRUE,FALSE
5,183,0.797873139824438,TRUE,TRUE,TRUE,FALSE
5,184,0.799406878703071,TRUE,TRUE,TRUE,FALSE
5,185,0.801249714661838,TRUE,TRUE,TRUE,FALSE
5,186,0.799837603278229,TRUE,TRUE,TRUE,FALSE
5,187,0.801648690854079,TRUE,TRUE,TRUE,FALSE
5,188,0.802530904108596,TRUE,TRUE,TRUE,FALSE
5,189,0.800024708328813,TRUE,TRUE,TRUE,FALSE
5,190,0.797593062456171,TRUE,TRUE,TRUE,FALSE
5,191,0.799863622774539,TRUE,TRUE,TRUE,FALSE
5,192,0.799277048914371,TRUE,TRUE,TRUE,FALSE
5,193,0.79235962098215,TRUE,TRUE,TRUE,FALSE
5,194,0.800095386695981,TRUE,TRUE,TRUE,FALSE
5,195,0.798360519707845,TRUE,TRUE,TRUE,FALSE
5,196,0.801188185833173,TRUE,TRUE,TRUE,FALSE
5,197,0.798120932198523,TRUE,TRUE,TRUE,FALSE
5,198,0.805285997180422,TRUE,TRUE,TRUE,FALSE
5,199,0.800611262154181,TRUE,TRUE,TRUE,FALSE
5,200,0.796758398020674,TRUE,TRUE,TRUE,FALSE
5,201,0.790530518116394,TRUE,TRUE,TRUE,FALSE
5,202,0.803850854122621,TRUE,TRUE,TRUE,FALSE
5,203,0.798208239854839,TRUE,TRUE,TRUE,FALSE
5,204,0.801257781374046,TRUE,TRUE,TRUE,FALSE
5,205,0.791891724060918,TRUE,TRUE,TRUE,FALSE
5,206,0.79641163263238,TRUE,TRUE,TRUE,FALSE
5,207,0.798169849403995,TRUE,TRUE,TRUE,FALSE
5,208,0.793768760236935,TRUE,TRUE,TRUE,FALSE
5,209,0.801901797710766,TRUE,TRUE,TRUE,FALSE
5,210,0.800981523015365,TRUE,TRUE,TRUE,FALSE
5,211,0.801358312261838,TRUE,TRUE,TRUE,FALSE
5,212,0.803343982556123,TRUE,TRUE,TRUE,FALSE
5,213,0.80420377683799,TRUE,TRUE,TRUE,FALSE
5,214,0.796701302801554,TRUE,TRUE,TRUE,FALSE
5,215,0.805770333362198,TRUE,TRUE,TRUE,FALSE
5,216,0.795819341828354,TRUE,TRUE,TRUE,FALSE
5,217,0.796780906997475,TRUE,TRUE,TRUE,FALSE
5,218,0.79371432781962,TRUE,TRUE,TRUE,FALSE
5,219,0.807142306319445,TRUE,TRUE,TRUE,FALSE
5,220,0.790267343754535,FALSE,TRUE,TRUE,FALSE
5,221,0.802063338325949,TRUE,TRUE,TRUE,FALSE
5,222,0.787703370777849,FALSE,TRUE,TRUE,FALSE
5,223,0.795241397066338,TRUE,TRUE,TRUE,FALSE
5,224,0.798361031376604,TRUE,TRUE,TRUE,FALSE
5,225,0.805211854584323,TRUE,TRUE,TRUE,FALSE
5,226,0.804778289999324,TRUE,TRUE,TRUE,FALSE
5,227,0.797442769915692,TRUE,TRUE,TRUE,FALSE
5,228,0.798172917272542,TRUE,TRUE,TRUE,FALSE
5,229,0.800226918976524,TRUE,TRUE,TRUE,FALSE
5,230,0.802421985765903,TRUE,TRUE,TRUE,FALSE
5,231,0.795852949119115,TRUE,TRUE,TRUE,FALSE
5,232,0.803951153310167,TRUE,TRUE,TRUE,FALSE
5,233,0.805124348618171,TRUE,TRUE,TRUE,FALSE
5,234,0.798391423383358,TRUE,TRUE,TRUE,FALSE
5,235,0.806436044096696,TRUE,TRUE,TRUE,FALSE
5,236,0.79603059324907,TRUE,TRUE,TRUE,FALSE
5,237,0.799260035176507,TRUE,TRUE,TRUE,FALSE
5,238,0.801508402239906,TRUE,TRUE,TRUE,FALSE
5,239,0.803364662837151,TRUE,TRUE,TRUE,FALSE
5,240,0.805486174055215,TRUE,TRUE,TRUE,FALSE
5,241,0.801782453280607,TRUE,TRUE,TRUE,FALSE
5,242,0.799281856815943,TRUE,TRUE,TRUE,FALSE
5,243,0.795620885226301,TRUE,TRUE,TRUE,FALSE
5,244,0.80617613151556,TRUE,TRUE,TRUE,FALSE
5,245,0.803583649177657,TRUE,TRUE,TRUE,FALSE
5,246,0.800306599426841,TRUE,TRUE,TRUE,FALSE
5,247,0.802100806341211,TRUE,TRUE,TRUE,FALSE
5,248,0.801514923145744,TRUE,TRUE,TRUE,FALSE
5,249,0.798302218436845,TRUE,TRUE,TRUE,FALSE
5,250,0.799049815846181,TRUE,TRUE,TRUE,FALSE
5,251,0.79166883655095,TRUE,TRUE,TRUE,FALSE
5,252,0.792817640316613,TRUE,TRUE,TRUE,FALSE
5,253,0.791822898307587,TRUE,TRUE,TRUE,FALSE
5,254,0.806631213589609,TRUE,TRUE,TRUE,FALSE
5,255,0.800896290077789,TRUE,TRUE,TRUE,FALSE
5,256,0.806330886114113,TRUE,TRUE,TRUE,FALSE
5,257,0.800407141749627,TRUE,TRUE,TRUE,FALSE
5,258,0.801579450761854,TRUE,TRUE,TRUE,FALSE
5,259,0.803703338296467,TRUE,TRUE,TRUE,FALSE
5,260,0.800069200132219,TRUE,TRUE,TRUE,FALSE
5,261,0.794777852342804,TRUE,TRUE,TRUE,FALSE
5,262,0.800318815917096,TRUE,TRUE,TRUE,FALSE
5,263,0.805578422667334,TRUE,TRUE,TRUE,FALSE
5,264,0.792851587153669,TRUE,TRUE,TRUE,FALSE
5,265,0.799422230627785,TRUE,TRUE,TRUE,FALSE
5,266,0.796741949761868,TRUE,TRUE,TRUE,FALSE
5,267,0.806575787889022,TRUE,TRUE,TRUE,FALSE
5,268,0.805642344043707,TRUE,TRUE,TRUE,FALSE
5,269,0.796923093118646,TRUE,TRUE,TRUE,FALSE
5,270,0.796276124329285,TRUE,TRUE,TRUE,FALSE
5,271,0.807186041938936,TRUE,TRUE,TRUE,FALSE
5,272,0.800947384143473,TRUE,TRUE,TRUE,FALSE
5,273,0.79540455355624,TRUE,TRUE,TRUE,FALSE
5,274,0.805504946464139,TRUE,TRUE,TRUE,FALSE
5,275,0.808657515670523,FALSE,TRUE,TRUE,FALSE
5,276,0.797720341419641,TRUE,TRUE,TRUE,FALSE
5,277,0.802266853180613,TRUE,TRUE,TRUE,FALSE
5,278,0.792211783920831,TRUE,TRUE,TRUE,FALSE
5,279,0.796921507807103,TRUE,TRUE,TRUE,FALSE
5,280,0.797256142058081,TRUE,TRUE,TRUE,FALSE
5,281,0.802327398189617,TRUE,TRUE,TRUE,FALSE
5,282,0.801483961787608,TRUE,TRUE,TRUE,FALSE
5,283,0.79982126886554,TRUE,TRUE,TRUE,FALSE
5,284,0.803584882231557,TRUE,TRUE,TRUE,FALSE
5,285,0.800905138039929,TRUE,TRUE,TRUE,FALSE
5,286,0.806514128615797,TRUE,TRUE,TRUE,FALSE
5,287,0.796963110888951,TRUE,TRUE,TRUE,FALSE
5,288,0.796308240761533,TRUE,TRUE,TRUE,FALSE
5,289,0.793621965346151,TRUE,TRUE,TRUE,FALSE
5,290,0.799926537972656,TRUE,TRUE,TRUE,FALSE
5,291,0.802840595374868,TRUE,TRUE,TRUE,FALSE
5,292,0.799851017858775,TRUE,TRUE,TRUE,FALSE
5,293,0.802217896842286,TRUE,TRUE,TRUE,FALSE
5,294,0.801527969961186,TRUE,TRUE,TRUE,FALSE
5,295,0.805359096548869,TRUE,TRUE,TRUE,FALSE
5,296,0.794950741835473,TRUE,TRUE,TRUE,FALSE
5,297,0.797648250659465,TRUE,TRUE,TRUE,FALSE
5,298,0.801452144085321,TRUE,TRUE,TRUE,FALSE
5,299,0.798268751624963,TRUE,TRUE,TRUE,FALSE
5,300,0.804500875108495,TRUE,TRUE,TRUE,FALSE
5,301,0.792617055004611,TRUE,TRUE,TRUE,FALSE
5,302,0.799096851449613,TRUE,TRUE,TRUE,FALSE
5,303,0.803874173332293,TRUE,TRUE,TRUE,FALSE
5,304,0.802175372967544,TRUE,TRUE,TRUE,FALSE
5,305,0.801813020700842,TRUE,TRUE,TRUE,FALSE
5,306,0.79961461321437,TRUE,TRUE,TRUE,FALSE
5,307,0.798610211795228,TRUE,TRUE,TRUE,FALSE
5,308,0.809625824847806,FALSE,TRUE,TRUE,FALSE
5,309,0.794399790177152,TRUE,TRUE,TRUE,FALSE
5,310,0.796899141971739,TRUE,TRUE,TRUE,FALSE
5,311,0.805556785617733,TRUE,TRUE,TRUE,FALSE
5,312,0.797997502098848,TRUE,TRUE,TRUE,FALSE
5,313,0.804260239189606,TRUE,TRUE,TRUE,FALSE
5,314,0.789948691093786,FALSE,TRUE,TRUE,FALSE
5,315,0.791745680745171,TRUE,TRUE,TRUE,FALSE
5,316,0.799531133466006,TRUE,TRUE,TRUE,FALSE
5,317,0.80449252648562,TRUE,TRUE,TRUE,FALSE
5,318,0.791777662943737,FALSE,TRUE,TRUE,FALSE
5,319,0.801119748501897,TRUE,TRUE,TRUE,FALSE
5,320,0.795860607937363,TRUE,TRUE,TRUE,FALSE
5,321,0.799286191143102,TRUE,TRUE,TRUE,FALSE
5,322,0.795150350033705,TRUE,TRUE,TRUE,FALSE
5,323,0.796161256782629,TRUE,TRUE,TRUE,FALSE
5,324,0.800463139582058,TRUE,TRUE,TRUE,FALSE
5,325,0.803708662587931,TRUE,TRUE,TRUE,FALSE
5,326,0.796854573075949,TRUE,TRUE,TRUE,FALSE
5,327,0.803608884414655,TRUE,TRUE,TRUE,FALSE
5,328,0.797985960152832,TRUE,TRUE,TRUE,FALSE
5,329,0.799294125714615,TRUE,TRUE,TRUE,FALSE
5,330,0.800965488032823,TRUE,TRUE,TRUE,FALSE
5,331,0.804302986586134,TRUE,TRUE,TRUE,FALSE
5,332,0.797693898407017,TRUE,TRUE,TRUE,FALSE
5,333,0.798315102835583,TRUE,TRUE,TRUE,FALSE
5,334,0.804916749506901,TRUE,TRUE,TRUE,FALSE
5,335,0.803470130375688,TRUE,TRUE,TRUE,FALSE
5,336,0.794175653190673,TRUE,TRUE,TRUE,FALSE
5,337,0.80516546334513,TRUE,TRUE,TRUE,FALSE
5,338,0.807448663192678,TRUE,TRUE,TRUE,FALSE
5,339,0.794300064976724,TRUE,TRUE,TRUE,FALSE
5,340,0.804908690997433,TRUE,TRUE,TRUE,FALSE
5,341,0.801442545594437,TRUE,TRUE,TRUE,FALSE
5,342,0.794837476116389,TRUE,TRUE,TRUE,FALSE
5,343,0.803678635879951,TRUE,TRUE,TRUE,FALSE
5,344,0.797176419287962,TRUE,TRUE,TRUE,FALSE
5,345,0.805297958010952,TRUE,TRUE,TRUE,FALSE
5,346,0.803719179872708,TRUE,TRUE,TRUE,FALSE
5,347,0.792722106192396,TRUE,TRUE,TRUE,FALSE
5,348,0.798876229649773,TRUE,TRUE,TRUE,FALSE
5,349,0.804209214288043,TRUE,TRUE,TRUE,FALSE
5,350,0.8030883990798,TRUE,TRUE,TRUE,FALSE
5,351,0.796915519470145,TRUE,TRUE,TRUE,FALSE
5,352,0.798968002318133,TRUE,TRUE,TRUE,FALSE
5,353,0.815235236731306,FALSE,TRUE,TRUE,FALSE
5,354,0.805501235540521,TRUE,TRUE,TRUE,FALSE
5,355,0.807378831142863,TRUE,TRUE,TRUE,FALSE
5,356,0.798980085485264,TRUE,TRUE,TRUE,FALSE
5,357,0.793298243192242,TRUE,TRUE,TRUE,FALSE
5,358,0.803440789262381,TRUE,TRUE,TRUE,FALSE
5,359,0.799444891762392,TRUE,TRUE,TRUE,FALSE
5,360,0.797188980677872,TRUE,TRUE,TRUE,FALSE
5,361,0.800692930467766,TRUE,TRUE,TRUE,FALSE
5,362,0.793578166391119,TRUE,TRUE,TRUE,FALSE
5,363,0.795345426885255,TRUE,TRUE,TRUE,FALSE
5,364,0.798356559841979,TRUE,TRUE,TRUE,FALSE
5,365,0.799377476924735,TRUE,TRUE,TRUE,FALSE
5,366,0.798777783191314,TRUE,TRUE,TRUE,FALSE
5,367,0.803079097272832,TRUE,TRUE,TRUE,FALSE
5,368,0.799857974233791,TRUE,TRUE,TRUE,FALSE
5,369,0.792377028104437,TRUE,TRUE,TRUE,FALSE
5,370,0.801602943646335,TRUE,TRUE,TRUE,FALSE
5,371,0.804323322793581,TRUE,TRUE,TRUE,FALSE
5,372,0.799983881252499,TRUE,TRUE,TRUE,FALSE
5,373,0.80533304119912,TRUE,TRUE,TRUE,FALSE
5,374,0.800570843927517,TRUE,TRUE,TRUE,FALSE
5,375,0.802277676987741,TRUE,TRUE,TRUE,FALSE
5,376,0.802616160683922,TRUE,TRUE,TRUE,FALSE
5,377,0.805968359616574,TRUE,TRUE,TRUE,FALSE
5,378,0.793364483749882,TRUE,TRUE,TRUE,FALSE
5,379,0.798425069799857,TRUE,TRUE,TRUE,FALSE
5,380,0.8040022579624,TRUE,TRUE,TRUE,FALSE
5,381,0.799723867368108,TRUE,TRUE,TRUE,FALSE
5,382,0.808620740865121,FALSE,TRUE,TRUE,FALSE
5,383,0.799381732730267,TRUE,TRUE,TRUE,FALSE
5,384,0.7976129854596,TRUE,TRUE,TRUE,FALSE
5,385,0.798023090714767,TRUE,TRUE,TRUE,FALSE
5,386,0.798374335614461,TRUE,TRUE,TRUE,FALSE
5,387,0.800879943611486,TRUE,TRUE,TRUE,FALSE
5,388,0.802131499683895,TRUE,TRUE,TRUE,FALSE
5,389,0.805065521057464,TRUE,TRUE,TRUE,FALSE
5,390,0.802445484976856,TRUE,TRUE,TRUE,FALSE
5,391,0.814696324503103,FALSE,TRUE,TRUE,FALSE
5,392,0.799912100954651,TRUE,TRUE,TRUE,FALSE
5,393,0.794399818156041,TRUE,TRUE,TRUE,FALSE
5,394,0.801303084865236,TRUE,TRUE,TRUE,FALSE
5,395,0.803000757863498,TRUE,TRUE,TRUE,FALSE
5,396,0.801762686425821,TRUE,TRUE,TRUE,FALSE
5,397,0.800834988513739,TRUE,TRUE,TRUE,FALSE
5,398,0.799789625572752,TRUE,TRUE,TRUE,FALSE
5,399,0.790064007811347,FALSE,TRUE,TRUE,FALSE
5,400,0.803229114676701,TRUE,TRUE,TRUE,FALSE
5,401,0.799289395720657,TRUE,TRUE,TRUE,FALSE
5,402,0.790886091690901,FALSE,TRUE,TRUE,FALSE
5,403,0.800050342773692,TRUE,TRUE,TRUE,FALSE
5,404,0.801744727041758,TRUE,TRUE,TRUE,FALSE
5,405,0.79416385598651,TRUE,TRUE,TRUE,FALSE
5,406,0.798915329586458,TRUE,TRUE,TRUE,FALSE
5,407,0.800999273626051,TRUE,TRUE,TRUE,FALSE
5,408,0.805942586931356,TRUE,TRUE,TRUE,FALSE
5,409,0.798296596918644,TRUE,TRUE,TRUE,FALSE
5,410,0.797134881968605,TRUE,TRUE,TRUE,FALSE
5,411,0.804691299272621,TRUE,TRUE,TRUE,FALSE
5,412,0.798684693034072,TRUE,TRUE,TRUE,FALSE
5,413,0.804985742873281,TRUE,TRUE,TRUE,FALSE
5,414,0.799910362174648,TRUE,TRUE,TRUE,FALSE
5,415,0.804631565880465,TRUE,TRUE,TRUE,FALSE
5,416,0.796652517121402,TRUE,TRUE,TRUE,FALSE
5,417,0.80450867710803,TRUE,TRUE,TRUE,FALSE
5,418,0.801775397168399,TRUE,TRUE,TRUE,FALSE
5,419,0.804954204120865,TRUE,TRUE,TRUE,FALSE
5,420,0.796040649600016,TRUE,TRUE,TRUE,FALSE
5,421,0.799236492871556,TRUE,TRUE,TRUE,FALSE
5,422,0.797970564487193,TRUE,TRUE,TRUE,FALSE
5,423,0.792630870387606,TRUE,TRUE,TRUE,FALSE
5,424,0.798758424226683,TRUE,TRUE,TRUE,FALSE
5,425,0.801532504118214,TRUE,TRUE,TRUE,FALSE
5,426,0.802775527325399,TRUE,TRUE,TRUE,FALSE
5,427,0.795317614309478,TRUE,TRUE,TRUE,FALSE
5,428,0.794552635195038,TRUE,TRUE,TRUE,FALSE
5,429,0.796406055211918,TRUE,TRUE,TRUE,FALSE
5,430,0.796012893643087,TRUE,TRUE,TRUE,FALSE
5,431,0.800484609555669,TRUE,TRUE,TRUE,FALSE
5,432,0.807805313337857,TRUE,TRUE,TRUE,FALSE
5,433,0.805686193788914,TRUE,TRUE,TRUE,FALSE
5,434,0.802249517265881,TRUE,TRUE,TRUE,FALSE
5,435,0.795116070585458,TRUE,TRUE,TRUE,FALSE
5,436,0.802690843420335,TRUE,TRUE,TRUE,FALSE
5,437,0.796731133434068,TRUE,TRUE,TRUE,FALSE
5,438,0.801267414010304,TRUE,TRUE,TRUE,FALSE
5,439,0.801548259349102,TRUE,TRUE,TRUE,FALSE
5,440,0.804223390847382,TRUE,TRUE,TRUE,FALSE
5,441,0.795035954051336,TRUE,TRUE,TRUE,FALSE
5,442,0.797846828982483,TRUE,TRUE,TRUE,FALSE
5,443,0.7954302399695,TRUE,TRUE,TRUE,FALSE
5,444,0.797110416346975,TRUE,TRUE,TRUE,FALSE
5,445,0.801712716335587,TRUE,TRUE,TRUE,FALSE
5,446,0.801077496949222,TRUE,TRUE,TRUE,FALSE
5,447,0.800788596878657,TRUE,TRUE,TRUE,FALSE
5,448,0.800030370047316,TRUE,TRUE,TRUE,FALSE
5,449,0.800277758338905,TRUE,TRUE,TRUE,FALSE
5,450,0.803168634831429,TRUE,TRUE,TRUE,FALSE
5,451,0.794065059068128,TRUE,TRUE,TRUE,FALSE
5,452,0.79736829828339,TRUE,TRUE,TRUE,FALSE
5,453,0.798335052044958,TRUE,TRUE,TRUE,FALSE
5,454,0.810521901732957,FALSE,TRUE,TRUE,FALSE
5,455,0.802052611507451,TRUE,TRUE,TRUE,FALSE
5,456,0.79050729328355,FALSE,TRUE,TRUE,FALSE
5,457,0.79930785718159,TRUE,TRUE,TRUE,FALSE
5,458,0.804961016949414,TRUE,TRUE,TRUE,FALSE
5,459,0.79791241703708,TRUE,TRUE,TRUE,FALSE
5,460,0.801371958168849,TRUE,TRUE,TRUE,FALSE
5,461,0.806798736834153,TRUE,TRUE,TRUE,FALSE
5,462,0.803651053237515,TRUE,TRUE,TRUE,FALSE
5,463,0.799281003395692,TRUE,TRUE,TRUE,FALSE
5,464,0.799703798278753,TRUE,TRUE,TRUE,FALSE
5,465,0.79683848340267,TRUE,TRUE,TRUE,FALSE
5,466,0.798550208940831,TRUE,TRUE,TRUE,FALSE
5,467,0.806461992058733,TRUE,TRUE,TRUE,FALSE
5,468,0.801310409133906,TRUE,TRUE,TRUE,FALSE
5,469,0.797562908252435,TRUE,TRUE,TRUE,FALSE
5,470,0.799740380397484,TRUE,TRUE,TRUE,FALSE
5,471,0.800402638806404,TRUE,TRUE,TRUE,FALSE
5,472,0.797017146763034,TRUE,TRUE,TRUE,FALSE
5,473,0.797583316484864,TRUE,TRUE,TRUE,FALSE
5,474,0.803506350622389,TRUE,TRUE,TRUE,FALSE
5,475,0.799918539043414,TRUE,TRUE,TRUE,FALSE
5,476,0.794928909184016,TRUE,TRUE,TRUE,FALSE
5,477,0.80451882577366,TRUE,TRUE,TRUE,FALSE
5,478,0.795373063774991,TRUE,TRUE,TRUE,FALSE
5,479,0.800559865136175,TRUE,TRUE,TRUE,FALSE
5,480,0.798065640539904,TRUE,TRUE,TRUE,FALSE
5,481,0.802140517269159,TRUE,TRUE,TRUE,FALSE
5,482,0.798316429170185,TRUE,TRUE,TRUE,FALSE
5,483,0.798679632341561,TRUE,TRUE,TRUE,FALSE
5,484,0.800762469353094,TRUE,TRUE,TRUE,FALSE
5,485,0.798947859224443,TRUE,TRUE,TRUE,FALSE
5,486,0.792529340524352,TRUE,TRUE,TRUE,FALSE
5,487,0.800231837612932,TRUE,TRUE,TRUE,FALSE
5,488,0.797656170282634,TRUE,TRUE,TRUE,FALSE
5,489,0.801305398643805,TRUE,TRUE,TRUE,FALSE
5,490,0.800177987024334,TRUE,TRUE,TRUE,FALSE
5,491,0.795051182682336,TRUE,TRUE,TRUE,FALSE
5,492,0.79647752281339,TRUE,TRUE,TRUE,FALSE
5,493,0.80007585876487,TRUE,TRUE,TRUE,FALSE
5,494,0.794465926309523,TRUE,TRUE,TRUE,FALSE
5,495,0.807684967193434,TRUE,TRUE,TRUE,FALSE
5,496,0.801001389158781,TRUE,TRUE,TRUE,FALSE
5,497,0.795468730928348,TRUE,TRUE,TRUE,FALSE
5,498,0.802001071025706,TRUE,TRUE,TRUE,FALSE
5,499,0.803105927594517,TRUE,TRUE,TRUE,FALSE
5,500,0.803147726810167,TRUE,TRUE,TRUE,FALSE
5,501,0.803529141206767,TRUE,TRUE,TRUE,FALSE
5,502,0.802518257849275,TRUE,TRUE,TRUE,FALSE
5,503,0.791396879218792,FALSE,TRUE,TRUE,FALSE
5,504,0.799597440826468,TRUE,TRUE,TRUE,FALSE
5,505,0.798522024068571,TRUE,TRUE,TRUE,FALSE
5,506,0.799442362361597,TRUE,TRUE,TRUE,FALSE
5,507,0.797068752019173,TRUE,TRUE,TRUE,FALSE
5,508,0.801235421419751,TRUE,TRUE,TRUE,FALSE
5,509,0.803521007015033,TRUE,TRUE,TRUE,FALSE
5,510,0.802758182698152,TRUE,TRUE,TRUE,FALSE
5,511,0.801957459042446,TRUE,TRUE,TRUE,FALSE
5,512,0.796573425057346,TRUE,TRUE,TRUE,FALSE
5,513,0.802795297357672,TRUE,TRUE,TRUE,FALSE
5,514,0.798948902842569,TRUE,TRUE,TRUE,FALSE
5,515,0.804626339951993,TRUE,TRUE,TRUE,FALSE
5,516,0.795284961536186,TRUE,TRUE,TRUE,FALSE
5,517,0.80306087090069,TRUE,TRUE,TRUE,FALSE
5,518,0.79713439771099,TRUE,TRUE,TRUE,FALSE
5,519,0.799582412142183,TRUE,TRUE,TRUE,FALSE
5,520,0.798147375921834,TRUE,TRUE,TRUE,FALSE
5,521,0.794796829852402,TRUE,TRUE,TRUE,FALSE
5,522,0.802727492929759,TRUE,TRUE,TRUE,FALSE
5,523,0.799696316090555,TRUE,TRUE,TRUE,FALSE
5,524,0.805123247743738,TRUE,TRUE,TRUE,FALSE
5,525,0.795796168227738,TRUE,TRUE,TRUE,FALSE
5,526,0.801764177592009,TRUE,TRUE,TRUE,FALSE
5,527,0.795920340672957,TRUE,TRUE,TRUE,FALSE
5,528,0.800275925949032,TRUE,TRUE,TRUE,FALSE
5,529,0.809521434319871,FALSE,TRUE,TRUE,FALSE
5,530,0.801385087224538,TRUE,TRUE,TRUE,FALSE
5,531,0.790955179076437,FALSE,TRUE,TRUE,FALSE
5,532,0.804125602691575,TRUE,TRUE,TRUE,FALSE
5,533,0.793501528208922,TRUE,TRUE,TRUE,FALSE
5,534,0.796519423551413,TRUE,TRUE,TRUE,FALSE
5,535,0.80046155043278,TRUE,TRUE,TRUE,FALSE
5,536,0.802538654640648,TRUE,TRUE,TRUE,FALSE
5,537,0.807605342985818,TRUE,TRUE,TRUE,FALSE
5,538,0.79620477341039,TRUE,TRUE,TRUE,FALSE
5,539,0.807875806938831,FALSE,TRUE,TRUE,FALSE
5,540,0.80610281502066,TRUE,TRUE,TRUE,FALSE
5,541,0.808081347753182,TRUE,TRUE,TRUE,FALSE
5,542,0.805328654912094,TRUE,TRUE,TRUE,FALSE
5,543,0.797429531538202,TRUE,TRUE,TRUE,FALSE
5,544,0.799009272030424,TRUE,TRUE,TRUE,FALSE
5,545,0.804585252580469,TRUE,TRUE,TRUE,FALSE
5,546,0.801558240760036,TRUE,TRUE,TRUE,FALSE
5,547,0.80553727555593,TRUE,TRUE,TRUE,FALSE
5,548,0.796825972471713,TRUE,TRUE,TRUE,FALSE
5,549,0.798741514237366,TRUE,TRUE,TRUE,FALSE
5,550,0.802482902123771,TRUE,TRUE,TRUE,FALSE
5,551,0.802507354465039,TRUE,TRUE,TRUE,FALSE
5,552,0.802129148698325,TRUE,TRUE,TRUE,FALSE
5,553,0.801351167668768,TRUE,TRUE,TRUE,FALSE
5,554,0.795666032847616,TRUE,TRUE,TRUE,FALSE
5,555,0.799343468976583,TRUE,TRUE,TRUE,FALSE
5,556,0.798098392515033,TRUE,TRUE,TRUE,FALSE
5,557,0.801403438625024,TRUE,TRUE,TRUE,FALSE
5,558,0.799075478826728,TRUE,TRUE,TRUE,FALSE
5,559,0.79694971329578,TRUE,TRUE,TRUE,FALSE
5,560,0.798109673005652,TRUE,TRUE,TRUE,FALSE
5,561,0.802234138450063,TRUE,TRUE,TRUE,FALSE
5,562,0.805859070387545,TRUE,TRUE,TRUE,FALSE
5,563,0.795622311621956,TRUE,TRUE,TRUE,FALSE
5,564,0.797081013238462,TRUE,TRUE,TRUE,FALSE
5,565,0.801332793612354,TRUE,TRUE,TRUE,FALSE
5,566,0.800931201792213,TRUE,TRUE,TRUE,FALSE
5,567,0.799080267558987,TRUE,TRUE,TRUE,FALSE
5,568,0.806077605128581,TRUE,TRUE,TRUE,FALSE
5,569,0.800472712111017,TRUE,TRUE,TRUE,FALSE
5,570,0.805054281337327,TRUE,TRUE,TRUE,FALSE
5,571,0.794575350994911,TRUE,TRUE,TRUE,FALSE
5,572,0.79691002108888,TRUE,TRUE,TRUE,FALSE
5,573,0.798677851038606,TRUE,TRUE,TRUE,FALSE
5,574,0.799654945644738,TRUE,TRUE,TRUE,FALSE
5,575,0.80199902606734,TRUE,TRUE,TRUE,FALSE
5,576,0.797807438347618,TRUE,TRUE,TRUE,FALSE
5,577,0.802354571326884,TRUE,TRUE,TRUE,FALSE
5,578,0.803377777489581,TRUE,TRUE,TRUE,FALSE
5,579,0.802774255261047,TRUE,TRUE,TRUE,FALSE
5,580,0.792898677351747,TRUE,TRUE,TRUE,FALSE
5,581,0.799511662669065,TRUE,TRUE,TRUE,FALSE
5,582,0.804175546995003,TRUE,TRUE,TRUE,FALSE
5,583,0.794011610320393,TRUE,TRUE,TRUE,FALSE
5,584,0.801579899212602,TRUE,TRUE,TRUE,FALSE
5,585,0.804682306330884,TRUE,TRUE,TRUE,FALSE
5,586,0.794780631792431,TRUE,TRUE,TRUE,FALSE
5,587,0.805435716054681,TRUE,TRUE,TRUE,FALSE
5,588,0.794718432783461,TRUE,TRUE,TRUE,FALSE
5,589,0.802209883837818,TRUE,TRUE,TRUE,FALSE
5,590,0.800506691468965,TRUE,TRUE,TRUE,FALSE
5,591,0.802665254562354,TRUE,TRUE,TRUE,FALSE
5,592,0.801621814709634,TRUE,TRUE,TRUE,FALSE
5,593,0.804035003597338,TRUE,TRUE,TRUE,FALSE
5,594,0.797604532134595,TRUE,TRUE,TRUE,FALSE
5,595,0.803218826772802,TRUE,TRUE,TRUE,FALSE
5,596,0.801467503224797,TRUE,TRUE,TRUE,FALSE
5,597,0.797451876607785,TRUE,TRUE,TRUE,FALSE
5,598,0.801562637688113,TRUE,TRUE,TRUE,FALSE
5,599,0.799004279504118,TRUE,TRUE,TRUE,FALSE
5,600,0.798652316080332,TRUE,TRUE,TRUE,FALSE
5,601,0.808712816501128,FALSE,TRUE,TRUE,FALSE
5,602,0.800335891242082,TRUE,TRUE,TRUE,FALSE
5,603,0.79816731174878,TRUE,TRUE,TRUE,FALSE
5,604,0.801862047711654,TRUE,TRUE,TRUE,FALSE
5,605,0.807013591082213,TRUE,TRUE,TRUE,FALSE
5,606,0.804939445052025,TRUE,TRUE,TRUE,FALSE
5,607,0.799758315265553,TRUE,TRUE,TRUE,FALSE
5,608,0.814823456214385,FALSE,TRUE,TRUE,FALSE
5,609,0.805749685381611,TRUE,TRUE,TRUE,FALSE
5,610,0.799838751460012,TRUE,TRUE,TRUE,FALSE
5,611,0.8037775889271,TRUE,TRUE,TRUE,FALSE
5,612,0.804701612266199,TRUE,TRUE,TRUE,FALSE
5,613,0.80205175599058,TRUE,TRUE,TRUE,FALSE
5,614,0.795786663019461,TRUE,TRUE,TRUE,FALSE
5,615,0.799677777000451,TRUE,TRUE,TRUE,FALSE
5,616,0.800671581841623,TRUE,TRUE,TRUE,FALSE
5,617,0.805121469119911,TRUE,TRUE,TRUE,FALSE
5,618,0.797125957344257,TRUE,TRUE,TRUE,FALSE
5,619,0.807450614669998,TRUE,TRUE,TRUE,FALSE
5,620,0.798439035051592,TRUE,TRUE,TRUE,FALSE
5,621,0.806866770192589,TRUE,TRUE,TRUE,FALSE
5,622,0.796132906208296,TRUE,TRUE,TRUE,FALSE
5,623,0.802850756101604,TRUE,TRUE,TRUE,FALSE
5,624,0.795105823593043,TRUE,TRUE,TRUE,FALSE
5,625,0.793747939762686,TRUE,TRUE,TRUE,FALSE
5,626,0.803438367184407,TRUE,TRUE,TRUE,FALSE
5,627,0.794924359542873,TRUE,TRUE,TRUE,FALSE
5,628,0.798752380174227,TRUE,TRUE,TRUE,FALSE
5,629,0.814230260959217,FALSE,TRUE,TRUE,FALSE
5,630,0.797789635838515,TRUE,TRUE,TRUE,FALSE
5,631,0.805755488357972,TRUE,TRUE,TRUE,FALSE
5,632,0.80654801020132,TRUE,TRUE,TRUE,FALSE
5,633,0.80514394441617,TRUE,TRUE,TRUE,FALSE
5,634,0.794106756609067,TRUE,TRUE,TRUE,FALSE
5,635,0.804901221574195,TRUE,TRUE,TRUE,FALSE
5,636,0.800331187498643,TRUE,TRUE,TRUE,FALSE
5,637,0.794130096807933,TRUE,TRUE,TRUE,FALSE
5,638,0.80235588465598,TRUE,TRUE,TRUE,FALSE
5,639,0.804288866720566,TRUE,TRUE,TRUE,FALSE
5,640,0.800614134609976,TRUE,TRUE,TRUE,FALSE
5,641,0.795941317480673,TRUE,TRUE,TRUE,FALSE
5,642,0.802116140494293,TRUE,TRUE,TRUE,FALSE
5,643,0.795604660348858,TRUE,TRUE,TRUE,FALSE
5,644,0.800735093582477,TRUE,TRUE,TRUE,FALSE
5,645,0.801843060873137,TRUE,TRUE,TRUE,FALSE
5,646,0.800341397324953,TRUE,TRUE,TRUE,FALSE
5,647,0.802342500738329,TRUE,TRUE,TRUE,FALSE
5,648,0.794443526622355,TRUE,TRUE,TRUE,FALSE
5,649,0.805048833388763,TRUE,TRUE,TRUE,FALSE
5,650,0.79519972795356,TRUE,TRUE,TRUE,FALSE
5,651,0.798268665014065,TRUE,TRUE,TRUE,FALSE
5,652,0.805551840411334,TRUE,TRUE,TRUE,FALSE
5,653,0.797109772445141,TRUE,TRUE,TRUE,FALSE
5,654,0.802670362755762,TRUE,TRUE,TRUE,FALSE
5,655,0.796303920719461,TRUE,TRUE,TRUE,FALSE
5,656,0.796076088445727,TRUE,TRUE,TRUE,FALSE
5,657,0.800109564234642,TRUE,TRUE,TRUE,FALSE
5,658,0.802374367310149,TRUE,TRUE,TRUE,FALSE
5,659,0.79983957778033,TRUE,TRUE,TRUE,FALSE
5,660,0.797982119960271,TRUE,TRUE,TRUE,FALSE
5,661,0.801984481482341,TRUE,TRUE,TRUE,FALSE
5,662,0.793387549305785,TRUE,TRUE,TRUE,FALSE
5,663,0.79590043442758,TRUE,TRUE,TRUE,FALSE
5,664,0.798663689010161,TRUE,TRUE,TRUE,FALSE
5,665,0.798436994293388,TRUE,TRUE,TRUE,FALSE
5,666,0.805401072126951,TRUE,TRUE,TRUE,FALSE
5,667,0.801788710758353,TRUE,TRUE,TRUE,FALSE
5,668,0.800058609757418,TRUE,TRUE,TRUE,FALSE
5,669,0.799851420246645,TRUE,TRUE,TRUE,FALSE
5,670,0.806352322464459,TRUE,TRUE,TRUE,FALSE
5,671,0.795846894676566,TRUE,TRUE,TRUE,FALSE
5,672,0.809571544773284,TRUE,TRUE,TRUE,FALSE
5,673,0.807206792543525,TRUE,TRUE,TRUE,FALSE
5,674,0.801756551651797,TRUE,TRUE,TRUE,FALSE
5,675,0.804322717319763,TRUE,TRUE,TRUE,FALSE
5,676,0.796358581086002,TRUE,TRUE,TRUE,FALSE
5,677,0.805057208172852,TRUE,TRUE,TRUE,FALSE
5,678,0.79613792839724,TRUE,TRUE,TRUE,FALSE
5,679,0.799772658036103,TRUE,TRUE,TRUE,FALSE
5,680,0.803824151161656,TRUE,TRUE,TRUE,FALSE
5,681,0.800630506505627,TRUE,TRUE,TRUE,FALSE
5,682,0.798360519482258,TRUE,TRUE,TRUE,FALSE
5,683,0.800648447560192,TRUE,TRUE,TRUE,FALSE
5,684,0.804803677567134,TRUE,TRUE,TRUE,FALSE
5,685,0.793712415470863,TRUE,TRUE,TRUE,FALSE
5,686,0.796212198589663,TRUE,TRUE,TRUE,FALSE
5,687,0.79238270927999,TRUE,TRUE,TRUE,FALSE
5,688,0.800708084710633,TRUE,TRUE,TRUE,FALSE
5,689,0.794579705178599,TRUE,TRUE,TRUE,FALSE
5,690,0.795078480378813,TRUE,TRUE,TRUE,FALSE
5,691,0.800374788706897,TRUE,TRUE,TRUE,FALSE
5,692,0.798415584210852,TRUE,TRUE,TRUE,FALSE
5,693,0.802072643984449,TRUE,TRUE,TRUE,FALSE
5,694,0.8004114207484,TRUE,TRUE,TRUE,FALSE
5,695,0.803842581284663,TRUE,TRUE,TRUE,FALSE
5,696,0.799468867229023,TRUE,TRUE,TRUE,FALSE
5,697,0.807233392236654,TRUE,TRUE,TRUE,FALSE
5,698,0.803229623455755,TRUE,TRUE,TRUE,FALSE
5,699,0.796923074440523,TRUE,TRUE,TRUE,FALSE
5,700,0.801480980204036,TRUE,TRUE,TRUE,FALSE
5,701,0.804676895805333,TRUE,TRUE,TRUE,FALSE
5,702,0.80218612770043,TRUE,TRUE,TRUE,FALSE
5,703,0.794803808968261,TRUE,TRUE,TRUE,FALSE
5,704,0.790856480414923,FALSE,TRUE,TRUE,FALSE
5,705,0.799980162228488,TRUE,TRUE,TRUE,FALSE
5,706,0.802041098347917,TRUE,TRUE,TRUE,FALSE
5,707,0.796686611522421,TRUE,TRUE,TRUE,FALSE
5,708,0.797989638395336,TRUE,TRUE,TRUE,FALSE
5,709,0.79519601908758,TRUE,TRUE,TRUE,FALSE
5,710,0.800145694244113,TRUE,TRUE,TRUE,FALSE
5,711,0.795973763356863,TRUE,TRUE,TRUE,FALSE
5,712,0.795972686683534,TRUE,TRUE,TRUE,FALSE
5,713,0.79831604069208,TRUE,TRUE,TRUE,FALSE
5,714,0.798869927810662,TRUE,TRUE,TRUE,FALSE
5,715,0.806793841072842,TRUE,TRUE,TRUE,FALSE
5,716,0.808331640626159,TRUE,TRUE,TRUE,FALSE
5,717,0.804561164531286,TRUE,TRUE,TRUE,FALSE
5,718,0.79930170022552,TRUE,TRUE,TRUE,FALSE
5,719,0.807903235617833,TRUE,TRUE,TRUE,FALSE
5,720,0.816357230541686,FALSE,TRUE,TRUE,FALSE
5,721,0.803909958335235,TRUE,TRUE,TRUE,FALSE
5,722,0.802894085461844,TRUE,TRUE,TRUE,FALSE
5,723,0.79338402596319,TRUE,TRUE,TRUE,FALSE
5,724,0.79577416843832,TRUE,TRUE,TRUE,FALSE
5,725,0.804165726226719,TRUE,TRUE,TRUE,FALSE
5,726,0.801879588792285,TRUE,TRUE,TRUE,FALSE
5,727,0.794482714957194,TRUE,TRUE,TRUE,FALSE
5,728,0.803260600301374,TRUE,TRUE,TRUE,FALSE
5,729,0.803948877216837,TRUE,TRUE,TRUE,FALSE
5,730,0.798114371409855,TRUE,TRUE,TRUE,FALSE
5,731,0.801351350687555,TRUE,TRUE,TRUE,FALSE
5,732,0.799443323700935,TRUE,TRUE,TRUE,FALSE
5,733,0.800231256696453,TRUE,TRUE,TRUE,FALSE
5,734,0.799276015125863,TRUE,TRUE,TRUE,FALSE
5,735,0.803061702141639,TRUE,TRUE,TRUE,FALSE
5,736,0.793269773518779,TRUE,TRUE,TRUE,FALSE
5,737,0.799005602235282,TRUE,TRUE,TRUE,FALSE
5,738,0.80598836165093,TRUE,TRUE,TRUE,FALSE
5,739,0.798483112821,TRUE,TRUE,TRUE,FALSE
5,740,0.801002996886267,TRUE,TRUE,TRUE,FALSE
5,741,0.797635544683644,TRUE,TRUE,TRUE,FALSE
5,742,0.805998581033824,TRUE,TRUE,TRUE,FALSE
5,743,0.798413266491152,TRUE,TRUE,TRUE,FALSE
5,744,0.803435208448388,TRUE,TRUE,TRUE,FALSE
5,745,0.800294547201278,TRUE,TRUE,TRUE,FALSE
5,746,0.794129666647095,TRUE,TRUE,TRUE,FALSE
5,747,0.803758223711778,TRUE,TRUE,TRUE,FALSE
5,748,0.78859167427001,FALSE,TRUE,TRUE,FALSE
5,749,0.794019713447734,TRUE,TRUE,TRUE,FALSE
5,750,0.801938830661591,TRUE,TRUE,TRUE,FALSE
5,751,0.805640066267675,TRUE,TRUE,TRUE,FALSE
5,752,0.794409225148505,TRUE,TRUE,TRUE,FALSE
5,753,0.801188638683796,TRUE,TRUE,TRUE,FALSE
5,754,0.8030585646939,TRUE,TRUE,TRUE,FALSE
5,755,0.801573029581917,TRUE,TRUE,TRUE,FALSE
5,756,0.798989555417726,TRUE,TRUE,TRUE,FALSE
5,757,0.795784424825299,TRUE,TRUE,TRUE,FALSE
5,758,0.800820509239013,TRUE,TRUE,TRUE,FALSE
5,759,0.803429865941879,TRUE,TRUE,TRUE,FALSE
5,760,0.804710620956461,TRUE,TRUE,TRUE,FALSE
5,761,0.810934691437515,FALSE,TRUE,TRUE,FALSE
5,762,0.80071162945305,TRUE,TRUE,TRUE,FALSE
5,763,0.797674910177043,TRUE,TRUE,TRUE,FALSE
5,764,0.80384471634042,TRUE,TRUE,TRUE,FALSE
5,765,0.799310740638466,TRUE,TRUE,TRUE,FALSE
5,766,0.793499608641486,TRUE,TRUE,TRUE,FALSE
5,767,0.801797212219621,TRUE,TRUE,TRUE,FALSE
5,768,0.800239807120291,TRUE,TRUE,TRUE,FALSE
5,769,0.809091079097465,TRUE,TRUE,TRUE,FALSE
5,770,0.799467797845085,TRUE,TRUE,TRUE,FALSE
5,771,0.798970207328026,TRUE,TRUE,TRUE,FALSE
5,772,0.807199740479445,TRUE,TRUE,TRUE,FALSE
5,773,0.804910838143065,TRUE,TRUE,TRUE,FALSE
5,774,0.797048638086368,TRUE,TRUE,TRUE,FALSE
5,775,0.799394626883653,TRUE,TRUE,TRUE,FALSE
5,776,0.798707397251141,TRUE,TRUE,TRUE,FALSE
5,777,0.802703351884336,TRUE,TRUE,TRUE,FALSE
5,778,0.797400619922239,TRUE,TRUE,TRUE,FALSE
5,779,0.801204346445801,TRUE,TRUE,TRUE,FALSE
5,780,0.802695780759021,TRUE,TRUE,TRUE,FALSE
5,781,0.805035081698732,TRUE,TRUE,TRUE,FALSE
5,782,0.800735366058411,TRUE,TRUE,TRUE,FALSE
5,783,0.802472514909614,TRUE,TRUE,TRUE,FALSE
5,784,0.807571984614394,FALSE,TRUE,TRUE,FALSE
5,785,0.79625606053441,TRUE,TRUE,TRUE,FALSE
5,786,0.795711973696802,TRUE,TRUE,TRUE,FALSE
5,787,0.794641954808443,TRUE,TRUE,TRUE,FALSE
5,788,0.794305865862305,TRUE,TRUE,TRUE,FALSE
5,789,0.80012248324284,TRUE,TRUE,TRUE,FALSE
5,790,0.806522439135971,TRUE,TRUE,TRUE,FALSE
5,791,0.803222707305297,TRUE,TRUE,TRUE,FALSE
5,792,0.802494063778454,TRUE,TRUE,TRUE,FALSE
5,793,0.804977595884576,TRUE,TRUE,TRUE,FALSE
5,794,0.796108649850558,TRUE,TRUE,TRUE,FALSE
5,795,0.795917799368175,TRUE,TRUE,TRUE,FALSE
5,796,0.795888912739001,TRUE,TRUE,TRUE,FALSE
5,797,0.799683536006737,TRUE,TRUE,TRUE,FALSE
5,798,0.792909945241817,TRUE,TRUE,TRUE,FALSE
5,799,0.806814350810726,TRUE,TRUE,TRUE,FALSE
5,800,0.805920462375107,TRUE,TRUE,TRUE,FALSE
5,801,0.803978451734329,TRUE,TRUE,TRUE,FALSE
5,802,0.809370001592385,FALSE,TRUE,TRUE,FALSE
5,803,0.795665896295342,TRUE,TRUE,TRUE,FALSE
5,804,0.799613910924838,TRUE,TRUE,TRUE,FALSE
5,805,0.799120939622776,TRUE,TRUE,TRUE,FALSE
5,806,0.801529935888398,TRUE,TRUE,TRUE,FALSE
5,807,0.800604147621858,TRUE,TRUE,TRUE,FALSE
5,808,0.802499422329383,TRUE,TRUE,TRUE,FALSE
5,809,0.795270062421445,TRUE,TRUE,TRUE,FALSE
5,810,0.795253742895905,TRUE,TRUE,TRUE,FALSE
5,811,0.803178213077656,TRUE,TRUE,TRUE,FALSE
5,812,0.803914394075599,TRUE,TRUE,TRUE,FALSE
5,813,0.799998204396081,TRUE,TRUE,TRUE,FALSE
5,814,0.805401033489266,TRUE,TRUE,TRUE,FALSE
5,815,0.799324834931294,TRUE,TRUE,TRUE,FALSE
5,816,0.792937925568917,TRUE,TRUE,TRUE,FALSE
5,817,0.799828531775693,TRUE,TRUE,TRUE,FALSE
5,818,0.797411959312846,TRUE,TRUE,TRUE,FALSE
5,819,0.790244889503856,FALSE,TRUE,TRUE,FALSE
5,820,0.794200044790613,TRUE,TRUE,TRUE,FALSE
5,821,0.789048151182667,FALSE,TRUE,TRUE,FALSE
5,822,0.796939037599905,TRUE,TRUE,TRUE,FALSE
5,823,0.801734654967961,TRUE,TRUE,TRUE,FALSE
5,824,0.797427382727327,TRUE,TRUE,TRUE,FALSE
5,825,0.799968333572146,TRUE,TRUE,TRUE,FALSE
5,826,0.795592903429267,TRUE,TRUE,TRUE,FALSE
5,827,0.795060928059013,TRUE,TRUE,TRUE,FALSE
5,828,0.805788131778801,TRUE,TRUE,TRUE,FALSE
5,829,0.79727755871893,TRUE,TRUE,TRUE,FALSE
5,830,0.793286805380962,TRUE,TRUE,TRUE,FALSE
5,831,0.80282985146574,TRUE,TRUE,TRUE,FALSE
5,832,0.803000215795223,TRUE,TRUE,TRUE,FALSE
5,833,0.800916552109178,TRUE,TRUE,TRUE,FALSE
5,834,0.796145441635272,TRUE,TRUE,TRUE,FALSE
5,835,0.799059723335781,TRUE,TRUE,TRUE,FALSE
5,836,0.795203985547401,TRUE,TRUE,TRUE,FALSE
5,837,0.805728008894289,TRUE,TRUE,TRUE,FALSE
5,838,0.800890591003664,TRUE,TRUE,TRUE,FALSE
5,839,0.80324515758871,TRUE,TRUE,TRUE,FALSE
5,840,0.794139259617886,TRUE,TRUE,TRUE,FALSE
5,841,0.80027654036076,TRUE,TRUE,TRUE,FALSE
5,842,0.808601963756311,TRUE,TRUE,TRUE,FALSE
5,843,0.800259879556638,TRUE,TRUE,TRUE,FALSE
5,844,0.800085228182971,TRUE,TRUE,TRUE,FALSE
5,845,0.802961403700555,TRUE,TRUE,TRUE,FALSE
5,846,0.796859237113233,TRUE,TRUE,TRUE,FALSE
5,847,0.790805934067097,FALSE,TRUE,TRUE,FALSE
5,848,0.801731110473691,TRUE,TRUE,TRUE,FALSE
5,849,0.794816893741304,TRUE,TRUE,TRUE,FALSE
5,850,0.800930960503811,TRUE,TRUE,TRUE,FALSE
5,851,0.80045988127003,TRUE,TRUE,TRUE,FALSE
5,852,0.804549234531204,TRUE,TRUE,TRUE,FALSE
5,853,0.799121041944111,TRUE,TRUE,TRUE,FALSE
5,854,0.800190717570618,TRUE,TRUE,TRUE,FALSE
5,855,0.800755955174857,TRUE,TRUE,TRUE,FALSE
5,856,0.797574074370368,TRUE,TRUE,TRUE,FALSE
5,857,0.805792131316768,TRUE,TRUE,TRUE,FALSE
5,858,0.803009447073428,TRUE,TRUE,TRUE,FALSE
5,859,0.796124296828741,TRUE,TRUE,TRUE,FALSE
5,860,0.810204151252547,FALSE,TRUE,TRUE,FALSE
5,861,0.803320011225304,TRUE,TRUE,TRUE,FALSE
5,862,0.789139652630304,FALSE,TRUE,TRUE,FALSE
5,863,0.799032492340235,TRUE,TRUE,TRUE,FALSE
5,864,0.79787388310493,TRUE,TRUE,TRUE,FALSE
5,865,0.796907882958076,TRUE,TRUE,TRUE,FALSE
5,866,0.804463925628262,TRUE,TRUE,TRUE,FALSE
5,867,0.80103373959121,TRUE,TRUE,TRUE,FALSE
5,868,0.797160691043062,TRUE,TRUE,TRUE,FALSE
5,869,0.803078023056262,TRUE,TRUE,TRUE,FALSE
5,870,0.800875303010871,TRUE,TRUE,TRUE,FALSE
5,871,0.800214884759362,TRUE,TRUE,TRUE,FALSE
5,872,0.795664729302111,TRUE,TRUE,TRUE,FALSE
5,873,0.800056652015002,TRUE,TRUE,TRUE,FALSE
5,874,0.800154031909459,TRUE,TRUE,TRUE,FALSE
5,875,0.800037405546332,TRUE,TRUE,TRUE,FALSE
5,876,0.801724081911922,TRUE,TRUE,TRUE,FALSE
5,877,0.806673067432755,TRUE,TRUE,TRUE,FALSE
5,878,0.808496620797224,FALSE,TRUE,TRUE,FALSE
5,879,0.803659573303503,TRUE,TRUE,TRUE,FALSE
5,880,0.800154389641951,TRUE,TRUE,TRUE,FALSE
5,881,0.803095674024541,TRUE,TRUE,TRUE,FALSE
5,882,0.788007402798089,FALSE,TRUE,TRUE,FALSE
5,883,0.801391334527096,TRUE,TRUE,TRUE,FALSE
5,884,0.799799340357169,TRUE,TRUE,TRUE,FALSE
5,885,0.800803131195074,TRUE,TRUE,TRUE,FALSE
5,886,0.806173860070437,TRUE,TRUE,TRUE,FALSE
5,887,0.808286155946267,TRUE,TRUE,TRUE,FALSE
5,888,0.798865532310003,TRUE,TRUE,TRUE,FALSE
5,889,0.801104414982317,TRUE,TRUE,TRUE,FALSE
5,890,0.801535253011353,TRUE,TRUE,TRUE,FALSE
5,891,0.803966406993536,TRUE,TRUE,TRUE,FALSE
5,892,0.79735563327431,TRUE,TRUE,TRUE,FALSE
5,893,0.804467507299255,TRUE,TRUE,TRUE,FALSE
5,894,0.799360693418613,TRUE,TRUE,TRUE,FALSE
5,895,0.787913038573344,FALSE,TRUE,TRUE,FALSE
5,896,0.808760289347093,TRUE,TRUE,TRUE,FALSE
5,897,0.805969696206701,TRUE,TRUE,TRUE,FALSE
5,898,0.795668836631205,TRUE,TRUE,TRUE,FALSE
5,899,0.797565652319124,TRUE,TRUE,TRUE,FALSE
5,900,0.796252690470553,TRUE,TRUE,TRUE,FALSE
5,901,0.79816336610688,TRUE,TRUE,TRUE,FALSE
5,902,0.802182340625867,TRUE,TRUE,TRUE,FALSE
5,903,0.800265240192257,TRUE,TRUE,TRUE,FALSE
5,904,0.799044096750279,TRUE,TRUE,TRUE,FALSE
5,905,0.80154475232974,TRUE,TRUE,TRUE,FALSE
5,906,0.803408216297823,TRUE,TRUE,TRUE,FALSE
5,907,0.795115287364871,TRUE,TRUE,TRUE,FALSE
5,908,0.803097709117944,TRUE,TRUE,TRUE,FALSE
5,909,0.802864347929888,TRUE,TRUE,TRUE,FALSE
5,910,0.809394784477363,FALSE,TRUE,TRUE,FALSE
5,911,0.795331581682718,TRUE,TRUE,TRUE,FALSE
5,912,0.795189895982261,TRUE,TRUE,TRUE,FALSE
5,913,0.80415627598044,TRUE,TRUE,TRUE,FALSE
5,914,0.794349916862797,TRUE,TRUE,TRUE,FALSE
5,915,0.796930160793194,TRUE,TRUE,TRUE,FALSE
5,916,0.802052975700085,TRUE,TRUE,TRUE,FALSE
5,917,0.805383983999581,TRUE,TRUE,TRUE,FALSE
5,918,0.795087912633011,TRUE,TRUE,TRUE,FALSE
5,919,0.795763592870966,TRUE,TRUE,TRUE,FALSE
5,920,0.797981128540894,TRUE,TRUE,TRUE,FALSE
5,921,0.802080367727749,TRUE,TRUE,TRUE,FALSE
5,922,0.802146738052108,TRUE,TRUE,TRUE,FALSE
5,923,0.798453573322719,TRUE,TRUE,TRUE,FALSE
5,924,0.800911215068722,TRUE,TRUE,TRUE,FALSE
5,925,0.799372152293472,TRUE,TRUE,TRUE,FALSE
5,926,0.798566220869749,TRUE,TRUE,TRUE,FALSE
5,927,0.79208237260149,FALSE,TRUE,TRUE,FALSE
5,928,0.796817689140258,TRUE,TRUE,TRUE,FALSE
5,929,0.7983560209428,TRUE,TRUE,TRUE,FALSE
5,930,0.793856685811497,TRUE,TRUE,TRUE,FALSE
5,931,0.805500605103154,TRUE,TRUE,TRUE,FALSE
5,932,0.79402376521691,TRUE,TRUE,TRUE,FALSE
5,933,0.803356764105556,TRUE,TRUE,TRUE,FALSE
5,934,0.79442726589999,TRUE,TRUE,TRUE,FALSE
5,935,0.799347155848629,TRUE,TRUE,TRUE,FALSE
5,936,0.799133385345582,TRUE,TRUE,TRUE,FALSE
5,937,0.796273448059393,TRUE,TRUE,TRUE,FALSE
5,938,0.796315503162449,TRUE,TRUE,TRUE,FALSE
5,939,0.795119530502196,TRUE,TRUE,TRUE,FALSE
5,940,0.794684499179426,TRUE,TRUE,TRUE,FALSE
5,941,0.80299187704352,TRUE,TRUE,TRUE,FALSE
5,942,0.795922649038315,TRUE,TRUE,TRUE,FALSE
5,943,0.801766859095934,TRUE,TRUE,TRUE,FALSE
5,944,0.803986190589815,TRUE,TRUE,TRUE,FALSE
5,945,0.797253066802036,TRUE,TRUE,TRUE,FALSE
5,946,0.802819517745225,TRUE,TRUE,TRUE,FALSE
5,947,0.811747630502843,FALSE,TRUE,TRUE,FALSE
5,948,0.793538068663338,TRUE,TRUE,TRUE,FALSE
5,949,0.798562356332804,TRUE,TRUE,TRUE,FALSE
5,950,0.798278365748083,TRUE,TRUE,TRUE,FALSE
5,951,0.797987158928423,TRUE,TRUE,TRUE,FALSE
5,952,0.797391528124055,TRUE,TRUE,TRUE,FALSE
5,953,0.796898320928854,TRUE,TRUE,TRUE,FALSE
5,954,0.806070634906958,TRUE,TRUE,TRUE,FALSE
5,955,0.805243141256268,TRUE,TRUE,TRUE,FALSE
5,956,0.794023465790673,TRUE,TRUE,TRUE,FALSE
5,957,0.794725621733856,TRUE,TRUE,TRUE,FALSE
5,958,0.799062082034545,TRUE,TRUE,TRUE,FALSE
5,959,0.801117087391455,TRUE,TRUE,TRUE,FALSE
5,960,0.793729503865155,TRUE,TRUE,TRUE,FALSE
5,961,0.799798717256232,TRUE,TRUE,TRUE,FALSE
5,962,0.790835680210253,FALSE,TRUE,TRUE,FALSE
5,963,0.807441081085716,TRUE,TRUE,TRUE,FALSE
5,964,0.801456666170373,TRUE,TRUE,TRUE,FALSE
5,965,0.785002875440393,FALSE,TRUE,TRUE,FALSE
5,966,0.798150973399351,TRUE,TRUE,TRUE,FALSE
5,967,0.792581291541717,TRUE,TRUE,TRUE,FALSE
5,968,0.80667268350062,TRUE,TRUE,TRUE,FALSE
5,969,0.799457215006716,TRUE,TRUE,TRUE,FALSE
5,970,0.797831412762879,TRUE,TRUE,TRUE,FALSE
5,971,0.799889218824248,TRUE,TRUE,TRUE,FALSE
5,972,0.793711677526096,TRUE,TRUE,TRUE,FALSE
5,973,0.805702208333489,TRUE,TRUE,TRUE,FALSE
5,974,0.801665802399994,TRUE,TRUE,TRUE,FALSE
5,975,0.801242232468405,TRUE,TRUE,TRUE,FALSE
5,976,0.798225378564003,TRUE,TRUE,TRUE,FALSE
5,977,0.795818872201805,TRUE,TRUE,TRUE,FALSE
5,978,0.800299260267125,TRUE,TRUE,TRUE,FALSE
5,979,0.806792035101733,TRUE,TRUE,TRUE,FALSE
5,980,0.802636349822268,TRUE,TRUE,TRUE,FALSE
5,981,0.800681202699112,TRUE,TRUE,TRUE,FALSE
5,982,0.801787559965747,TRUE,TRUE,TRUE,FALSE
5,983,0.799145126570149,TRUE,TRUE,TRUE,FALSE
5,984,0.796676911646338,TRUE,TRUE,TRUE,FALSE
5,985,0.79480164105894,TRUE,TRUE,TRUE,FALSE
5,986,0.80362269803521,TRUE,TRUE,TRUE,FALSE
5,987,0.802438526673451,TRUE,TRUE,TRUE,FALSE
5,988,0.80137698668968,TRUE,TRUE,TRUE,FALSE
5,989,0.804807175157231,TRUE,TRUE,TRUE,FALSE
5,990,0.802922397475807,TRUE,TRUE,TRUE,FALSE
5,991,0.794941320337008,TRUE,TRUE,TRUE,FALSE
5,992,0.803242775759183,TRUE,TRUE,TRUE,FALSE
5,993,0.79821715220951,TRUE,TRUE,TRUE,FALSE
5,994,0.800108578896319,TRUE,TRUE,TRUE,FALSE
5,995,0.800176912786662,TRUE,TRUE,TRUE,FALSE
5,996,0.797703061919085,TRUE,TRUE,TRUE,FALSE
5,997,0.801277015896479,TRUE,TRUE,TRUE,FALSE
5,998,0.796834255888489,TRUE,TRUE,TRUE,FALSE
5,999,0.800129463845567,TRUE,TRUE,TRUE,FALSE
5,1000,0.804205611834116,TRUE,TRUE,TRUE,FALSE
6,1,1.001466395578,TRUE,FALSE,TRUE,FALSE
6,2,1.00064431775185,TRUE,FALSE,TRUE,FALSE
6,3,0.996514327590408,TRUE,FALSE,TRUE,FALSE
6,4,1.00171518380194,TRUE,FALSE,TRUE,FALSE
6,5,1.00736954313217,TRUE,FALSE,TRUE,FALSE
6,6,1.00202435454145,TRUE,FALSE,TRUE,FALSE
6,7,1.00172521951286,TRUE,FALSE,TRUE,FALSE
6,8,1.00225331608335,TRUE,FALSE,TRUE,FALSE
6,9,0.995559847776606,TRUE,FALSE,TRUE,FALSE
6,10,0.998841016785898,TRUE,FALSE,TRUE,FALSE
6,11,1.00836728925393,FALSE,FALSE,TRUE,FALSE
6,12,1.0046071452696,TRUE,FALSE,TRUE,FALSE
6,13,1.00197069541994,TRUE,FALSE,TRUE,FALSE
6,14,1.00093443346619,TRUE,FALSE,TRUE,FALSE
6,15,1.00157148419466,TRUE,FALSE,TRUE,FALSE
6,16,1.0039314374568,TRUE,FALSE,TRUE,FALSE
6,17,1.00983300930999,FALSE,FALSE,TRUE,FALSE
6,18,0.999446943498727,TRUE,FALSE,TRUE,FALSE
6,19,1.00236915153869,TRUE,FALSE,TRUE,FALSE
6,20,0.99834194526715,TRUE,FALSE,TRUE,FALSE
6,21,0.999703398882362,TRUE,FALSE,TRUE,FALSE
6,22,0.995389418594702,TRUE,FALSE,TRUE,FALSE
6,23,0.996969480913247,TRUE,FALSE,TRUE,FALSE
6,24,0.998773125373915,TRUE,FALSE,TRUE,FALSE
6,25,0.999118635568978,TRUE,FALSE,TRUE,FALSE
6,26,1.00421858724313,TRUE,FALSE,TRUE,FALSE
6,27,0.99482309987354,TRUE,FALSE,TRUE,FALSE
6,28,1.00054647008226,TRUE,FALSE,TRUE,FALSE
6,29,1.00651219449455,TRUE,FALSE,TRUE,FALSE
6,30,1.00256426356194,TRUE,FALSE,TRUE,FALSE
6,31,1.00215465184977,TRUE,FALSE,TRUE,FALSE
6,32,1.00282299716256,TRUE,FALSE,TRUE,FALSE
6,33,0.998292477819344,TRUE,FALSE,TRUE,FALSE
6,34,1.00410277694117,TRUE,FALSE,TRUE,FALSE
6,35,1.00165293056842,TRUE,FALSE,TRUE,FALSE
6,36,1.00106536558238,TRUE,FALSE,TRUE,FALSE
6,37,0.989155926033823,FALSE,TRUE,TRUE,FALSE
6,38,0.996739962704175,TRUE,FALSE,TRUE,FALSE
6,39,1.00281009295884,TRUE,FALSE,TRUE,FALSE
6,40,1.00071617315398,TRUE,FALSE,TRUE,FALSE
6,41,0.998223278293121,TRUE,FALSE,TRUE,FALSE
6,42,0.998127973909935,TRUE,FALSE,TRUE,FALSE
6,43,0.991007951549603,FALSE,TRUE,TRUE,FALSE
6,44,0.997755819487645,TRUE,FALSE,TRUE,FALSE
6,45,1.00203581355376,TRUE,FALSE,TRUE,FALSE
6,46,0.998910722000977,TRUE,FALSE,TRUE,FALSE
6,47,1.00219335280639,TRUE,FALSE,TRUE,FALSE
6,48,0.997990566592936,TRUE,FALSE,TRUE,FALSE
6,49,0.992404701964838,TRUE,FALSE,TRUE,FALSE
6,50,1.00202363674937,TRUE,FALSE,TRUE,FALSE
6,51,1.00943396154372,FALSE,FALSE,TRUE,FALSE
6,52,0.996065319416393,TRUE,FALSE,TRUE,FALSE
6,53,1.00217662632767,TRUE,FALSE,TRUE,FALSE
6,54,1.0009766788469,TRUE,FALSE,TRUE,FALSE
6,55,0.995494756260009,TRUE,FALSE,TRUE,FALSE
6,56,0.999227711781813,TRUE,FALSE,TRUE,FALSE
6,57,1.00953605575916,TRUE,FALSE,TRUE,FALSE
6,58,0.999546980900939,TRUE,FALSE,TRUE,FALSE
6,59,1.00629683622412,TRUE,FALSE,TRUE,FALSE
6,60,0.995666434784288,TRUE,FALSE,TRUE,FALSE
6,61,1.00501162305383,TRUE,FALSE,TRUE,FALSE
6,62,0.993983823156445,TRUE,FALSE,TRUE,FALSE
6,63,1.00148607798551,TRUE,FALSE,TRUE,FALSE
6,64,0.996629834919281,TRUE,FALSE,TRUE,FALSE
6,65,0.99358959696492,TRUE,FALSE,TRUE,FALSE
6,66,1.00300562500437,TRUE,FALSE,TRUE,FALSE
6,67,0.99409020200415,TRUE,FALSE,TRUE,FALSE
6,68,1.00378870504631,TRUE,FALSE,TRUE,FALSE
6,69,0.993120427023751,TRUE,FALSE,TRUE,FALSE
6,70,0.99498045307484,TRUE,FALSE,TRUE,FALSE
6,71,1.00097160636263,TRUE,FALSE,TRUE,FALSE
6,72,1.00114344862683,TRUE,FALSE,TRUE,FALSE
6,73,1.00334884162465,TRUE,FALSE,TRUE,FALSE
6,74,1.00357737922509,TRUE,FALSE,TRUE,FALSE
6,75,1.00489282202452,TRUE,FALSE,TRUE,FALSE
6,76,1.00264585816485,TRUE,FALSE,TRUE,FALSE
6,77,0.998353174312469,TRUE,FALSE,TRUE,FALSE
6,78,1.00232622648565,TRUE,FALSE,TRUE,FALSE
6,79,1.00083028807111,TRUE,FALSE,TRUE,FALSE
6,80,0.997692220897146,TRUE,FALSE,TRUE,FALSE
6,81,1.0016222747211,TRUE,FALSE,TRUE,FALSE
6,82,0.997459433823562,TRUE,FALSE,TRUE,FALSE
6,83,0.997227863045453,TRUE,FALSE,TRUE,FALSE
6,84,0.998878351308708,TRUE,FALSE,TRUE,FALSE
6,85,1.00222523961748,TRUE,FALSE,TRUE,FALSE
6,86,0.99537067186407,TRUE,FALSE,TRUE,FALSE
6,87,0.99792462154783,TRUE,FALSE,TRUE,FALSE
6,88,1.00420618301301,TRUE,FALSE,TRUE,FALSE
6,89,0.997313108750884,TRUE,FALSE,TRUE,FALSE
6,90,1.00212751484223,TRUE,FALSE,TRUE,FALSE
6,91,0.997490609743114,TRUE,FALSE,TRUE,FALSE
6,92,1.00133430668912,TRUE,FALSE,TRUE,FALSE
6,93,0.994323212780596,TRUE,FALSE,TRUE,FALSE
6,94,0.998256976316354,TRUE,FALSE,TRUE,FALSE
6,95,0.996838768357131,TRUE,FALSE,TRUE,FALSE
6,96,1.00439281999619,TRUE,FALSE,TRUE,FALSE
6,97,0.993180637598945,TRUE,FALSE,TRUE,FALSE
6,98,1.00405956815861,TRUE,FALSE,TRUE,FALSE
6,99,0.996650360731587,TRUE,FALSE,TRUE,FALSE
6,100,0.999738183877029,TRUE,FALSE,TRUE,FALSE
6,101,1.00609822159569,TRUE,FALSE,TRUE,FALSE
6,102,1.00266312632056,TRUE,FALSE,TRUE,FALSE
6,103,1.00461824024662,TRUE,FALSE,TRUE,FALSE
6,104,1.00193752365922,TRUE,FALSE,TRUE,FALSE
6,105,1.00055000820073,TRUE,FALSE,TRUE,FALSE
6,106,0.989359039160147,FALSE,TRUE,TRUE,FALSE
6,107,1.00138351113292,TRUE,FALSE,TRUE,FALSE
6,108,1.00075750125989,TRUE,FALSE,TRUE,FALSE
6,109,0.996123734991655,TRUE,FALSE,TRUE,FALSE
6,110,0.997802621205645,TRUE,FALSE,TRUE,FALSE
6,111,1.00157420065207,TRUE,FALSE,TRUE,FALSE
6,112,1.00389570539632,TRUE,FALSE,TRUE,FALSE
6,113,1.00100215143907,TRUE,FALSE,TRUE,FALSE
6,114,1.00173152276371,TRUE,FALSE,TRUE,FALSE
6,115,0.997684347367075,TRUE,FALSE,TRUE,FALSE
6,116,1.00481158196214,TRUE,FALSE,TRUE,FALSE
6,117,1.00332290272567,TRUE,FALSE,TRUE,FALSE
6,118,0.997498134260089,TRUE,FALSE,TRUE,FALSE
6,119,0.998715336109661,TRUE,FALSE,TRUE,FALSE
6,120,1.00214006741153,TRUE,FALSE,TRUE,FALSE
6,121,0.998656845841549,TRUE,FALSE,TRUE,FALSE
6,122,0.993199323005516,TRUE,FALSE,TRUE,FALSE
6,123,1.00509797814819,TRUE,FALSE,TRUE,FALSE
6,124,0.998838245648232,TRUE,FALSE,TRUE,FALSE
6,125,0.999763503699952,TRUE,FALSE,TRUE,FALSE
6,126,0.999955315025395,TRUE,FALSE,TRUE,FALSE
6,127,0.998739268792925,TRUE,FALSE,TRUE,FALSE
6,128,0.998419188670611,TRUE,FALSE,TRUE,FALSE
6,129,0.997418589496022,TRUE,FALSE,TRUE,FALSE
6,130,1.00466123194996,TRUE,FALSE,TRUE,FALSE
6,131,1.00327109678871,TRUE,FALSE,TRUE,FALSE
6,132,0.997030220039259,TRUE,FALSE,TRUE,FALSE
6,133,0.994353339887799,TRUE,FALSE,TRUE,FALSE
6,134,1.00209276229599,TRUE,FALSE,TRUE,FALSE
6,135,1.0000303146118,TRUE,FALSE,TRUE,FALSE
6,136,1.00027259352759,TRUE,FALSE,TRUE,FALSE
6,137,0.994955041395916,TRUE,FALSE,TRUE,FALSE
6,138,0.998806532478073,TRUE,FALSE,TRUE,FALSE
6,139,0.995290871849783,TRUE,FALSE,TRUE,FALSE
6,140,0.994033280821684,TRUE,FALSE,TRUE,FALSE
6,141,0.99557110744677,TRUE,FALSE,TRUE,FALSE
6,142,0.997162553336239,TRUE,FALSE,TRUE,FALSE
6,143,1.00519226896823,TRUE,FALSE,TRUE,FALSE
6,144,1.00285037950664,TRUE,FALSE,TRUE,FALSE
6,145,1.01054044881273,FALSE,FALSE,TRUE,FALSE
6,146,0.997739265816395,TRUE,FALSE,TRUE,FALSE
6,147,1.00304841178757,TRUE,FALSE,TRUE,FALSE
6,148,1.0075383554807,TRUE,FALSE,TRUE,FALSE
6,149,1.00341531354351,TRUE,FALSE,TRUE,FALSE
6,150,0.991373457272006,TRUE,TRUE,TRUE,FALSE
6,151,1.00664775705184,TRUE,FALSE,TRUE,FALSE
6,152,0.999146660368234,TRUE,FALSE,TRUE,FALSE
6,153,1.00108571211795,TRUE,FALSE,TRUE,FALSE
6,154,0.997265770657163,TRUE,FALSE,TRUE,FALSE
6,155,1.00124012438249,TRUE,FALSE,TRUE,FALSE
6,156,0.997864585840938,TRUE,FALSE,TRUE,FALSE
6,157,1.00723946903787,TRUE,FALSE,TRUE,FALSE
6,158,0.998444967649162,TRUE,FALSE,TRUE,FALSE
6,159,1.00161291330181,TRUE,FALSE,TRUE,FALSE
6,160,1.00295404107272,TRUE,FALSE,TRUE,FALSE
6,161,0.999659738584372,TRUE,FALSE,TRUE,FALSE
6,162,1.0034291335611,TRUE,FALSE,TRUE,FALSE
6,163,1.00314672293752,TRUE,FALSE,TRUE,FALSE
6,164,0.998843749708196,TRUE,FALSE,TRUE,FALSE
6,165,0.999426559012237,TRUE,FALSE,TRUE,FALSE
6,166,0.998837242039086,TRUE,FALSE,TRUE,FALSE
6,167,0.997954863100933,TRUE,FALSE,TRUE,FALSE
6,168,0.998537508725882,TRUE,FALSE,TRUE,FALSE
6,169,0.99935420952988,TRUE,FALSE,TRUE,FALSE
6,170,0.997473112641437,TRUE,FALSE,TRUE,FALSE
6,171,1.00418357305908,TRUE,FALSE,TRUE,FALSE
6,172,1.00009443758031,TRUE,FALSE,TRUE,FALSE
6,173,1.00866190926719,TRUE,FALSE,TRUE,FALSE
6,174,0.994435075903583,TRUE,FALSE,TRUE,FALSE
6,175,1.00027235351114,TRUE,FALSE,TRUE,FALSE
6,176,1.0022439898947,TRUE,FALSE,TRUE,FALSE
6,177,1.0065325802873,TRUE,FALSE,TRUE,FALSE
6,178,0.998466789903663,TRUE,FALSE,TRUE,FALSE
6,179,1.00652274466075,TRUE,FALSE,TRUE,FALSE
6,180,1.00224657022486,TRUE,FALSE,TRUE,FALSE
6,181,1.01051585753379,FALSE,FALSE,TRUE,FALSE
6,182,0.993500283921631,TRUE,FALSE,TRUE,FALSE
6,183,1.00278145872692,TRUE,FALSE,TRUE,FALSE
6,184,0.998940492696108,TRUE,FALSE,TRUE,FALSE
6,185,1.0060290418237,TRUE,FALSE,TRUE,FALSE
6,186,0.997443353660082,TRUE,FALSE,TRUE,FALSE
6,187,0.992796532385402,TRUE,FALSE,TRUE,FALSE
6,188,1.00028456284623,TRUE,FALSE,TRUE,FALSE
6,189,0.994240911365135,TRUE,FALSE,TRUE,FALSE
6,190,0.999788626718275,TRUE,FALSE,TRUE,FALSE
6,191,1.00133098846143,TRUE,FALSE,TRUE,FALSE
6,192,1.00124834706129,TRUE,FALSE,TRUE,FALSE
6,193,0.995672063245765,TRUE,FALSE,TRUE,FALSE
6,194,0.997395076887733,TRUE,FALSE,TRUE,FALSE
6,195,0.998278100323421,TRUE,FALSE,TRUE,FALSE
6,196,1.00135682738263,TRUE,FALSE,TRUE,FALSE
6,197,0.999047475134869,TRUE,FALSE,TRUE,FALSE
6,198,0.996825356155697,TRUE,FALSE,TRUE,FALSE
6,199,1.00406376654892,TRUE,FALSE,TRUE,FALSE
6,200,0.999246784990686,TRUE,FALSE,TRUE,FALSE
6,201,1.00200654391934,TRUE,FALSE,TRUE,FALSE
6,202,1.00221812094033,TRUE,FALSE,TRUE,FALSE
6,203,0.99791131960291,TRUE,FALSE,TRUE,FALSE
6,204,0.994201634433624,TRUE,FALSE,TRUE,FALSE
6,205,0.999005969723614,TRUE,FALSE,TRUE,FALSE
6,206,0.99791598059411,TRUE,FALSE,TRUE,FALSE
6,207,0.995391953058668,TRUE,FALSE,TRUE,FALSE
6,208,0.994784127636744,TRUE,FALSE,TRUE,FALSE
6,209,1.0006311588814,TRUE,FALSE,TRUE,FALSE
6,210,1.00654660293563,TRUE,FALSE,TRUE,FALSE
6,211,1.00030383935135,TRUE,FALSE,TRUE,FALSE
6,212,0.998848945834712,TRUE,FALSE,TRUE,FALSE
6,213,0.990730997030682,FALSE,TRUE,TRUE,FALSE
6,214,1.00614711868741,TRUE,FALSE,TRUE,FALSE
6,215,0.999837354940424,TRUE,FALSE,TRUE,FALSE
6,216,1.00368486848131,TRUE,FALSE,TRUE,FALSE
6,217,0.995454782228805,TRUE,FALSE,TRUE,FALSE
6,218,0.994540658407576,TRUE,FALSE,TRUE,FALSE
6,219,0.998803089335852,TRUE,FALSE,TRUE,FALSE
6,220,0.991987395500703,FALSE,TRUE,TRUE,FALSE
6,221,0.994704886858383,TRUE,FALSE,TRUE,FALSE
6,222,0.996766784472605,TRUE,FALSE,TRUE,FALSE
6,223,1.00005289963635,TRUE,FALSE,TRUE,FALSE
6,224,0.993384089672643,TRUE,FALSE,TRUE,FALSE
6,225,1.00235534860655,TRUE,FALSE,TRUE,FALSE
6,226,1.00191635948355,TRUE,FALSE,TRUE,FALSE
6,227,1.00010601196182,TRUE,FALSE,TRUE,FALSE
6,228,0.993704801763281,TRUE,FALSE,TRUE,FALSE
6,229,0.997908605590517,TRUE,FALSE,TRUE,FALSE
6,230,0.999457336688297,TRUE,FALSE,TRUE,FALSE
6,231,0.995520451407498,TRUE,FALSE,TRUE,FALSE
6,232,0.998957036626315,TRUE,FALSE,TRUE,FALSE
6,233,0.993674261777829,TRUE,FALSE,TRUE,FALSE
6,234,1.00124988050331,TRUE,FALSE,TRUE,FALSE
6,235,0.995638366011838,TRUE,FALSE,TRUE,FALSE
6,236,1.0026118547439,TRUE,FALSE,TRUE,FALSE
6,237,1.00070999309439,TRUE,FALSE,TRUE,FALSE
6,238,1.00216602762478,TRUE,FALSE,TRUE,FALSE
6,239,0.99684842984775,TRUE,FALSE,TRUE,FALSE
6,240,0.999110414708999,TRUE,FALSE,TRUE,FALSE
6,241,1.00387763543162,TRUE,FALSE,TRUE,FALSE
6,242,1.00557494628702,TRUE,FALSE,TRUE,FALSE
6,243,0.996306259128713,TRUE,FALSE,TRUE,FALSE
6,244,1.00020957064667,TRUE,FALSE,TRUE,FALSE
6,245,0.995308322538821,TRUE,FALSE,TRUE,FALSE
6,246,0.998189122685314,TRUE,FALSE,TRUE,FALSE
6,247,1.00675831001486,TRUE,FALSE,TRUE,FALSE
6,248,0.995266499301557,TRUE,FALSE,TRUE,FALSE
6,249,0.999247923504922,TRUE,FALSE,TRUE,FALSE
6,250,1.00271540024453,TRUE,FALSE,TRUE,FALSE
6,251,0.995931356436624,TRUE,FALSE,TRUE,FALSE
6,252,0.999153219340814,TRUE,FALSE,TRUE,FALSE
6,253,1.00289482886768,TRUE,FALSE,TRUE,FALSE
6,254,0.999926925744016,TRUE,FALSE,TRUE,FALSE
6,255,0.997487750085784,TRUE,FALSE,TRUE,FALSE
6,256,1.0033111609286,TRUE,FALSE,TRUE,FALSE
6,257,1.00688861906951,TRUE,FALSE,TRUE,FALSE
6,258,1.00439566154247,TRUE,FALSE,TRUE,FALSE
6,259,1.00421584708626,TRUE,FALSE,TRUE,FALSE
6,260,0.997847598806122,TRUE,FALSE,TRUE,FALSE
6,261,0.999680145092676,TRUE,FALSE,TRUE,FALSE
6,262,0.998227923174624,TRUE,FALSE,TRUE,FALSE
6,263,0.991156462789204,FALSE,TRUE,TRUE,FALSE
6,264,1.00507674639661,TRUE,FALSE,TRUE,FALSE
6,265,1.00130311149039,TRUE,FALSE,TRUE,FALSE
6,266,0.991272345719988,FALSE,TRUE,TRUE,FALSE
6,267,0.995704594629996,TRUE,FALSE,TRUE,FALSE
6,268,1.00125276686687,TRUE,FALSE,TRUE,FALSE
6,269,0.998062993540003,TRUE,FALSE,TRUE,FALSE
6,270,0.994361523336909,TRUE,FALSE,TRUE,FALSE
6,271,1.00902970441854,TRUE,FALSE,TRUE,FALSE
6,272,0.996772790784385,TRUE,FALSE,TRUE,FALSE
6,273,0.997932598174253,TRUE,FALSE,TRUE,FALSE
6,274,1.00952799360897,FALSE,FALSE,TRUE,FALSE
6,275,0.998346099623274,TRUE,FALSE,TRUE,FALSE
6,276,0.995026768668445,TRUE,FALSE,TRUE,FALSE
6,277,1.00667295984082,TRUE,FALSE,TRUE,FALSE
6,278,0.999022277081895,TRUE,FALSE,TRUE,FALSE
6,279,1.00842013624515,TRUE,FALSE,TRUE,FALSE
6,280,1.0003400783466,TRUE,FALSE,TRUE,FALSE
6,281,1.0014900226928,TRUE,FALSE,TRUE,FALSE
6,282,0.994875100595597,TRUE,FALSE,TRUE,FALSE
6,283,1.00021664513754,TRUE,FALSE,TRUE,FALSE
6,284,0.997123236966778,TRUE,FALSE,TRUE,FALSE
6,285,0.989188351066699,FALSE,TRUE,TRUE,FALSE
6,286,0.991238358346914,FALSE,TRUE,TRUE,FALSE
6,287,0.99557517962575,TRUE,FALSE,TRUE,FALSE
6,288,1.00245050084203,TRUE,FALSE,TRUE,FALSE
6,289,0.997024456305672,TRUE,FALSE,TRUE,FALSE
6,290,1.00084427297916,TRUE,FALSE,TRUE,FALSE
6,291,0.998425854266803,TRUE,FALSE,TRUE,FALSE
6,292,1.00148011018695,TRUE,FALSE,TRUE,FALSE
6,293,1.00798594899502,FALSE,FALSE,TRUE,FALSE
6,294,0.999396868287697,TRUE,FALSE,TRUE,FALSE
6,295,1.00249210081709,TRUE,FALSE,TRUE,FALSE
6,296,1.00168175985068,TRUE,FALSE,TRUE,FALSE
6,297,1.0029550242308,TRUE,FALSE,TRUE,FALSE
6,298,1.0014702258204,TRUE,FALSE,TRUE,FALSE
6,299,1.00001458734167,TRUE,FALSE,TRUE,FALSE
6,300,0.997328220344797,TRUE,FALSE,TRUE,FALSE
6,301,1.00179723449862,TRUE,FALSE,TRUE,FALSE
6,302,0.999788532661741,TRUE,FALSE,TRUE,FALSE
6,303,1.00033460205515,TRUE,FALSE,TRUE,FALSE
6,304,0.997900596340284,TRUE,FALSE,TRUE,FALSE
6,305,1.00130996141953,TRUE,FALSE,TRUE,FALSE
6,306,1.00805002683,TRUE,FALSE,TRUE,FALSE
6,307,0.993345329094323,TRUE,FALSE,TRUE,FALSE
6,308,0.999913842957082,TRUE,FALSE,TRUE,FALSE
6,309,1.00322777987984,TRUE,FALSE,TRUE,FALSE
6,310,0.995785856790417,TRUE,FALSE,TRUE,FALSE
6,311,0.993130724193367,TRUE,FALSE,TRUE,FALSE
6,312,1.0069513861202,TRUE,FALSE,TRUE,FALSE
6,313,1.00589639391986,TRUE,FALSE,TRUE,FALSE
6,314,1.00158645202522,TRUE,FALSE,TRUE,FALSE
6,315,0.995823945399527,TRUE,FALSE,TRUE,FALSE
6,316,1.0025625519605,TRUE,FALSE,TRUE,FALSE
6,317,0.995684504377591,TRUE,FALSE,TRUE,FALSE
6,318,1.00132962640851,TRUE,FALSE,TRUE,FALSE
6,319,0.999984145798908,TRUE,FALSE,TRUE,FALSE
6,320,0.995983423712113,TRUE,FALSE,TRUE,FALSE
6,321,1.00013353774264,TRUE,FALSE,TRUE,FALSE
6,322,0.99165518555273,FALSE,TRUE,TRUE,FALSE
6,323,0.997016012621663,TRUE,FALSE,TRUE,FALSE
6,324,0.994819399531729,TRUE,FALSE,TRUE,FALSE
6,325,0.999128772657976,TRUE,FALSE,TRUE,FALSE
6,326,1.002223470571,TRUE,FALSE,TRUE,FALSE
6,327,1.00575330544305,TRUE,FALSE,TRUE,FALSE
6,328,0.99599647894085,TRUE,FALSE,TRUE,FALSE
6,329,0.998823154597829,TRUE,FALSE,TRUE,FALSE
6,330,1.00034980907603,TRUE,FALSE,TRUE,FALSE
6,331,0.997977742789653,TRUE,FALSE,TRUE,FALSE
6,332,1.00394957731199,TRUE,FALSE,TRUE,FALSE
6,333,0.990631143441079,FALSE,TRUE,TRUE,FALSE
6,334,1.0011735091058,TRUE,FALSE,TRUE,FALSE
6,335,1.0087376815249,TRUE,FALSE,TRUE,FALSE
6,336,0.998440622473986,TRUE,FALSE,TRUE,FALSE
6,337,0.989945707542892,FALSE,TRUE,TRUE,FALSE
6,338,1.00298375994138,TRUE,FALSE,TRUE,FALSE
6,339,1.00111074580702,TRUE,FALSE,TRUE,FALSE
6,340,1.00671036622907,TRUE,FALSE,TRUE,FALSE
6,341,0.999478204233345,TRUE,FALSE,TRUE,FALSE
6,342,0.992681258827572,TRUE,FALSE,TRUE,FALSE
6,343,0.995949092232301,TRUE,FALSE,TRUE,FALSE
6,344,0.988314912570481,FALSE,TRUE,TRUE,FALSE
6,345,0.992427591906657,TRUE,FALSE,TRUE,FALSE
6,346,0.994256646627898,TRUE,FALSE,TRUE,FALSE
6,347,1.00244858220598,TRUE,FALSE,TRUE,FALSE
6,348,1.00873353210256,FALSE,FALSE,TRUE,FALSE
6,349,0.999250472361649,TRUE,FALSE,TRUE,FALSE
6,350,1.00958007143402,FALSE,FALSE,TRUE,FALSE
6,351,0.99786790489813,TRUE,FALSE,TRUE,FALSE
6,352,1.00138156610592,TRUE,FALSE,TRUE,FALSE
6,353,1.00027829916552,TRUE,FALSE,TRUE,FALSE
6,354,1.00636573479636,TRUE,FALSE,TRUE,FALSE
6,355,0.999772836373103,TRUE,FALSE,TRUE,FALSE
6,356,0.993176498250471,TRUE,FALSE,TRUE,FALSE
6,357,1.00669091188406,TRUE,FALSE,TRUE,FALSE
6,358,0.994891253279106,TRUE,FALSE,TRUE,FALSE
6,359,1.00063419526306,TRUE,FALSE,TRUE,FALSE
6,360,0.9978638422635,TRUE,FALSE,TRUE,FALSE
6,361,0.997805666027038,TRUE,FALSE,TRUE,FALSE
6,362,0.996056438442,TRUE,FALSE,TRUE,FALSE
6,363,0.99083761340114,FALSE,TRUE,TRUE,FALSE
6,364,1.00531237855896,TRUE,FALSE,TRUE,FALSE
6,365,0.997186070495574,TRUE,FALSE,TRUE,FALSE
6,366,0.989863699157211,FALSE,TRUE,TRUE,FALSE
6,367,1.00191457004542,TRUE,FALSE,TRUE,FALSE
6,368,0.996268669037512,TRUE,FALSE,TRUE,FALSE
6,369,0.995895278407551,TRUE,FALSE,TRUE,FALSE
6,370,1.00890815249675,TRUE,FALSE,TRUE,FALSE
6,371,1.00071383580165,TRUE,FALSE,TRUE,FALSE
6,372,0.996644895845502,TRUE,FALSE,TRUE,FALSE
6,373,0.995447805504301,TRUE,FALSE,TRUE,FALSE
6,374,0.997960933538528,TRUE,FALSE,TRUE,FALSE
6,375,1.00176222561302,TRUE,FALSE,TRUE,FALSE
6,376,0.999769790619303,TRUE,FALSE,TRUE,FALSE
6,377,0.998378354445404,TRUE,FALSE,TRUE,FALSE
6,378,0.996464730371316,TRUE,FALSE,TRUE,FALSE
6,379,0.998136316825031,TRUE,FALSE,TRUE,FALSE
6,380,0.995968729010384,TRUE,FALSE,TRUE,FALSE
6,381,0.993288070161019,TRUE,FALSE,TRUE,FALSE
6,382,1.00165546641346,TRUE,FALSE,TRUE,FALSE
6,383,0.997444425740944,TRUE,FALSE,TRUE,FALSE
6,384,0.995815739668979,TRUE,FALSE,TRUE,FALSE
6,385,0.99870152895273,TRUE,FALSE,TRUE,FALSE
6,386,0.99969234236231,TRUE,FALSE,TRUE,FALSE
6,387,0.989178323205843,FALSE,TRUE,TRUE,FALSE
6,388,1.00393866696673,TRUE,FALSE,TRUE,FALSE
6,389,0.999410707505633,TRUE,FALSE,TRUE,FALSE
6,390,0.994657504887315,TRUE,FALSE,TRUE,FALSE
6,391,0.995023515859958,TRUE,FALSE,TRUE,FALSE
6,392,0.99849263568836,TRUE,FALSE,TRUE,FALSE
6,393,0.995480148217887,TRUE,FALSE,TRUE,FALSE
6,394,1.00327704884774,TRUE,FALSE,TRUE,FALSE
6,395,1.00197350028824,TRUE,FALSE,TRUE,FALSE
6,396,1.00620976390324,TRUE,FALSE,TRUE,FALSE
6,397,1.00539032083624,TRUE,FALSE,TRUE,FALSE
6,398,1.00105900483498,TRUE,FALSE,TRUE,FALSE
6,399,0.9981098720767,TRUE,FALSE,TRUE,FALSE
6,400,1.00688098649431,TRUE,FALSE,TRUE,FALSE
6,401,0.999239640764516,TRUE,FALSE,TRUE,FALSE
6,402,0.995577312965259,TRUE,FALSE,TRUE,FALSE
6,403,1.00084534741921,TRUE,FALSE,TRUE,FALSE
6,404,0.996269438988189,TRUE,FALSE,TRUE,FALSE
6,405,1.00769884234762,TRUE,FALSE,TRUE,FALSE
6,406,0.999990131608574,TRUE,FALSE,TRUE,FALSE
6,407,0.996056955254647,TRUE,FALSE,TRUE,FALSE
6,408,0.994219555384647,TRUE,FALSE,TRUE,FALSE
6,409,1.00108249723808,TRUE,FALSE,TRUE,FALSE
6,410,0.997227006950577,TRUE,FALSE,TRUE,FALSE
6,411,1.00170255577793,TRUE,FALSE,TRUE,FALSE
6,412,1.00500133437867,TRUE,FALSE,TRUE,FALSE
6,413,1.00738867316839,TRUE,FALSE,TRUE,FALSE
6,414,0.995887706031817,TRUE,FALSE,TRUE,FALSE
6,415,1.00470391369762,TRUE,FALSE,TRUE,FALSE
6,416,0.997262334574777,TRUE,FALSE,TRUE,FALSE
6,417,1.00005692859544,TRUE,FALSE,TRUE,FALSE
6,418,0.996221594025323,TRUE,FALSE,TRUE,FALSE
6,419,1.00080407519964,TRUE,FALSE,TRUE,FALSE
6,420,1.00258665885472,TRUE,FALSE,TRUE,FALSE
6,421,1.00118132070697,TRUE,FALSE,TRUE,FALSE
6,422,0.99934356238133,TRUE,FALSE,TRUE,FALSE
6,423,1.00100699633226,TRUE,FALSE,TRUE,FALSE
6,424,0.995655237111346,TRUE,FALSE,TRUE,FALSE
6,425,0.997261079941026,TRUE,FALSE,TRUE,FALSE
6,426,0.996789769246605,TRUE,FALSE,TRUE,FALSE
6,427,1.00759089565984,TRUE,FALSE,TRUE,FALSE
6,428,1.00219271201072,TRUE,FALSE,TRUE,FALSE
6,429,0.994459012778639,TRUE,FALSE,TRUE,FALSE
6,430,1.00281826192524,TRUE,FALSE,TRUE,FALSE
6,431,0.998871315506662,TRUE,FALSE,TRUE,FALSE
6,432,0.993665639870897,TRUE,FALSE,TRUE,FALSE
6,433,0.99773239335729,TRUE,FALSE,TRUE,FALSE
6,434,1.00438134885619,TRUE,FALSE,TRUE,FALSE
6,435,1.00469589455069,TRUE,FALSE,TRUE,FALSE
6,436,1.00777508917616,TRUE,FALSE,TRUE,FALSE
6,437,1.00093969019234,TRUE,FALSE,TRUE,FALSE
6,438,1.00193370708764,TRUE,FALSE,TRUE,FALSE
6,439,0.99783478330027,TRUE,FALSE,TRUE,FALSE
6,440,1.00308324260369,TRUE,FALSE,TRUE,FALSE
6,441,0.99944976858652,TRUE,FALSE,TRUE,FALSE
6,442,1.00077196941879,TRUE,FALSE,TRUE,FALSE
6,443,1.00377292384793,TRUE,FALSE,TRUE,FALSE
6,444,1.00448067727295,TRUE,FALSE,TRUE,FALSE
6,445,0.995054751236245,TRUE,FALSE,TRUE,FALSE
6,446,0.999452823842663,TRUE,FALSE,TRUE,FALSE
6,447,1.00329040003609,TRUE,FALSE,TRUE,FALSE
6,448,0.999849983650678,TRUE,FALSE,TRUE,FALSE
6,449,1.0037060121402,TRUE,FALSE,TRUE,FALSE
6,450,0.990095170562974,FALSE,TRUE,TRUE,FALSE
6,451,0.993041358174267,TRUE,FALSE,TRUE,FALSE
6,452,1.00384014939528,TRUE,FALSE,TRUE,FALSE
6,453,0.998013968040673,TRUE,FALSE,TRUE,FALSE
6,454,0.997044138750324,TRUE,FALSE,TRUE,FALSE
6,455,1.00746564768834,TRUE,FALSE,TRUE,FALSE
6,456,0.998158713934499,TRUE,FALSE,TRUE,FALSE
6,457,1.00554410521674,TRUE,FALSE,TRUE,FALSE
6,458,1.00064118897796,TRUE,FALSE,TRUE,FALSE
6,459,0.999274388505342,TRUE,FALSE,TRUE,FALSE
6,460,1.00247835137256,TRUE,FALSE,TRUE,FALSE
6,461,1.0000382126666,TRUE,FALSE,TRUE,FALSE
6,462,0.993657483221362,TRUE,FALSE,TRUE,FALSE
6,463,1.00383293807679,TRUE,FALSE,TRUE,FALSE
6,464,0.998625074452024,TRUE,FALSE,TRUE,FALSE
6,465,0.997361920779325,TRUE,FALSE,TRUE,FALSE
6,466,0.996189443230056,TRUE,FALSE,TRUE,FALSE
6,467,0.994683131724156,TRUE,FALSE,TRUE,FALSE
6,468,1.00140800935617,TRUE,FALSE,TRUE,FALSE
6,469,0.997318529631778,TRUE,FALSE,TRUE,FALSE
6,470,1.00208590338786,TRUE,FALSE,TRUE,FALSE
6,471,1.00498620242941,TRUE,FALSE,TRUE,FALSE
6,472,0.999097694928505,TRUE,FALSE,TRUE,FALSE
6,473,1.00087452721758,TRUE,FALSE,TRUE,FALSE
6,474,1.0031488430523,TRUE,FALSE,TRUE,FALSE
6,475,1.00027798278169,TRUE,FALSE,TRUE,FALSE
6,476,1.00888280631561,FALSE,FALSE,TRUE,FALSE
6,477,1.00235773677416,TRUE,FALSE,TRUE,FALSE
6,478,0.997915694420537,TRUE,FALSE,TRUE,FALSE
6,479,0.998614186687684,TRUE,FALSE,TRUE,FALSE
6,480,0.994574309519398,TRUE,FALSE,TRUE,FALSE
6,481,0.997673508446064,TRUE,FALSE,TRUE,FALSE
6,482,0.99828146018066,TRUE,FALSE,TRUE,FALSE
6,483,0.99791363950271,TRUE,FALSE,TRUE,FALSE
6,484,1.00112751200895,TRUE,FALSE,TRUE,FALSE
6,485,0.998946330593217,TRUE,FALSE,TRUE,FALSE
6,486,0.993973354114762,TRUE,FALSE,TRUE,FALSE
6,487,0.996936615568639,TRUE,FALSE,TRUE,FALSE
6,488,0.997560371170935,TRUE,FALSE,TRUE,FALSE
6,489,1.00208978216077,TRUE,FALSE,TRUE,FALSE
6,490,0.994091194729199,TRUE,FALSE,TRUE,FALSE
6,491,1.00369034053477,TRUE,FALSE,TRUE,FALSE
6,492,1.00055812423379,TRUE,FALSE,TRUE,FALSE
6,493,0.993679448727457,TRUE,FALSE,TRUE,FALSE
6,494,0.995875868306882,TRUE,FALSE,TRUE,FALSE
6,495,0.995614517586456,TRUE,FALSE,TRUE,FALSE
6,496,0.999880164847946,TRUE,FALSE,TRUE,FALSE
6,497,1.0013420562738,TRUE,FALSE,TRUE,FALSE
6,498,1.00416828895374,TRUE,FALSE,TRUE,FALSE
6,499,1.00219177313492,TRUE,FALSE,TRUE,FALSE
6,500,1.0039260385633,TRUE,FALSE,TRUE,FALSE
6,501,0.995418978732765,TRUE,FALSE,TRUE,FALSE
6,502,0.989880507187101,FALSE,TRUE,TRUE,FALSE
6,503,1.00223590359899,TRUE,FALSE,TRUE,FALSE
6,504,1.00890381963385,TRUE,FALSE,TRUE,FALSE
6,505,1.0079241582654,TRUE,FALSE,TRUE,FALSE
6,506,0.999126109645237,TRUE,FALSE,TRUE,FALSE
6,507,0.995276634642804,TRUE,FALSE,TRUE,FALSE
6,508,0.995401851553302,TRUE,FALSE,TRUE,FALSE
6,509,1.000640016913,TRUE,FALSE,TRUE,FALSE
6,510,0.99788507360554,TRUE,FALSE,TRUE,FALSE
6,511,1.00420424879287,TRUE,FALSE,TRUE,FALSE
6,512,0.998606018936685,TRUE,FALSE,TRUE,FALSE
6,513,0.991098527546443,TRUE,TRUE,TRUE,FALSE
6,514,1.00236802799437,TRUE,FALSE,TRUE,FALSE
6,515,0.988475515172394,FALSE,TRUE,TRUE,FALSE
6,516,1.00032420442345,TRUE,FALSE,TRUE,FALSE
6,517,1.00380431363477,TRUE,FALSE,TRUE,FALSE
6,518,1.00006962322891,TRUE,FALSE,TRUE,FALSE
6,519,0.997080959647851,TRUE,FALSE,TRUE,FALSE
6,520,0.999958731481986,TRUE,FALSE,TRUE,FALSE
6,521,1.00499696098444,TRUE,FALSE,TRUE,FALSE
6,522,0.994774904503641,TRUE,FALSE,TRUE,FALSE
6,523,0.99969978591705,TRUE,FALSE,TRUE,FALSE
6,524,1.00280011505573,TRUE,FALSE,TRUE,FALSE
6,525,1.00120047373963,TRUE,FALSE,TRUE,FALSE
6,526,0.997986764053121,TRUE,FALSE,TRUE,FALSE
6,527,1.00576014255381,TRUE,FALSE,TRUE,FALSE
6,528,0.999082518851467,TRUE,FALSE,TRUE,FALSE
6,529,0.992968240612731,TRUE,FALSE,TRUE,FALSE
6,530,0.993929924029342,TRUE,FALSE,TRUE,FALSE
6,531,1.00609974785241,TRUE,FALSE,TRUE,FALSE
6,532,1.00127064122171,TRUE,FALSE,TRUE,FALSE
6,533,1.00193167453509,TRUE,FALSE,TRUE,FALSE
6,534,0.995722267065062,TRUE,FALSE,TRUE,FALSE
6,535,1.00086282086651,TRUE,FALSE,TRUE,FALSE
6,536,1.0051332649166,TRUE,FALSE,TRUE,FALSE
6,537,0.992663371589083,TRUE,FALSE,TRUE,FALSE
6,538,1.00278395118196,TRUE,FALSE,TRUE,FALSE
6,539,0.999049863899525,TRUE,FALSE,TRUE,FALSE
6,540,0.99680974463146,TRUE,FALSE,TRUE,FALSE
6,541,1.0017703007354,TRUE,FALSE,TRUE,FALSE
6,542,0.997271611443009,TRUE,FALSE,TRUE,FALSE
6,543,1.00815826826829,TRUE,FALSE,TRUE,FALSE
6,544,0.989931345994305,FALSE,TRUE,TRUE,FALSE
6,545,0.994883083680889,TRUE,FALSE,TRUE,FALSE
6,546,1.00222966101997,TRUE,FALSE,TRUE,FALSE
6,547,0.997767293789293,TRUE,FALSE,TRUE,FALSE
6,548,1.00053235588773,TRUE,FALSE,TRUE,FALSE
6,549,0.999281496039253,TRUE,FALSE,TRUE,FALSE
6,550,1.00044466659178,TRUE,FALSE,TRUE,FALSE
6,551,0.994702161748419,TRUE,FALSE,TRUE,FALSE
6,552,0.993688246126164,TRUE,FALSE,TRUE,FALSE
6,553,1.00781287125724,TRUE,FALSE,TRUE,FALSE
6,554,0.997527405758591,TRUE,FALSE,TRUE,FALSE
6,555,1.0011651777048,TRUE,FALSE,TRUE,FALSE
6,556,1.01049071992441,FALSE,FALSE,TRUE,FALSE
6,557,1.00275256663512,TRUE,FALSE,TRUE,FALSE
6,558,1.00259905179333,TRUE,FALSE,TRUE,FALSE
6,559,1.00139095622798,TRUE,FALSE,TRUE,FALSE
6,560,1.00358054767615,TRUE,FALSE,TRUE,FALSE
6,561,0.996515188553285,TRUE,FALSE,TRUE,FALSE
6,562,1.00201206271799,TRUE,FALSE,TRUE,FALSE
6,563,1.00145673890057,TRUE,FALSE,TRUE,FALSE
6,564,1.00278998886533,TRUE,FALSE,TRUE,FALSE
6,565,1.00408245461588,TRUE,FALSE,TRUE,FALSE
6,566,0.999919470046276,TRUE,FALSE,TRUE,FALSE
6,567,0.998328471936094,TRUE,FALSE,TRUE,FALSE
6,568,1.00166793277912,TRUE,FALSE,TRUE,FALSE
6,569,1.00229432321788,TRUE,FALSE,TRUE,FALSE
6,570,0.99710522391842,TRUE,FALSE,TRUE,FALSE
6,571,0.99852616044732,TRUE,FALSE,TRUE,FALSE
6,572,0.997118103414809,TRUE,FALSE,TRUE,FALSE
6,573,1.00223627324056,TRUE,FALSE,TRUE,FALSE
6,574,0.99618073197549,TRUE,FALSE,TRUE,FALSE
6,575,1.00524802798148,TRUE,FALSE,TRUE,FALSE
6,576,1.0016086088968,TRUE,FALSE,TRUE,FALSE
6,577,1.00403294592397,TRUE,FALSE,TRUE,FALSE
6,578,1.00144022954301,TRUE,FALSE,TRUE,FALSE
6,579,0.995974279417872,TRUE,FALSE,TRUE,FALSE
6,580,0.997272483116582,TRUE,FALSE,TRUE,FALSE
6,581,0.999207900272572,TRUE,FALSE,TRUE,FALSE
6,582,1.00322601859939,TRUE,FALSE,TRUE,FALSE
6,583,1.00432067137353,TRUE,FALSE,TRUE,FALSE
6,584,1.00645136250267,TRUE,FALSE,TRUE,FALSE
6,585,1.00134650912161,TRUE,FALSE,TRUE,FALSE
6,586,1.00203226400748,TRUE,FALSE,TRUE,FALSE
6,587,1.00488300711663,TRUE,FALSE,TRUE,FALSE
6,588,1.01061135524766,FALSE,FALSE,TRUE,FALSE
6,589,0.9997911419663,TRUE,FALSE,TRUE,FALSE
6,590,0.998393906866269,TRUE,FALSE,TRUE,FALSE
6,591,1.00012465978747,TRUE,FALSE,TRUE,FALSE
6,592,0.998614500039349,TRUE,FALSE,TRUE,FALSE
6,593,0.998844280142135,TRUE,FALSE,TRUE,FALSE
6,594,1.00199772514422,TRUE,FALSE,TRUE,FALSE
6,595,0.996847544178471,TRUE,FALSE,TRUE,FALSE
6,596,0.997151407322545,TRUE,FALSE,TRUE,FALSE
6,597,0.994746730555236,TRUE,FALSE,TRUE,FALSE
6,598,1.0054838532118,TRUE,FALSE,TRUE,FALSE
6,599,1.00224020349862,TRUE,FALSE,TRUE,FALSE
6,600,1.00484701677798,TRUE,FALSE,TRUE,FALSE
6,601,1.00353652444565,TRUE,FALSE,TRUE,FALSE
6,602,0.998583282562117,TRUE,FALSE,TRUE,FALSE
6,603,0.999694578793779,TRUE,FALSE,TRUE,FALSE
6,604,0.993171935356445,TRUE,FALSE,TRUE,FALSE
6,605,1.00018256011704,TRUE,FALSE,TRUE,FALSE
6,606,0.997699293434796,TRUE,FALSE,TRUE,FALSE
6,607,0.99100895995434,FALSE,TRUE,TRUE,FALSE
6,608,0.999599344200616,TRUE,FALSE,TRUE,FALSE
6,609,1.00106972670068,TRUE,FALSE,TRUE,FALSE
6,610,1.00005951737037,TRUE,FALSE,TRUE,FALSE
6,611,1.01056972170724,FALSE,FALSE,TRUE,FALSE
6,612,1.00183714570075,TRUE,FALSE,TRUE,FALSE
6,613,1.00977238335448,FALSE,FALSE,TRUE,FALSE
6,614,0.9994930088809,TRUE,FALSE,TRUE,FALSE
6,615,0.999791610524976,TRUE,FALSE,TRUE,FALSE
6,616,1.00260944242709,TRUE,FALSE,TRUE,FALSE
6,617,1.00133649165485,TRUE,FALSE,TRUE,FALSE
6,618,0.996231875603837,TRUE,FALSE,TRUE,FALSE
6,619,0.994162191496376,TRUE,FALSE,TRUE,FALSE
6,620,1.00754240052124,TRUE,FALSE,TRUE,FALSE
6,621,1.00379763977496,TRUE,FALSE,TRUE,FALSE
6,622,0.994069321195947,TRUE,FALSE,TRUE,FALSE
6,623,0.99591491354836,TRUE,FALSE,TRUE,FALSE
6,624,1.0085867077566,FALSE,FALSE,TRUE,FALSE
6,625,0.995333919942809,TRUE,FALSE,TRUE,FALSE
6,626,1.00058689728203,TRUE,FALSE,TRUE,FALSE
6,627,0.996758329948021,TRUE,FALSE,TRUE,FALSE
6,628,1.00267854885748,TRUE,FALSE,TRUE,FALSE
6,629,0.998286057488429,TRUE,FALSE,TRUE,FALSE
6,630,1.00423249401722,TRUE,FALSE,TRUE,FALSE
6,631,0.992527484132401,TRUE,FALSE,TRUE,FALSE
6,632,0.998207552330976,TRUE,FALSE,TRUE,FALSE
6,633,0.99461893861244,TRUE,FALSE,TRUE,FALSE
6,634,1.00213006680151,TRUE,FALSE,TRUE,FALSE
6,635,1.00215136828207,TRUE,FALSE,TRUE,FALSE
6,636,1.00377977948652,TRUE,FALSE,TRUE,FALSE
6,637,0.994886657448147,TRUE,FALSE,TRUE,FALSE
6,638,1.00176506199854,TRUE,FALSE,TRUE,FALSE
6,639,1.00075072818524,TRUE,FALSE,TRUE,FALSE
6,640,1.0036167712631,TRUE,FALSE,TRUE,FALSE
6,641,0.995711908229997,TRUE,FALSE,TRUE,FALSE
6,642,1.0036774968039,TRUE,FALSE,TRUE,FALSE
6,643,1.00551508967157,TRUE,FALSE,TRUE,FALSE
6,644,0.996799397255906,TRUE,FALSE,TRUE,FALSE
6,645,1.00356966781237,TRUE,FALSE,TRUE,FALSE
6,646,0.997786022415805,TRUE,FALSE,TRUE,FALSE
6,647,0.994849128026211,TRUE,FALSE,TRUE,FALSE
6,648,0.999480328115739,TRUE,FALSE,TRUE,FALSE
6,649,0.999069044048164,TRUE,FALSE,TRUE,FALSE
6,650,0.995865565123019,TRUE,FALSE,TRUE,FALSE
6,651,0.994041447351248,TRUE,FALSE,TRUE,FALSE
6,652,1.00630003884445,TRUE,FALSE,TRUE,FALSE
6,653,1.00302482815466,TRUE,FALSE,TRUE,FALSE
6,654,1.00482862551469,TRUE,FALSE,TRUE,FALSE
6,655,1.00181444859144,TRUE,FALSE,TRUE,FALSE
6,656,0.995414857690857,TRUE,FALSE,TRUE,FALSE
6,657,1.00365911024677,TRUE,FALSE,TRUE,FALSE
6,658,1.00082937111919,TRUE,FALSE,TRUE,FALSE
6,659,0.997354021592377,TRUE,FALSE,TRUE,FALSE
6,660,1.00640294016618,TRUE,FALSE,TRUE,FALSE
6,661,0.997187131820865,TRUE,FALSE,TRUE,FALSE
6,662,0.996810031256828,TRUE,FALSE,TRUE,FALSE
6,663,1.00106211459734,TRUE,FALSE,TRUE,FALSE
6,664,0.997950917672894,TRUE,FALSE,TRUE,FALSE
6,665,0.999413361574693,TRUE,FALSE,TRUE,FALSE
6,666,0.999850069513248,TRUE,FALSE,TRUE,FALSE
6,667,0.996850010452676,TRUE,FALSE,TRUE,FALSE
6,668,0.999029122737965,TRUE,FALSE,TRUE,FALSE
6,669,0.99628841252972,TRUE,FALSE,TRUE,FALSE
6,670,0.995926419063057,TRUE,FALSE,TRUE,FALSE
6,671,0.998047742458847,TRUE,FALSE,TRUE,FALSE
6,672,1.00030586559612,TRUE,FALSE,TRUE,FALSE
6,673,1.002656888101,TRUE,FALSE,TRUE,FALSE
6,674,1.00133670223786,TRUE,FALSE,TRUE,FALSE
6,675,0.993602379904469,TRUE,FALSE,TRUE,FALSE
6,676,0.998589191293437,TRUE,FALSE,TRUE,FALSE
6,677,1.00111800786622,TRUE,FALSE,TRUE,FALSE
6,678,0.998906749225737,TRUE,FALSE,TRUE,FALSE
6,679,0.999874804999141,TRUE,FALSE,TRUE,FALSE
6,680,1.00058965786436,TRUE,FALSE,TRUE,FALSE
6,681,1.00104227623814,TRUE,FALSE,TRUE,FALSE
6,682,0.998491237896321,TRUE,FALSE,TRUE,FALSE
6,683,1.00684542410832,TRUE,FALSE,TRUE,FALSE
6,684,0.993748475131754,TRUE,FALSE,TRUE,FALSE
6,685,0.997234095331198,TRUE,FALSE,TRUE,FALSE
6,686,0.989521062853958,FALSE,TRUE,TRUE,FALSE
6,687,1.00836631390823,FALSE,FALSE,TRUE,FALSE
6,688,0.998020304569206,TRUE,FALSE,TRUE,FALSE
6,689,0.992411958812105,TRUE,TRUE,TRUE,FALSE
6,690,0.994793347018779,TRUE,FALSE,TRUE,FALSE
6,691,0.995507915624849,TRUE,FALSE,TRUE,FALSE
6,692,0.996764347292683,TRUE,FALSE,TRUE,FALSE
6,693,0.995355757276552,TRUE,FALSE,TRUE,FALSE
6,694,0.999574130037828,TRUE,FALSE,TRUE,FALSE
6,695,1.0057316172436,TRUE,FALSE,TRUE,FALSE
6,696,1.00346806743579,TRUE,FALSE,TRUE,FALSE
6,697,1.00237882517538,TRUE,FALSE,TRUE,FALSE
6,698,1.00341981239176,TRUE,FALSE,TRUE,FALSE
6,699,0.996387528237304,TRUE,FALSE,TRUE,FALSE
6,700,0.998305977181143,TRUE,FALSE,TRUE,FALSE
6,701,0.996912882520857,TRUE,FALSE,TRUE,FALSE
6,702,1.00010912372019,TRUE,FALSE,TRUE,FALSE
6,703,1.00404299649584,TRUE,FALSE,TRUE,FALSE
6,704,1.00388511596175,TRUE,FALSE,TRUE,FALSE
6,705,1.00291711437799,TRUE,FALSE,TRUE,FALSE
6,706,0.998449334645403,TRUE,FALSE,TRUE,FALSE
6,707,0.998384803045058,TRUE,FALSE,TRUE,FALSE
6,708,0.999641045834197,TRUE,FALSE,TRUE,FALSE
6,709,0.995570292345214,TRUE,FALSE,TRUE,FALSE
6,710,1.00170534289796,TRUE,FALSE,TRUE,FALSE
6,711,0.996254398022046,TRUE,FALSE,TRUE,FALSE
6,712,1.00304501864887,TRUE,FALSE,TRUE,FALSE
6,713,0.999217920262437,TRUE,FALSE,TRUE,FALSE
6,714,1.00274285166987,TRUE,FALSE,TRUE,FALSE
6,715,0.996086159074719,TRUE,FALSE,TRUE,FALSE
6,716,1.00135907520037,TRUE,FALSE,TRUE,FALSE
6,717,0.998154292720054,TRUE,FALSE,TRUE,FALSE
6,718,0.998168568804785,TRUE,FALSE,TRUE,FALSE
6,719,1.00038791930868,TRUE,FALSE,TRUE,FALSE
6,720,1.00390445377934,TRUE,FALSE,TRUE,FALSE
6,721,1.0033321704275,TRUE,FALSE,TRUE,FALSE
6,722,0.993453246237871,TRUE,FALSE,TRUE,FALSE
6,723,1.00133523830327,TRUE,FALSE,TRUE,FALSE
6,724,0.988068960736371,FALSE,TRUE,TRUE,FALSE
6,725,0.994144812710619,TRUE,FALSE,TRUE,FALSE
6,726,0.999408338263936,TRUE,FALSE,TRUE,FALSE
6,727,0.994588733731624,TRUE,FALSE,TRUE,FALSE
6,728,1.00286089911482,TRUE,FALSE,TRUE,FALSE
6,729,0.997458720985227,TRUE,FALSE,TRUE,FALSE
6,730,1.00024926258983,TRUE,FALSE,TRUE,FALSE
6,731,0.999231948330119,TRUE,FALSE,TRUE,FALSE
6,732,0.99649516441993,TRUE,FALSE,TRUE,FALSE
6,733,1.00456438622162,TRUE,FALSE,TRUE,FALSE
6,734,1.00006494280792,TRUE,FALSE,TRUE,FALSE
6,735,0.991396106202719,TRUE,TRUE,TRUE,FALSE
6,736,0.990274790333812,FALSE,TRUE,TRUE,FALSE
6,737,1.0061832389854,TRUE,FALSE,TRUE,FALSE
6,738,1.0010410736819,TRUE,FALSE,TRUE,FALSE
6,739,0.996841512867629,TRUE,FALSE,TRUE,FALSE
6,740,1.00154774861667,TRUE,FALSE,TRUE,FALSE
6,741,0.998394015272638,TRUE,FALSE,TRUE,FALSE
6,742,0.99075267983326,FALSE,TRUE,TRUE,FALSE
6,743,0.998740523699677,TRUE,FALSE,TRUE,FALSE
6,744,1.00331567234301,TRUE,FALSE,TRUE,FALSE
6,745,1.00136212981493,TRUE,FALSE,TRUE,FALSE
6,746,1.00810938126351,FALSE,FALSE,TRUE,FALSE
6,747,0.99543114025669,TRUE,FALSE,TRUE,FALSE
6,748,1.00646739881545,TRUE,FALSE,TRUE,FALSE
6,749,1.00086778071562,TRUE,FALSE,TRUE,FALSE
6,750,0.989489578104326,FALSE,TRUE,TRUE,FALSE
6,751,0.9990910008819,TRUE,FALSE,TRUE,FALSE
6,752,0.998922886935026,TRUE,FALSE,TRUE,FALSE
6,753,0.997678445082049,TRUE,FALSE,TRUE,FALSE
6,754,0.998056249651587,TRUE,FALSE,TRUE,FALSE
6,755,0.996893849373208,TRUE,FALSE,TRUE,FALSE
6,756,0.999602646563848,TRUE,FALSE,TRUE,FALSE
6,757,1.00352050221577,TRUE,FALSE,TRUE,FALSE
6,758,0.99325264311427,TRUE,FALSE,TRUE,FALSE
6,759,1.00540362415594,TRUE,FALSE,TRUE,FALSE
6,760,1.00195885330931,TRUE,FALSE,TRUE,FALSE
6,761,0.995352090999497,TRUE,FALSE,TRUE,FALSE
6,762,0.997697269238268,TRUE,FALSE,TRUE,FALSE
6,763,1.00671664616801,TRUE,FALSE,TRUE,FALSE
6,764,1.00929896039107,FALSE,FALSE,TRUE,FALSE
6,765,0.997552451420284,TRUE,FALSE,TRUE,FALSE
6,766,0.998981430523566,TRUE,FALSE,TRUE,FALSE
6,767,0.99870695429131,TRUE,FALSE,TRUE,FALSE
6,768,1.00727456334052,FALSE,FALSE,TRUE,FALSE
6,769,0.997479352376889,TRUE,FALSE,TRUE,FALSE
6,770,1.00485299953181,TRUE,FALSE,TRUE,FALSE
6,771,1.00485132771056,TRUE,FALSE,TRUE,FALSE
6,772,1.00839316830944,TRUE,FALSE,TRUE,FALSE
6,773,1.00400921779871,TRUE,FALSE,TRUE,FALSE
6,774,1.001090696369,TRUE,FALSE,TRUE,FALSE
6,775,1.00650873042496,TRUE,FALSE,TRUE,FALSE
6,776,1.00163925576827,TRUE,FALSE,TRUE,FALSE
6,777,0.999992571014158,TRUE,FALSE,TRUE,FALSE
6,778,1.00199988700892,TRUE,FALSE,TRUE,FALSE
6,779,0.991767569503134,FALSE,TRUE,TRUE,FALSE
6,780,1.00191864476488,TRUE,FALSE,TRUE,FALSE
6,781,0.996080224061917,TRUE,FALSE,TRUE,FALSE
6,782,1.00292464781649,TRUE,FALSE,TRUE,FALSE
6,783,0.997682984517422,TRUE,FALSE,TRUE,FALSE
6,784,1.0020560168308,TRUE,FALSE,TRUE,FALSE
6,785,1.00507247398965,TRUE,FALSE,TRUE,FALSE
6,786,0.99631258354525,TRUE,FALSE,TRUE,FALSE
6,787,1.00090056874751,TRUE,FALSE,TRUE,FALSE
6,788,0.997596523213017,TRUE,FALSE,TRUE,FALSE
6,789,0.994193321525201,TRUE,FALSE,TRUE,FALSE
6,790,0.996614771990659,TRUE,FALSE,TRUE,FALSE
6,791,0.996676822358102,TRUE,FALSE,TRUE,FALSE
6,792,0.998402890793288,TRUE,FALSE,TRUE,FALSE
6,793,1.00194133044367,TRUE,FALSE,TRUE,FALSE
6,794,0.997480266934559,TRUE,FALSE,TRUE,FALSE
6,795,1.00432089396763,TRUE,FALSE,TRUE,FALSE
6,796,1.00169966190631,TRUE,FALSE,TRUE,FALSE
6,797,1.00642952988782,TRUE,FALSE,TRUE,FALSE
6,798,0.993951920000327,TRUE,FALSE,TRUE,FALSE
6,799,0.994159232278365,TRUE,FALSE,TRUE,FALSE
6,800,1.0042157808008,TRUE,FALSE,TRUE,FALSE
6,801,0.999743016446737,TRUE,FALSE,TRUE,FALSE
6,802,0.998310581665782,TRUE,FALSE,TRUE,FALSE
6,803,1.00031899094921,TRUE,FALSE,TRUE,FALSE
6,804,1.00052838238694,TRUE,FALSE,TRUE,FALSE
6,805,0.997957619146678,TRUE,FALSE,TRUE,FALSE
6,806,0.999330079224944,TRUE,FALSE,TRUE,FALSE
6,807,1.00271751982735,TRUE,FALSE,TRUE,FALSE
6,808,1.0108900795643,FALSE,FALSE,TRUE,FALSE
6,809,1.00263541141545,TRUE,FALSE,TRUE,FALSE
6,810,0.994503899759684,TRUE,FALSE,TRUE,FALSE
6,811,0.989894115133092,FALSE,TRUE,TRUE,FALSE
6,812,1.00124061699768,TRUE,FALSE,TRUE,FALSE
6,813,1.00790392043049,TRUE,FALSE,TRUE,FALSE
6,814,1.00744333905309,TRUE,FALSE,TRUE,FALSE
6,815,0.996762089539634,TRUE,FALSE,TRUE,FALSE
6,816,0.994535577986033,TRUE,FALSE,TRUE,FALSE
6,817,1.00196396901786,TRUE,FALSE,TRUE,FALSE
6,818,0.996978761937984,TRUE,FALSE,TRUE,FALSE
6,819,1.00045031910414,TRUE,FALSE,TRUE,FALSE
6,820,1.00359321106881,TRUE,FALSE,TRUE,FALSE
6,821,0.992752905800199,TRUE,FALSE,TRUE,FALSE
6,822,1.00238003680032,TRUE,FALSE,TRUE,FALSE
6,823,0.993557647538338,TRUE,TRUE,TRUE,FALSE
6,824,1.00704504101697,TRUE,FALSE,TRUE,FALSE
6,825,1.00634036793347,TRUE,FALSE,TRUE,FALSE
6,826,1.00291045472465,TRUE,FALSE,TRUE,FALSE
6,827,1.00307404743629,TRUE,FALSE,TRUE,FALSE
6,828,1.00160371421272,TRUE,FALSE,TRUE,FALSE
6,829,0.998321266487814,TRUE,FALSE,TRUE,FALSE
6,830,1.00272433864759,TRUE,FALSE,TRUE,FALSE
6,831,0.997984857936397,TRUE,FALSE,TRUE,FALSE
6,832,1.00296737736593,TRUE,FALSE,TRUE,FALSE
6,833,1.00184232618965,TRUE,FALSE,TRUE,FALSE
6,834,1.00002492496898,TRUE,FALSE,TRUE,FALSE
6,835,1.001728365227,TRUE,FALSE,TRUE,FALSE
6,836,1.00678167787289,TRUE,FALSE,TRUE,FALSE
6,837,0.997647859969594,TRUE,FALSE,TRUE,FALSE
6,838,1.00172414645529,TRUE,FALSE,TRUE,FALSE
6,839,1.00298833548276,TRUE,FALSE,TRUE,FALSE
6,840,0.99571304577203,TRUE,FALSE,TRUE,FALSE
6,841,0.990496667355172,FALSE,TRUE,TRUE,FALSE
6,842,1.00437836861123,TRUE,FALSE,TRUE,FALSE
6,843,0.998345433664093,TRUE,FALSE,TRUE,FALSE
6,844,0.995886058203321,TRUE,FALSE,TRUE,FALSE
6,845,1.00486031852443,TRUE,FALSE,TRUE,FALSE
6,846,0.994725361325599,TRUE,FALSE,TRUE,FALSE
6,847,0.995453011460478,TRUE,FALSE,TRUE,FALSE
6,848,1.00011007185205,TRUE,FALSE,TRUE,FALSE
6,849,0.996983832635631,TRUE,FALSE,TRUE,FALSE
6,850,1.00300804351714,TRUE,FALSE,TRUE,FALSE
6,851,1.00191193459588,TRUE,FALSE,TRUE,FALSE
6,852,1.00346258105943,TRUE,FALSE,TRUE,FALSE
6,853,1.00262592136664,TRUE,FALSE,TRUE,FALSE
6,854,1.00259964558357,TRUE,FALSE,TRUE,FALSE
6,855,1.00336939802701,TRUE,FALSE,TRUE,FALSE
6,856,0.996286523670826,TRUE,FALSE,TRUE,FALSE
6,857,1.00473722493812,TRUE,FALSE,TRUE,FALSE
6,858,0.998975184327516,TRUE,FALSE,TRUE,FALSE
6,859,1.00161974689756,TRUE,FALSE,TRUE,FALSE
6,860,1.0020955870166,TRUE,FALSE,TRUE,FALSE
6,861,0.993820403970001,TRUE,FALSE,TRUE,FALSE
6,862,0.994010044852932,TRUE,FALSE,TRUE,FALSE
6,863,0.999808281504332,TRUE,FALSE,TRUE,FALSE
6,864,0.994011029411636,TRUE,FALSE,TRUE,FALSE
6,865,0.999260225029198,TRUE,FALSE,TRUE,FALSE
6,866,0.99527668397745,TRUE,FALSE,TRUE,FALSE
6,867,0.998153869917674,TRUE,FALSE,TRUE,FALSE
6,868,0.995891842144741,TRUE,FALSE,TRUE,FALSE
6,869,1.00193171443346,TRUE,FALSE,TRUE,FALSE
6,870,1.00444824865824,TRUE,FALSE,TRUE,FALSE
6,871,0.996778384609166,TRUE,FALSE,TRUE,FALSE
6,872,1.00643603781107,TRUE,FALSE,TRUE,FALSE
6,873,1.00301623261014,TRUE,FALSE,TRUE,FALSE
6,874,1.00062752429364,TRUE,FALSE,TRUE,FALSE
6,875,0.998737543076215,TRUE,FALSE,TRUE,FALSE
6,876,1.00643109108111,TRUE,FALSE,TRUE,FALSE
6,877,1.00273025408854,TRUE,FALSE,TRUE,FALSE
6,878,1.00576078516767,TRUE,FALSE,TRUE,FALSE
6,879,0.9944216491873,TRUE,FALSE,TRUE,FALSE
6,880,0.99616303826702,TRUE,FALSE,TRUE,FALSE
6,881,0.991359389255039,FALSE,TRUE,TRUE,FALSE
6,882,0.995945522833707,TRUE,FALSE,TRUE,FALSE
6,883,0.995575870671192,TRUE,FALSE,TRUE,FALSE
6,884,0.999237999126653,TRUE,FALSE,TRUE,FALSE
6,885,0.998034962033546,TRUE,FALSE,TRUE,FALSE
6,886,0.99777369689017,TRUE,FALSE,TRUE,FALSE
6,887,1.00596712576242,TRUE,FALSE,TRUE,FALSE
6,888,0.996176882358295,TRUE,FALSE,TRUE,FALSE
6,889,1.00195055187929,TRUE,FALSE,TRUE,FALSE
6,890,1.00217918128739,TRUE,FALSE,TRUE,FALSE
6,891,0.998445794946027,TRUE,FALSE,TRUE,FALSE
6,892,0.998072186458075,TRUE,FALSE,TRUE,FALSE
6,893,1.00645139583722,TRUE,FALSE,TRUE,FALSE
6,894,1.00023437342593,TRUE,FALSE,TRUE,FALSE
6,895,0.997429913965999,TRUE,FALSE,TRUE,FALSE
6,896,0.997529282108959,TRUE,FALSE,TRUE,FALSE
6,897,1.00200556196928,TRUE,FALSE,TRUE,FALSE
6,898,1.00168919503253,TRUE,FALSE,TRUE,FALSE
6,899,1.00735582160666,TRUE,FALSE,TRUE,FALSE
6,900,0.995153690849872,TRUE,FALSE,TRUE,FALSE
6,901,1.00267870182645,TRUE,FALSE,TRUE,FALSE
6,902,0.993740764175302,TRUE,FALSE,TRUE,FALSE
6,903,1.00348244996586,TRUE,FALSE,TRUE,FALSE
6,904,0.996892185855702,TRUE,FALSE,TRUE,FALSE
6,905,0.999555965242078,TRUE,FALSE,TRUE,FALSE
6,906,1.00464603763392,TRUE,FALSE,TRUE,FALSE
6,907,0.995871022141908,TRUE,FALSE,TRUE,FALSE
6,908,0.994697744465314,TRUE,FALSE,TRUE,FALSE
6,909,0.998109209053957,TRUE,FALSE,TRUE,FALSE
6,910,1.00535482686128,TRUE,FALSE,TRUE,FALSE
6,911,0.997313042871889,TRUE,FALSE,TRUE,FALSE
6,912,0.992376418056136,TRUE,TRUE,TRUE,FALSE
6,913,1.00124262504155,TRUE,FALSE,TRUE,FALSE
6,914,1.00121259720091,TRUE,FALSE,TRUE,FALSE
6,915,1.00922827262376,TRUE,FALSE,TRUE,FALSE
6,916,1.00151950084131,TRUE,FALSE,TRUE,FALSE
6,917,0.98975748227576,FALSE,TRUE,TRUE,FALSE
6,918,1.00325837741511,TRUE,FALSE,TRUE,FALSE
6,919,0.996372162491746,TRUE,FALSE,TRUE,FALSE
6,920,0.994035673895995,TRUE,FALSE,TRUE,FALSE
6,921,0.991712278644834,FALSE,TRUE,TRUE,FALSE
6,922,1.00382312342945,TRUE,FALSE,TRUE,FALSE
6,923,0.998656365663672,TRUE,FALSE,TRUE,FALSE
6,924,0.996343722179864,TRUE,FALSE,TRUE,FALSE
6,925,0.998435568836279,TRUE,FALSE,TRUE,FALSE
6,926,1.00163358491154,TRUE,FALSE,TRUE,FALSE
6,927,1.0012225520183,TRUE,FALSE,TRUE,FALSE
6,928,0.99677192782508,TRUE,FALSE,TRUE,FALSE
6,929,0.999612371515612,TRUE,FALSE,TRUE,FALSE
6,930,0.992662517967417,TRUE,TRUE,TRUE,FALSE
6,931,0.999310950128904,TRUE,FALSE,TRUE,FALSE
6,932,0.994611350080895,TRUE,FALSE,TRUE,FALSE
6,933,1.00341966226181,TRUE,FALSE,TRUE,FALSE
6,934,1.00396816260076,TRUE,FALSE,TRUE,FALSE
6,935,0.99992105744743,TRUE,FALSE,TRUE,FALSE
6,936,0.997407521201925,TRUE,FALSE,TRUE,FALSE
6,937,0.998324356124943,TRUE,FALSE,TRUE,FALSE
6,938,0.991601670895598,FALSE,TRUE,TRUE,FALSE
6,939,0.999219284915269,TRUE,FALSE,TRUE,FALSE
6,940,0.998857613395906,TRUE,FALSE,TRUE,FALSE
6,941,0.999013334255706,TRUE,FALSE,TRUE,FALSE
6,942,0.999189215318785,TRUE,FALSE,TRUE,FALSE
6,943,0.989856319446575,FALSE,TRUE,TRUE,FALSE
6,944,0.997809797107411,TRUE,FALSE,TRUE,FALSE
6,945,1.00320615964939,TRUE,FALSE,TRUE,FALSE
6,946,0.997825095012583,TRUE,FALSE,TRUE,FALSE
6,947,0.998616406701659,TRUE,FALSE,TRUE,FALSE
6,948,0.999873761224844,TRUE,FALSE,TRUE,FALSE
6,949,1.00338455764377,TRUE,FALSE,TRUE,FALSE
6,950,0.996004842679246,TRUE,FALSE,TRUE,FALSE
6,951,1.00519968350261,TRUE,FALSE,TRUE,FALSE
6,952,1.00088361277362,TRUE,FALSE,TRUE,FALSE
6,953,0.994547814581149,TRUE,FALSE,TRUE,FALSE
6,954,0.996425086576885,TRUE,FALSE,TRUE,FALSE
6,955,0.999909105224863,TRUE,FALSE,TRUE,FALSE
6,956,0.99713978001397,TRUE,FALSE,TRUE,FALSE
6,957,0.998639487132462,TRUE,FALSE,TRUE,FALSE
6,958,1.00282584785942,TRUE,FALSE,TRUE,FALSE
6,959,1.0028743908066,TRUE,FALSE,TRUE,FALSE
6,960,0.999420419097099,TRUE,FALSE,TRUE,FALSE
6,961,0.997723945690978,TRUE,FALSE,TRUE,FALSE
6,962,0.999551519123043,TRUE,FALSE,TRUE,FALSE
6,963,1.00397351285952,TRUE,FALSE,TRUE,FALSE
6,964,0.998045416814787,TRUE,FALSE,TRUE,FALSE
6,965,1.00542704620889,TRUE,FALSE,TRUE,FALSE
6,966,0.99892851493202,TRUE,FALSE,TRUE,FALSE
6,967,1.00649520316612,TRUE,FALSE,TRUE,FALSE
6,968,0.995766354081781,TRUE,FALSE,TRUE,FALSE
6,969,1.00209102129261,TRUE,FALSE,TRUE,FALSE
6,970,1.00171667331067,TRUE,FALSE,TRUE,FALSE
6,971,0.991895039546768,TRUE,TRUE,TRUE,FALSE
6,972,0.99816591983431,TRUE,FALSE,TRUE,FALSE
6,973,1.00260276608564,TRUE,FALSE,TRUE,FALSE
6,974,0.987290773121799,FALSE,TRUE,TRUE,FALSE
6,975,0.998541514649788,TRUE,FALSE,TRUE,FALSE
6,976,1.00304762452113,TRUE,FALSE,TRUE,FALSE
6,977,1.00849837247677,TRUE,FALSE,TRUE,FALSE
6,978,1.00862627694426,TRUE,FALSE,TRUE,FALSE
6,979,1.00882339201256,FALSE,FALSE,TRUE,FALSE
6,980,0.997979805193928,TRUE,FALSE,TRUE,FALSE
6,981,0.995318649801738,TRUE,FALSE,TRUE,FALSE
6,982,1.00401136566295,TRUE,FALSE,TRUE,FALSE
6,983,0.996016993762865,TRUE,FALSE,TRUE,FALSE
6,984,0.992774192470164,TRUE,TRUE,TRUE,FALSE
6,985,1.00180286004388,TRUE,FALSE,TRUE,FALSE
6,986,1.00460533851317,TRUE,FALSE,TRUE,FALSE
6,987,0.997575133942458,TRUE,FALSE,TRUE,FALSE
6,988,0.999107876971213,TRUE,FALSE,TRUE,FALSE
6,989,0.99893118535854,TRUE,FALSE,TRUE,FALSE
6,990,0.994957565387213,TRUE,FALSE,TRUE,FALSE
6,991,1.00027114961008,TRUE,FALSE,TRUE,FALSE
6,992,0.990317758072251,FALSE,TRUE,TRUE,FALSE
6,993,0.991041920636895,FALSE,TRUE,TRUE,FALSE
6,994,0.994481967085219,TRUE,FALSE,TRUE,FALSE
6,995,0.99849160574168,TRUE,FALSE,TRUE,FALSE
6,996,0.997803867148442,TRUE,FALSE,TRUE,FALSE
6,997,1.00848146040099,FALSE,FALSE,TRUE,FALSE
6,998,0.99974232681243,TRUE,FALSE,TRUE,FALSE
6,999,1.00259754546176,TRUE,FALSE,TRUE,FALSE
6,1000,1.00556075129821,TRUE,FALSE,TRUE,FALSE
7,1,0.605538460507633,TRUE,TRUE,TRUE,FALSE
7,2,0.597562931468297,TRUE,TRUE,TRUE,FALSE
7,3,0.602553737224581,TRUE,TRUE,TRUE,FALSE
7,4,0.595528845075943,TRUE,TRUE,TRUE,FALSE
7,5,0.594777740368194,TRUE,TRUE,TRUE,FALSE
7,6,0.600683595339101,TRUE,TRUE,TRUE,FALSE
7,7,0.593225824531498,TRUE,TRUE,TRUE,FALSE
7,8,0.601727485002034,TRUE,TRUE,TRUE,FALSE
7,9,0.600620035886094,TRUE,TRUE,TRUE,FALSE
7,10,0.605662586790159,TRUE,TRUE,TRUE,FALSE
7,11,0.598692308495175,TRUE,TRUE,TRUE,FALSE
7,12,0.598240472921515,TRUE,TRUE,TRUE,FALSE
7,13,0.596977528419519,TRUE,TRUE,TRUE,FALSE
7,14,0.596773946670481,TRUE,TRUE,TRUE,FALSE
7,15,0.595386782283378,TRUE,TRUE,TRUE,FALSE
7,16,0.607643127898232,TRUE,TRUE,TRUE,FALSE
7,17,0.599909526383222,TRUE,TRUE,TRUE,FALSE
7,18,0.603825330245029,TRUE,TRUE,TRUE,FALSE
7,19,0.601075587339722,TRUE,TRUE,TRUE,FALSE
7,20,0.60626904523008,TRUE,TRUE,TRUE,FALSE
7,21,0.593102536872904,TRUE,TRUE,TRUE,FALSE
7,22,0.601337922720448,TRUE,TRUE,TRUE,FALSE
7,23,0.599290538457855,TRUE,TRUE,TRUE,FALSE
7,24,0.607681160785504,TRUE,TRUE,TRUE,FALSE
7,25,0.600503254382757,TRUE,TRUE,TRUE,FALSE
7,26,0.603626727707109,TRUE,TRUE,TRUE,FALSE
7,27,0.603870924448692,TRUE,TRUE,TRUE,FALSE
7,28,0.594715844226099,TRUE,TRUE,TRUE,FALSE
7,29,0.59494999785773,TRUE,TRUE,TRUE,FALSE
7,30,0.600108432356021,TRUE,TRUE,TRUE,FALSE
7,31,0.596829960639826,TRUE,TRUE,TRUE,FALSE
7,32,0.597457584282422,TRUE,TRUE,TRUE,FALSE
7,33,0.606373569029203,TRUE,TRUE,TRUE,FALSE
7,34,0.600793511102471,TRUE,TRUE,TRUE,FALSE
7,35,0.596075556917127,TRUE,TRUE,TRUE,FALSE
7,36,0.593268479655971,TRUE,TRUE,TRUE,FALSE
7,37,0.603036517518734,TRUE,TRUE,TRUE,FALSE
7,38,0.600827651235105,TRUE,TRUE,TRUE,FALSE
7,39,0.596352011963906,TRUE,TRUE,TRUE,FALSE
7,40,0.597955626605327,TRUE,TRUE,TRUE,FALSE
7,41,0.591866813933103,TRUE,TRUE,TRUE,FALSE
7,42,0.600063478425902,TRUE,TRUE,TRUE,FALSE
7,43,0.594161350345159,TRUE,TRUE,TRUE,FALSE
7,44,0.602255895156353,TRUE,TRUE,TRUE,FALSE
7,45,0.598765133210931,TRUE,TRUE,TRUE,FALSE
7,46,0.597431481999384,TRUE,TRUE,TRUE,FALSE
7,47,0.602111872024978,TRUE,TRUE,TRUE,FALSE
7,48,0.599749001345591,TRUE,TRUE,TRUE,FALSE
7,49,0.595097445082658,TRUE,TRUE,TRUE,FALSE
7,50,0.607934410049987,TRUE,TRUE,TRUE,FALSE
7,51,0.598205479897119,TRUE,TRUE,TRUE,FALSE
7,52,0.601053492742787,TRUE,TRUE,TRUE,FALSE
7,53,0.599255471499234,TRUE,TRUE,TRUE,FALSE
7,54,0.604127363267018,TRUE,TRUE,TRUE,FALSE
7,55,0.607639692192764,TRUE,TRUE,TRUE,FALSE
7,56,0.597336539522238,TRUE,TRUE,TRUE,FALSE
7,57,0.59883003541956,TRUE,TRUE,TRUE,FALSE
7,58,0.599299768451156,TRUE,TRUE,TRUE,FALSE
7,59,0.606447451116105,TRUE,TRUE,TRUE,FALSE
7,60,0.598514068133463,TRUE,TRUE,TRUE,FALSE
7,61,0.597688851871044,TRUE,TRUE,TRUE,FALSE
7,62,0.603358528445014,TRUE,TRUE,TRUE,FALSE
7,63,0.599349894634566,TRUE,TRUE,TRUE,FALSE
7,64,0.597592967520167,TRUE,TRUE,TRUE,FALSE
7,65,0.600410678266362,TRUE,TRUE,TRUE,FALSE
7,66,0.590998011642808,TRUE,TRUE,TRUE,FALSE
7,67,0.603398274526891,TRUE,TRUE,TRUE,FALSE
7,68,0.588863672185006,FALSE,TRUE,TRUE,FALSE
7,69,0.599056020886103,TRUE,TRUE,TRUE,FALSE
7,70,0.598233551841667,TRUE,TRUE,TRUE,FALSE
7,71,0.602570429103235,TRUE,TRUE,TRUE,FALSE
7,72,0.598442489338952,TRUE,TRUE,TRUE,FALSE
7,73,0.592899403629695,TRUE,TRUE,TRUE,FALSE
7,74,0.595583254240409,TRUE,TRUE,TRUE,FALSE
7,75,0.59957122403038,TRUE,TRUE,TRUE,FALSE
7,76,0.612824347505715,FALSE,TRUE,TRUE,FALSE
7,77,0.601006896538574,TRUE,TRUE,TRUE,FALSE
7,78,0.591275582113338,FALSE,TRUE,TRUE,FALSE
7,79,0.607950134878691,TRUE,TRUE,TRUE,FALSE
7,80,0.598811876983974,TRUE,TRUE,TRUE,FALSE
7,81,0.598942101232286,TRUE,TRUE,TRUE,FALSE
7,82,0.598150314082439,TRUE,TRUE,TRUE,FALSE
7,83,0.599236317477957,TRUE,TRUE,TRUE,FALSE
7,84,0.603429505514559,TRUE,TRUE,TRUE,FALSE
7,85,0.588934236924885,FALSE,TRUE,TRUE,FALSE
7,86,0.598959432454601,TRUE,TRUE,TRUE,FALSE
7,87,0.594716127642763,TRUE,TRUE,TRUE,FALSE
7,88,0.600225773405285,TRUE,TRUE,TRUE,FALSE
7,89,0.600261528848121,TRUE,TRUE,TRUE,FALSE
7,90,0.600061799255035,TRUE,TRUE,TRUE,FALSE
7,91,0.604815225275727,TRUE,TRUE,TRUE,FALSE
7,92,0.596493719454247,TRUE,TRUE,TRUE,FALSE
7,93,0.598407184285412,TRUE,TRUE,TRUE,FALSE
7,94,0.596040526369785,TRUE,TRUE,TRUE,FALSE
7,95,0.597142415495095,TRUE,TRUE,TRUE,FALSE
7,96,0.604380353520421,TRUE,TRUE,TRUE,FALSE
7,97,0.60066814789147,TRUE,TRUE,TRUE,FALSE
7,98,0.602414359383014,TRUE,TRUE,TRUE,FALSE
7,99,0.604418428430446,TRUE,TRUE,TRUE,FALSE
7,100,0.599765638651566,TRUE,TRUE,TRUE,FALSE
7,101,0.598948300997222,TRUE,TRUE,TRUE,FALSE
7,102,0.598161323259998,TRUE,TRUE,TRUE,FALSE
7,103,0.599509637050663,TRUE,TRUE,TRUE,FALSE
7,104,0.596362373902261,TRUE,TRUE,TRUE,FALSE
7,105,0.606570844291142,TRUE,TRUE,TRUE,FALSE
7,106,0.606315756478046,TRUE,TRUE,TRUE,FALSE
7,107,0.591645785761409,FALSE,TRUE,TRUE,FALSE
7,108,0.60727059471889,TRUE,TRUE,TRUE,FALSE
7,109,0.595743253667559,TRUE,TRUE,TRUE,FALSE
7,110,0.596768468214383,TRUE,TRUE,TRUE,FALSE
7,111,0.593548577084208,TRUE,TRUE,TRUE,FALSE
7,112,0.597090858021973,TRUE,TRUE,TRUE,FALSE
7,113,0.601352134312132,TRUE,TRUE,TRUE,FALSE
7,114,0.600796680486212,TRUE,TRUE,TRUE,FALSE
7,115,0.597254118079752,TRUE,TRUE,TRUE,FALSE
7,116,0.599705259481351,TRUE,TRUE,TRUE,FALSE
7,117,0.605823590688932,TRUE,TRUE,TRUE,FALSE
7,118,0.602719204654188,TRUE,TRUE,TRUE,FALSE
7,119,0.599718340683369,TRUE,TRUE,TRUE,FALSE
7,120,0.597090696669465,TRUE,TRUE,TRUE,FALSE
7,121,0.608365926096108,TRUE,TRUE,TRUE,FALSE
7,122,0.598914342741271,TRUE,TRUE,TRUE,FALSE
7,123,0.603196696731656,TRUE,TRUE,TRUE,FALSE
7,124,0.593960824499431,TRUE,TRUE,TRUE,FALSE
7,125,0.599410231882297,TRUE,TRUE,TRUE,FALSE
7,126,0.600774695568738,TRUE,TRUE,TRUE,FALSE
7,127,0.601650806707898,TRUE,TRUE,TRUE,FALSE
7,128,0.600683350514581,TRUE,TRUE,TRUE,FALSE
7,129,0.591261756507194,FALSE,TRUE,TRUE,FALSE
7,130,0.598610497550798,TRUE,TRUE,TRUE,FALSE
7,131,0.587647561500739,FALSE,TRUE,TRUE,FALSE
7,132,0.602340884798134,TRUE,TRUE,TRUE,FALSE
7,133,0.597189040037401,TRUE,TRUE,TRUE,FALSE
7,134,0.59833941631834,TRUE,TRUE,TRUE,FALSE
7,135,0.594488141670888,TRUE,TRUE,TRUE,FALSE
7,136,0.604351620037079,TRUE,TRUE,TRUE,FALSE
7,137,0.602861047006739,TRUE,TRUE,TRUE,FALSE
7,138,0.598035535670271,TRUE,TRUE,TRUE,FALSE
7,139,0.593854521301272,TRUE,TRUE,TRUE,FALSE
7,140,0.613706408075144,FALSE,TRUE,TRUE,FALSE
7,141,0.599305583916092,TRUE,TRUE,TRUE,FALSE
7,142,0.600008355048308,TRUE,TRUE,TRUE,FALSE
7,143,0.603233506415779,TRUE,TRUE,TRUE,FALSE
7,144,0.602411209953603,TRUE,TRUE,TRUE,FALSE
7,145,0.597646138727351,TRUE,TRUE,TRUE,FALSE
7,146,0.604493513637222,TRUE,TRUE,TRUE,FALSE
7,147,0.595168571537088,TRUE,TRUE,TRUE,FALSE
7,148,0.604056560839414,TRUE,TRUE,TRUE,FALSE
7,149,0.595745165603121,TRUE,TRUE,TRUE,FALSE
7,150,0.59931544702867,TRUE,TRUE,TRUE,FALSE
7,151,0.603088086259859,TRUE,TRUE,TRUE,FALSE
7,152,0.599016961453719,TRUE,TRUE,TRUE,FALSE
7,153,0.601844247638323,TRUE,TRUE,TRUE,FALSE
7,154,0.605680508558685,TRUE,TRUE,TRUE,FALSE
7,155,0.612524640920422,FALSE,TRUE,TRUE,FALSE
7,156,0.590463936065008,FALSE,TRUE,TRUE,FALSE
7,157,0.595288425297194,TRUE,TRUE,TRUE,FALSE
7,158,0.600210362279329,TRUE,TRUE,TRUE,FALSE
7,159,0.603950571394261,TRUE,TRUE,TRUE,FALSE
7,160,0.595265879424385,TRUE,TRUE,TRUE,FALSE
7,161,0.608885963986155,TRUE,TRUE,TRUE,FALSE
7,162,0.602255761414879,TRUE,TRUE,TRUE,FALSE
7,163,0.595933619939891,TRUE,TRUE,TRUE,FALSE
7,164,0.602311352967202,TRUE,TRUE,TRUE,FALSE
7,165,0.601056398810667,TRUE,TRUE,TRUE,FALSE
7,166,0.600507722181961,TRUE,TRUE,TRUE,FALSE
7,167,0.60136697329157,TRUE,TRUE,TRUE,FALSE
7,168,0.593199498421716,TRUE,TRUE,TRUE,FALSE
7,169,0.608762231803466,TRUE,TRUE,TRUE,FALSE
7,170,0.60356614377488,TRUE,TRUE,TRUE,FALSE
7,171,0.603461456597119,TRUE,TRUE,TRUE,FALSE
7,172,0.596765011729965,TRUE,TRUE,TRUE,FALSE
7,173,0.58797567417404,FALSE,TRUE,TRUE,FALSE
7,174,0.603023072757152,TRUE,TRUE,TRUE,FALSE
7,175,0.599281831347569,TRUE,TRUE,TRUE,FALSE
7,176,0.602188582821436,TRUE,TRUE,TRUE,FALSE
7,177,0.600499329322772,TRUE,TRUE,TRUE,FALSE
7,178,0.594828691466545,TRUE,TRUE,TRUE,FALSE
7,179,0.599921898702974,TRUE,TRUE,TRUE,FALSE
7,180,0.600072908132361,TRUE,TRUE,TRUE,FALSE
7,181,0.611020418379524,FALSE,TRUE,TRUE,FALSE
7,182,0.594832141845042,TRUE,TRUE,TRUE,FALSE
7,183,0.600441787042674,TRUE,TRUE,TRUE,FALSE
7,184,0.592957523472194,TRUE,TRUE,TRUE,FALSE
7,185,0.597638020084866,TRUE,TRUE,TRUE,FALSE
7,186,0.604763677425155,TRUE,TRUE,TRUE,FALSE
7,187,0.600396417240001,TRUE,TRUE,TRUE,FALSE
7,188,0.594935996755286,TRUE,TRUE,TRUE,FALSE
7,189,0.605581417769844,TRUE,TRUE,TRUE,FALSE
7,190,0.592745816186382,TRUE,TRUE,TRUE,FALSE
7,191,0.604142179567977,TRUE,TRUE,TRUE,FALSE
7,192,0.602831171610281,TRUE,TRUE,TRUE,FALSE
7,193,0.610448957671229,FALSE,TRUE,TRUE,FALSE
7,194,0.601700131641151,TRUE,TRUE,TRUE,FALSE
7,195,0.601127275095052,TRUE,TRUE,TRUE,FALSE
7,196,0.598274929413783,TRUE,TRUE,TRUE,FALSE
7,197,0.596875395714125,TRUE,TRUE,TRUE,FALSE
7,198,0.598032555912328,TRUE,TRUE,TRUE,FALSE
7,199,0.608737217268137,FALSE,TRUE,TRUE,FALSE
7,200,0.603951578374046,TRUE,TRUE,TRUE,FALSE
7,201,0.605606324659874,TRUE,TRUE,TRUE,FALSE
7,202,0.60029400071117,TRUE,TRUE,TRUE,FALSE
7,203,0.598107344944477,TRUE,TRUE,TRUE,FALSE
7,204,0.599347383374602,TRUE,TRUE,TRUE,FALSE
7,205,0.606995191011394,TRUE,TRUE,TRUE,FALSE
7,206,0.604003637124447,TRUE,TRUE,TRUE,FALSE
7,207,0.602925337871677,TRUE,TRUE,TRUE,FALSE
7,208,0.598898109397637,TRUE,TRUE,TRUE,FALSE
7,209,0.603248242696468,TRUE,TRUE,TRUE,FALSE
7,210,0.60043594103161,TRUE,TRUE,TRUE,FALSE
7,211,0.602073493146633,TRUE,TRUE,TRUE,FALSE
7,212,0.601177096438198,TRUE,TRUE,TRUE,FALSE
7,213,0.60006947789631,TRUE,TRUE,TRUE,FALSE
7,214,0.606278092580404,TRUE,TRUE,TRUE,FALSE
7,215,0.599599758054481,TRUE,TRUE,TRUE,FALSE
7,216,0.604908725665122,TRUE,TRUE,TRUE,FALSE
7,217,0.604184362446828,TRUE,TRUE,TRUE,FALSE
7,218,0.591677551459696,FALSE,TRUE,TRUE,FALSE
7,219,0.59227185015082,TRUE,TRUE,TRUE,FALSE
7,220,0.608580267478365,TRUE,TRUE,TRUE,FALSE
7,221,0.596880772316843,TRUE,TRUE,TRUE,FALSE
7,222,0.602268471330696,TRUE,TRUE,TRUE,FALSE
7,223,0.594658644399702,TRUE,TRUE,TRUE,FALSE
7,224,0.601639280262815,TRUE,TRUE,TRUE,FALSE
7,225,0.597345018778737,TRUE,TRUE,TRUE,FALSE
7,226,0.602181404691423,TRUE,TRUE,TRUE,FALSE
7,227,0.599873437984652,TRUE,TRUE,TRUE,FALSE
7,228,0.590906620365064,FALSE,TRUE,TRUE,FALSE
7,229,0.592753520358074,TRUE,TRUE,TRUE,FALSE
7,230,0.601993431027207,TRUE,TRUE,TRUE,FALSE
7,231,0.6014906769926,TRUE,TRUE,TRUE,FALSE
7,232,0.594049696446264,TRUE,TRUE,TRUE,FALSE
7,233,0.604032194027695,TRUE,TRUE,TRUE,FALSE
7,234,0.603408614026104,TRUE,TRUE,TRUE,FALSE
7,235,0.600012175981574,TRUE,TRUE,TRUE,FALSE
7,236,0.603559892079229,TRUE,TRUE,TRUE,FALSE
7,237,0.601615365068627,TRUE,TRUE,TRUE,FALSE
7,238,0.60116106135233,TRUE,TRUE,TRUE,FALSE
7,239,0.599054087513562,TRUE,TRUE,TRUE,FALSE
7,240,0.600799720967504,TRUE,TRUE,TRUE,FALSE
7,241,0.596221942529777,TRUE,TRUE,TRUE,FALSE
7,242,0.605489039323532,TRUE,TRUE,TRUE,FALSE
7,243,0.603830050745562,TRUE,TRUE,TRUE,FALSE
7,244,0.598646432500669,TRUE,TRUE,TRUE,FALSE
7,245,0.591408161845719,FALSE,TRUE,TRUE,FALSE
7,246,0.595669597433677,TRUE,TRUE,TRUE,FALSE
7,247,0.592616011190396,TRUE,TRUE,TRUE,FALSE
7,248,0.608321297143007,TRUE,TRUE,TRUE,FALSE
7,249,0.593652890040706,TRUE,TRUE,TRUE,FALSE
7,250,0.598303987164127,TRUE,TRUE,TRUE,FALSE
7,251,0.595265500317096,TRUE,TRUE,TRUE,FALSE
7,252,0.598643170150742,TRUE,TRUE,TRUE,FALSE
7,253,0.601966749439907,TRUE,TRUE,TRUE,FALSE
7,254,0.600657666494511,TRUE,TRUE,TRUE,FALSE
7,255,0.599090413705087,TRUE,TRUE,TRUE,FALSE
7,256,0.600390966532967,TRUE,TRUE,TRUE,FALSE
7,257,0.595463958967781,TRUE,TRUE,TRUE,FALSE
7,258,0.609715139807646,FALSE,TRUE,TRUE,FALSE
7,259,0.597764609807311,TRUE,TRUE,TRUE,FALSE
7,260,0.593824901579686,TRUE,TRUE,TRUE,FALSE
7,261,0.601807830428766,TRUE,TRUE,TRUE,FALSE
7,262,0.599458996701863,TRUE,TRUE,TRUE,FALSE
7,263,0.604740300147028,TRUE,TRUE,TRUE,FALSE
7,264,0.605137198887067,TRUE,TRUE,TRUE,FALSE
7,265,0.597018164987888,TRUE,TRUE,TRUE,FALSE
7,266,0.597340926368991,TRUE,TRUE,TRUE,FALSE
7,267,0.594608281537764,TRUE,TRUE,TRUE,FALSE
7,268,0.597334086854655,TRUE,TRUE,TRUE,FALSE
7,269,0.603462877895119,TRUE,TRUE,TRUE,FALSE
7,270,0.601361738091497,TRUE,TRUE,TRUE,FALSE
7,271,0.599904464895065,TRUE,TRUE,TRUE,FALSE
7,272,0.599100173123465,TRUE,TRUE,TRUE,FALSE
7,273,0.600529692203956,TRUE,TRUE,TRUE,FALSE
7,274,0.596969517947533,TRUE,TRUE,TRUE,FALSE
7,275,0.59794567514277,TRUE,TRUE,TRUE,FALSE
7,276,0.59632241422996,TRUE,TRUE,TRUE,FALSE
7,277,0.600511243659374,TRUE,TRUE,TRUE,FALSE
7,278,0.601582257066796,TRUE,TRUE,TRUE,FALSE
7,279,0.600916155216529,TRUE,TRUE,TRUE,FALSE
7,280,0.601486435456211,TRUE,TRUE,TRUE,FALSE
7,281,0.596220919946277,TRUE,TRUE,TRUE,FALSE
7,282,0.600846443302879,TRUE,TRUE,TRUE,FALSE
7,283,0.603809491035095,TRUE,TRUE,TRUE,FALSE
7,284,0.597816477876751,TRUE,TRUE,TRUE,FALSE
7,285,0.603196312132156,TRUE,TRUE,TRUE,FALSE
7,286,0.595220480065013,TRUE,TRUE,TRUE,FALSE
7,287,0.601702957525643,TRUE,TRUE,TRUE,FALSE
7,288,0.597193780998669,TRUE,TRUE,TRUE,FALSE
7,289,0.595594553341482,TRUE,TRUE,TRUE,FALSE
7,290,0.603805027416917,TRUE,TRUE,TRUE,FALSE
7,291,0.599404279761175,TRUE,TRUE,TRUE,FALSE
7,292,0.601231657407016,TRUE,TRUE,TRUE,FALSE
7,293,0.600530436310751,TRUE,TRUE,TRUE,FALSE
7,294,0.598840132789833,TRUE,TRUE,TRUE,FALSE
7,295,0.59801690756391,TRUE,TRUE,TRUE,FALSE
7,296,0.600703126771203,TRUE,TRUE,TRUE,FALSE
7,297,0.601344700934371,TRUE,TRUE,TRUE,FALSE
7,298,0.600169694387844,TRUE,TRUE,TRUE,FALSE
7,299,0.593820360186898,TRUE,TRUE,TRUE,FALSE
7,300,0.606072074649971,TRUE,TRUE,TRUE,FALSE
7,301,0.604157601198849,TRUE,TRUE,TRUE,FALSE
7,302,0.597981206960935,TRUE,TRUE,TRUE,FALSE
7,303,0.606521212419287,TRUE,TRUE,TRUE,FALSE
7,304,0.599998691328792,TRUE,TRUE,TRUE,FALSE
7,305,0.596943360184804,TRUE,TRUE,TRUE,FALSE
7,306,0.600553262997779,TRUE,TRUE,TRUE,FALSE
7,307,0.604943607562355,TRUE,TRUE,TRUE,FALSE
7,308,0.597500225860691,TRUE,TRUE,TRUE,FALSE
7,309,0.597634521611672,TRUE,TRUE,TRUE,FALSE
7,310,0.609485775911995,FALSE,TRUE,TRUE,FALSE
7,311,0.601333217557334,TRUE,TRUE,TRUE,FALSE
7,312,0.592414621131102,FALSE,TRUE,TRUE,FALSE
7,313,0.604864455058271,TRUE,TRUE,TRUE,FALSE
7,314,0.600619375366833,TRUE,TRUE,TRUE,FALSE
7,315,0.599513324568216,TRUE,TRUE,TRUE,FALSE
7,316,0.606669462544876,TRUE,TRUE,TRUE,FALSE
7,317,0.60259680610603,TRUE,TRUE,TRUE,FALSE
7,318,0.598395827736926,TRUE,TRUE,TRUE,FALSE
7,319,0.599978913771961,TRUE,TRUE,TRUE,FALSE
7,320,0.596651904168406,TRUE,TRUE,TRUE,FALSE
7,321,0.599255966161193,TRUE,TRUE,TRUE,FALSE
7,322,0.599395159882775,TRUE,TRUE,TRUE,FALSE
7,323,0.601911252804889,TRUE,TRUE,TRUE,FALSE
7,324,0.604315413609684,TRUE,TRUE,TRUE,FALSE
7,325,0.598369888879097,TRUE,TRUE,TRUE,FALSE
7,326,0.595128425412686,TRUE,TRUE,TRUE,FALSE
7,327,0.605585514912226,TRUE,TRUE,TRUE,FALSE
7,328,0.599256184668778,TRUE,TRUE,TRUE,FALSE
7,329,0.601387089567024,TRUE,TRUE,TRUE,FALSE
7,330,0.594646416020319,TRUE,TRUE,TRUE,FALSE
7,331,0.592856865697321,TRUE,TRUE,TRUE,FALSE
7,332,0.603100068420443,TRUE,TRUE,TRUE,FALSE
7,333,0.599016332446288,TRUE,TRUE,TRUE,FALSE
7,334,0.605082000389378,TRUE,TRUE,TRUE,FALSE
7,335,0.602102800580705,TRUE,TRUE,TRUE,FALSE
7,336,0.593780109746381,TRUE,TRUE,TRUE,FALSE
7,337,0.605526306019744,TRUE,TRUE,TRUE,FALSE
7,338,0.598072746593855,TRUE,TRUE,TRUE,FALSE
7,339,0.593599702857912,TRUE,TRUE,TRUE,FALSE
7,340,0.601533236761703,TRUE,TRUE,TRUE,FALSE
7,341,0.596321531579149,TRUE,TRUE,TRUE,FALSE
7,342,0.598745326339019,TRUE,TRUE,TRUE,FALSE
7,343,0.603107707705941,TRUE,TRUE,TRUE,FALSE
7,344,0.602670458254449,TRUE,TRUE,TRUE,FALSE
7,345,0.602483945950223,TRUE,TRUE,TRUE,FALSE
7,346,0.603313969734986,TRUE,TRUE,TRUE,FALSE
7,347,0.598557912197909,TRUE,TRUE,TRUE,FALSE
7,348,0.603509327491073,TRUE,TRUE,TRUE,FALSE
7,349,0.594806360166664,TRUE,TRUE,TRUE,FALSE
7,350,0.590431776386751,TRUE,TRUE,TRUE,FALSE
7,351,0.599260582847251,TRUE,TRUE,TRUE,FALSE
7,352,0.603579766410665,TRUE,TRUE,TRUE,FALSE
7,353,0.605461914157505,TRUE,TRUE,TRUE,FALSE
7,354,0.604091085478431,TRUE,TRUE,TRUE,FALSE
7,355,0.601842114433382,TRUE,TRUE,TRUE,FALSE
7,356,0.60202566457298,TRUE,TRUE,TRUE,FALSE
7,357,0.595396711750249,TRUE,TRUE,TRUE,FALSE
7,358,0.59944718477287,TRUE,TRUE,TRUE,FALSE
7,359,0.599617273137479,TRUE,TRUE,TRUE,FALSE
7,360,0.607266717193078,TRUE,TRUE,TRUE,FALSE
7,361,0.600954249889115,TRUE,TRUE,TRUE,FALSE
7,362,0.599433333617075,TRUE,TRUE,TRUE,FALSE
7,363,0.592350118756171,TRUE,TRUE,TRUE,FALSE
7,364,0.597887582258439,TRUE,TRUE,TRUE,FALSE
7,365,0.60550882940253,TRUE,TRUE,TRUE,FALSE
7,366,0.600555619491021,TRUE,TRUE,TRUE,FALSE
7,367,0.607015794357844,TRUE,TRUE,TRUE,FALSE
7,368,0.59918910290102,TRUE,TRUE,TRUE,FALSE
7,369,0.596325079091063,TRUE,TRUE,TRUE,FALSE
7,370,0.595819921544145,TRUE,TRUE,TRUE,FALSE
7,371,0.59937018249438,TRUE,TRUE,TRUE,FALSE
7,372,0.599136880937506,TRUE,TRUE,TRUE,FALSE
7,373,0.601510400182298,TRUE,TRUE,TRUE,FALSE
7,374,0.591254803163388,FALSE,TRUE,TRUE,FALSE
7,375,0.606222676261731,TRUE,TRUE,TRUE,FALSE
7,376,0.607186779139528,TRUE,TRUE,TRUE,FALSE
7,377,0.596793103336499,TRUE,TRUE,TRUE,FALSE
7,378,0.603937522594921,TRUE,TRUE,TRUE,FALSE
7,379,0.597705490786686,TRUE,TRUE,TRUE,FALSE
7,380,0.600613561230721,TRUE,TRUE,TRUE,FALSE
7,381,0.599096029332183,TRUE,TRUE,TRUE,FALSE
7,382,0.595794343460094,TRUE,TRUE,TRUE,FALSE
7,383,0.599604543216473,TRUE,TRUE,TRUE,FALSE
7,384,0.604851542607863,TRUE,TRUE,TRUE,FALSE
7,385,0.605494330806641,TRUE,TRUE,TRUE,FALSE
7,386,0.6009051363348,TRUE,TRUE,TRUE,FALSE
7,387,0.594858320829676,TRUE,TRUE,TRUE,FALSE
7,388,0.592543452591048,FALSE,TRUE,TRUE,FALSE
7,389,0.601301588739121,TRUE,TRUE,TRUE,FALSE
7,390,0.60519663449087,TRUE,TRUE,TRUE,FALSE
7,391,0.599493345584899,TRUE,TRUE,TRUE,FALSE
7,392,0.595277585941304,TRUE,TRUE,TRUE,FALSE
7,393,0.596855666174906,TRUE,TRUE,TRUE,FALSE
7,394,0.599480776851975,TRUE,TRUE,TRUE,FALSE
7,395,0.599173278493173,TRUE,TRUE,TRUE,FALSE
7,396,0.603411333226842,TRUE,TRUE,TRUE,FALSE
7,397,0.602583376660119,TRUE,TRUE,TRUE,FALSE
7,398,0.598064328504318,TRUE,TRUE,TRUE,FALSE
7,399,0.596314490879747,TRUE,TRUE,TRUE,FALSE
7,400,0.592442675303911,TRUE,TRUE,TRUE,FALSE
7,401,0.59857358485151,TRUE,TRUE,TRUE,FALSE
7,402,0.590664828357363,TRUE,TRUE,TRUE,FALSE
7,403,0.599997139025672,TRUE,TRUE,TRUE,FALSE
7,404,0.594212351248565,TRUE,TRUE,TRUE,FALSE
7,405,0.599200838219692,TRUE,TRUE,TRUE,FALSE
7,406,0.597833261092197,TRUE,TRUE,TRUE,FALSE
7,407,0.609889509380847,FALSE,TRUE,TRUE,FALSE
7,408,0.595719086017006,TRUE,TRUE,TRUE,FALSE
7,409,0.595236805247097,TRUE,TRUE,TRUE,FALSE
7,410,0.593544857436316,TRUE,TRUE,TRUE,FALSE
7,411,0.603291805077144,TRUE,TRUE,TRUE,FALSE
7,412,0.601206207756363,TRUE,TRUE,TRUE,FALSE
7,413,0.599774373641977,TRUE,TRUE,TRUE,FALSE
7,414,0.594995931136795,TRUE,TRUE,TRUE,FALSE
7,415,0.596241647588706,TRUE,TRUE,TRUE,FALSE
7,416,0.60033948012318,TRUE,TRUE,TRUE,FALSE
7,417,0.594484428065101,TRUE,TRUE,TRUE,FALSE
7,418,0.605088225828997,TRUE,TRUE,TRUE,FALSE
7,419,0.599558674180054,TRUE,TRUE,TRUE,FALSE
7,420,0.599701557328771,TRUE,TRUE,TRUE,FALSE
7,421,0.603866459053827,TRUE,TRUE,TRUE,FALSE
7,422,0.603512871545347,TRUE,TRUE,TRUE,FALSE
7,423,0.601375316426944,TRUE,TRUE,TRUE,FALSE
7,424,0.600714274424485,TRUE,TRUE,TRUE,FALSE
7,425,0.602269469553846,TRUE,TRUE,TRUE,FALSE
7,426,0.594893464076765,TRUE,TRUE,TRUE,FALSE
7,427,0.595898783529306,TRUE,TRUE,TRUE,FALSE
7,428,0.602997068507631,TRUE,TRUE,TRUE,FALSE
7,429,0.594349942659663,TRUE,TRUE,TRUE,FALSE
7,430,0.599523701664117,TRUE,TRUE,TRUE,FALSE
7,431,0.605340348442448,TRUE,TRUE,TRUE,FALSE
7,432,0.599915137360205,TRUE,TRUE,TRUE,FALSE
7,433,0.598639892062007,TRUE,TRUE,TRUE,FALSE
7,434,0.610709338471562,FALSE,TRUE,TRUE,FALSE
7,435,0.607025146658625,TRUE,TRUE,TRUE,FALSE
7,436,0.606895339621745,TRUE,TRUE,TRUE,FALSE
7,437,0.600803425537716,TRUE,TRUE,TRUE,FALSE
7,438,0.591907431240995,TRUE,TRUE,TRUE,FALSE
7,439,0.601323107308822,TRUE,TRUE,TRUE,FALSE
7,440,0.607916028787144,TRUE,TRUE,TRUE,FALSE
7,441,0.597860871560494,TRUE,TRUE,TRUE,FALSE
7,442,0.602742496567425,TRUE,TRUE,TRUE,FALSE
7,443,0.605771413491237,TRUE,TRUE,TRUE,FALSE
7,444,0.6026923576052,TRUE,TRUE,TRUE,FALSE
7,445,0.592512364970898,TRUE,TRUE,TRUE,FALSE
7,446,0.598219625675902,TRUE,TRUE,TRUE,FALSE
7,447,0.602547193860176,TRUE,TRUE,TRUE,FALSE
7,448,0.595265083325695,TRUE,TRUE,TRUE,FALSE
7,449,0.602831995112033,TRUE,TRUE,TRUE,FALSE
7,450,0.596395565319162,TRUE,TRUE,TRUE,FALSE
7,451,0.597653703580676,TRUE,TRUE,TRUE,FALSE
7,452,0.60066327487494,TRUE,TRUE,TRUE,FALSE
7,453,0.603164691329934,TRUE,TRUE,TRUE,FALSE
7,454,0.605622972401248,TRUE,TRUE,TRUE,FALSE
7,455,0.593898385833396,TRUE,TRUE,TRUE,FALSE
7,456,0.603813295746224,TRUE,TRUE,TRUE,FALSE
7,457,0.600924375098247,TRUE,TRUE,TRUE,FALSE
7,458,0.59716931324055,TRUE,TRUE,TRUE,FALSE
7,459,0.59888353735572,TRUE,TRUE,TRUE,FALSE
7,460,0.602721661773786,TRUE,TRUE,TRUE,FALSE
7,461,0.594196731546353,TRUE,TRUE,TRUE,FALSE
7,462,0.601140617786826,TRUE,TRUE,TRUE,FALSE
7,463,0.592401362145206,TRUE,TRUE,TRUE,FALSE
7,464,0.5961951907674,TRUE,TRUE,TRUE,FALSE
7,465,0.606267557335895,TRUE,TRUE,TRUE,FALSE
7,466,0.595493214188728,TRUE,TRUE,TRUE,FALSE
7,467,0.598920889023887,TRUE,TRUE,TRUE,FALSE
7,468,0.59709286934963,TRUE,TRUE,TRUE,FALSE
7,469,0.600621920834225,TRUE,TRUE,TRUE,FALSE
7,470,0.603711957794144,TRUE,TRUE,TRUE,FALSE
7,471,0.603936900669774,TRUE,TRUE,TRUE,FALSE
7,472,0.596811796338734,TRUE,TRUE,TRUE,FALSE
7,473,0.597283276858181,TRUE,TRUE,TRUE,FALSE
7,474,0.595017050941661,TRUE,TRUE,TRUE,FALSE
7,475,0.598425190728889,TRUE,TRUE,TRUE,FALSE
7,476,0.602913109652246,TRUE,TRUE,TRUE,FALSE
7,477,0.601261255442396,TRUE,TRUE,TRUE,FALSE
7,478,0.599657953096161,TRUE,TRUE,TRUE,FALSE
7,479,0.602741118297,TRUE,TRUE,TRUE,FALSE
7,480,0.601125063327125,TRUE,TRUE,TRUE,FALSE
7,481,0.59330088482059,TRUE,TRUE,TRUE,FALSE
7,482,0.602549590470763,TRUE,TRUE,TRUE,FALSE
7,483,0.596940585359705,TRUE,TRUE,TRUE,FALSE
7,484,0.60401044847683,TRUE,TRUE,TRUE,FALSE
7,485,0.591168487963768,FALSE,TRUE,TRUE,FALSE
7,486,0.601833164151701,TRUE,TRUE,TRUE,FALSE
7,487,0.591794560115999,FALSE,TRUE,TRUE,FALSE
7,488,0.603435529019415,TRUE,TRUE,TRUE,FALSE
7,489,0.596681131354924,TRUE,TRUE,TRUE,FALSE
7,490,0.609732350448942,FALSE,TRUE,TRUE,FALSE
7,491,0.606561214491378,FALSE,TRUE,TRUE,FALSE
7,492,0.602358369541461,TRUE,TRUE,TRUE,FALSE
7,493,0.602650853095866,TRUE,TRUE,TRUE,FALSE
7,494,0.603589830583108,TRUE,TRUE,TRUE,FALSE
7,495,0.595503600027363,TRUE,TRUE,TRUE,FALSE
7,496,0.599241268507758,TRUE,TRUE,TRUE,FALSE
7,497,0.60336352997565,TRUE,TRUE,TRUE,FALSE
7,498,0.599236004024103,TRUE,TRUE,TRUE,FALSE
7,499,0.60139875560707,TRUE,TRUE,TRUE,FALSE
7,500,0.603753440631844,TRUE,TRUE,TRUE,FALSE
7,501,0.590997670456412,TRUE,TRUE,TRUE,FALSE
7,502,0.591962293088295,TRUE,TRUE,TRUE,FALSE
7,503,0.598482552445184,TRUE,TRUE,TRUE,FALSE
7,504,0.59727415330872,TRUE,TRUE,TRUE,FALSE
7,505,0.596956747776798,TRUE,TRUE,TRUE,FALSE
7,506,0.592609762199841,TRUE,TRUE,TRUE,FALSE
7,507,0.596821746744387,TRUE,TRUE,TRUE,FALSE
7,508,0.595185282330503,TRUE,TRUE,TRUE,FALSE
7,509,0.5969960020123,TRUE,TRUE,TRUE,FALSE
7,510,0.600643971700327,TRUE,TRUE,TRUE,FALSE
7,511,0.602854225044465,TRUE,TRUE,TRUE,FALSE
7,512,0.605479171905141,TRUE,TRUE,TRUE,FALSE
7,513,0.597145156424008,TRUE,TRUE,TRUE,FALSE
7,514,0.593271523137678,TRUE,TRUE,TRUE,FALSE
7,515,0.606079520751331,TRUE,TRUE,TRUE,FALSE
7,516,0.593076942546888,TRUE,TRUE,TRUE,FALSE
7,517,0.600064309236712,TRUE,TRUE,TRUE,FALSE
7,518,0.60076045195583,TRUE,TRUE,TRUE,FALSE
7,519,0.6009492520613,TRUE,TRUE,TRUE,FALSE
7,520,0.604678519676593,TRUE,TRUE,TRUE,FALSE
7,521,0.592151886263977,TRUE,TRUE,TRUE,FALSE
7,522,0.593352227168528,TRUE,TRUE,TRUE,FALSE
7,523,0.599127939629719,TRUE,TRUE,TRUE,FALSE
7,524,0.6018579603193,TRUE,TRUE,TRUE,FALSE
7,525,0.60462276087057,TRUE,TRUE,TRUE,FALSE
7,526,0.605397620486892,TRUE,TRUE,TRUE,FALSE
7,527,0.597366910068371,TRUE,TRUE,TRUE,FALSE
7,528,0.601058757417246,TRUE,TRUE,TRUE,FALSE
7,529,0.598878071483466,TRUE,TRUE,TRUE,FALSE
7,530,0.60197601550703,TRUE,TRUE,TRUE,FALSE
7,531,0.603814805311501,TRUE,TRUE,TRUE,FALSE
7,532,0.598850432874006,TRUE,TRUE,TRUE,FALSE
7,533,0.598664378786209,TRUE,TRUE,TRUE,FALSE
7,534,0.605586914626315,TRUE,TRUE,TRUE,FALSE
7,535,0.595153456291283,TRUE,TRUE,TRUE,FALSE
7,536,0.601113247488298,TRUE,TRUE,TRUE,FALSE
7,537,0.599278203644135,TRUE,TRUE,TRUE,FALSE
7,538,0.598580609586043,TRUE,TRUE,TRUE,FALSE
7,539,0.599237443252984,TRUE,TRUE,TRUE,FALSE
7,540,0.598711174272194,TRUE,TRUE,TRUE,FALSE
7,541,0.606945346221317,TRUE,TRUE,TRUE,FALSE
7,542,0.6070642005346,TRUE,TRUE,TRUE,FALSE
7,543,0.601946533174856,TRUE,TRUE,TRUE,FALSE
7,544,0.599708711701317,TRUE,TRUE,TRUE,FALSE
7,545,0.599048717627506,TRUE,TRUE,TRUE,FALSE
7,546,0.596561467180707,TRUE,TRUE,TRUE,FALSE
7,547,0.594493761156999,TRUE,TRUE,TRUE,FALSE
7,548,0.611653265333839,FALSE,TRUE,TRUE,FALSE
7,549,0.596126866599991,TRUE,TRUE,TRUE,FALSE
7,550,0.606278219594975,TRUE,TRUE,TRUE,FALSE
7,551,0.593576977935881,TRUE,TRUE,TRUE,FALSE
7,552,0.600594793061245,TRUE,TRUE,TRUE,FALSE
7,553,0.616371721130246,FALSE,TRUE,TRUE,FALSE
7,554,0.603543494437995,TRUE,TRUE,TRUE,FALSE
7,555,0.596849960063015,TRUE,TRUE,TRUE,FALSE
7,556,0.599344950762508,TRUE,TRUE,TRUE,FALSE
7,557,0.601128297203209,TRUE,TRUE,TRUE,FALSE
7,558,0.598017673335172,TRUE,TRUE,TRUE,FALSE
7,559,0.594223449897343,TRUE,TRUE,TRUE,FALSE
7,560,0.602634391259503,TRUE,TRUE,TRUE,FALSE
7,561,0.600208701064819,TRUE,TRUE,TRUE,FALSE
7,562,0.59881027051827,TRUE,TRUE,TRUE,FALSE
7,563,0.608146480512844,TRUE,TRUE,TRUE,FALSE
7,564,0.605347504545414,TRUE,TRUE,TRUE,FALSE
7,565,0.603007305584157,TRUE,TRUE,TRUE,FALSE
7,566,0.597436979505178,TRUE,TRUE,TRUE,FALSE
7,567,0.601397623328062,TRUE,TRUE,TRUE,FALSE
7,568,0.597893730419198,TRUE,TRUE,TRUE,FALSE
7,569,0.597821341306804,TRUE,TRUE,TRUE,FALSE
7,570,0.591165359013467,TRUE,TRUE,TRUE,FALSE
7,571,0.601190177813348,TRUE,TRUE,TRUE,FALSE
7,572,0.60637531369012,TRUE,TRUE,TRUE,FALSE
7,573,0.605080519852307,TRUE,TRUE,TRUE,FALSE
7,574,0.604128004033588,TRUE,TRUE,TRUE,FALSE
7,575,0.592122256168791,TRUE,TRUE,TRUE,FALSE
7,576,0.603975881248123,TRUE,TRUE,TRUE,FALSE
7,577,0.602608227764205,TRUE,TRUE,TRUE,FALSE
7,578,0.595945583252923,TRUE,TRUE,TRUE,FALSE
7,579,0.595860820828321,TRUE,TRUE,TRUE,FALSE
7,580,0.592278380344854,TRUE,TRUE,TRUE,FALSE
7,581,0.597851626506258,TRUE,TRUE,TRUE,FALSE
7,582,0.598524145071385,TRUE,TRUE,TRUE,FALSE
7,583,0.606326920976472,TRUE,TRUE,TRUE,FALSE
7,584,0.606272328393228,TRUE,TRUE,TRUE,FALSE
7,585,0.598895882244338,TRUE,TRUE,TRUE,FALSE
7,586,0.602111568370128,TRUE,TRUE,TRUE,FALSE
7,587,0.601576200208323,TRUE,TRUE,TRUE,FALSE
7,588,0.594587244954361,TRUE,TRUE,TRUE,FALSE
7,589,0.597010896336379,TRUE,TRUE,TRUE,FALSE
7,590,0.600185775406426,TRUE,TRUE,TRUE,FALSE
7,591,0.595873436085541,TRUE,TRUE,TRUE,FALSE
7,592,0.598437883828604,TRUE,TRUE,TRUE,FALSE
7,593,0.593331027253594,TRUE,TRUE,TRUE,FALSE
7,594,0.595381274266863,TRUE,TRUE,TRUE,FALSE
7,595,0.60151737500596,TRUE,TRUE,TRUE,FALSE
7,596,0.600857805176898,TRUE,TRUE,TRUE,FALSE
7,597,0.593746203005312,TRUE,TRUE,TRUE,FALSE
7,598,0.601464220746587,TRUE,TRUE,TRUE,FALSE
7,599,0.603712486660955,TRUE,TRUE,TRUE,FALSE
7,600,0.597455646053303,TRUE,TRUE,TRUE,FALSE
7,601,0.592738677993277,TRUE,TRUE,TRUE,FALSE
7,602,0.600267462228795,TRUE,TRUE,TRUE,FALSE
7,603,0.606679357596253,TRUE,TRUE,TRUE,FALSE
7,604,0.603031489987474,TRUE,TRUE,TRUE,FALSE
7,605,0.607319164466328,TRUE,TRUE,TRUE,FALSE
7,606,0.598059980513583,TRUE,TRUE,TRUE,FALSE
7,607,0.600324627796605,TRUE,TRUE,TRUE,FALSE
7,608,0.600990725630541,TRUE,TRUE,TRUE,FALSE
7,609,0.600431638331013,TRUE,TRUE,TRUE,FALSE
7,610,0.599760079437801,TRUE,TRUE,TRUE,FALSE
7,611,0.601262871084202,TRUE,TRUE,TRUE,FALSE
7,612,0.597716490246317,TRUE,TRUE,TRUE,FALSE
7,613,0.606023119612621,TRUE,TRUE,TRUE,FALSE
7,614,0.608671186075762,TRUE,TRUE,TRUE,FALSE
7,615,0.59993041044859,TRUE,TRUE,TRUE,FALSE
7,616,0.603695662111392,TRUE,TRUE,TRUE,FALSE
7,617,0.592475291169619,TRUE,TRUE,TRUE,FALSE
7,618,0.597030044407464,TRUE,TRUE,TRUE,FALSE
7,619,0.599291265521665,TRUE,TRUE,TRUE,FALSE
7,620,0.600038133355016,TRUE,TRUE,TRUE,FALSE
7,621,0.601094091721605,TRUE,TRUE,TRUE,FALSE
7,622,0.601896315043118,TRUE,TRUE,TRUE,FALSE
7,623,0.598790505688165,TRUE,TRUE,TRUE,FALSE
7,624,0.597088094053632,TRUE,TRUE,TRUE,FALSE
7,625,0.601750171710021,TRUE,TRUE,TRUE,FALSE
7,626,0.603700552494755,TRUE,TRUE,TRUE,FALSE
7,627,0.59236074382508,TRUE,TRUE,TRUE,FALSE
7,628,0.597971350129333,TRUE,TRUE,TRUE,FALSE
7,629,0.607245733820252,TRUE,TRUE,TRUE,FALSE
7,630,0.597434398211508,TRUE,TRUE,TRUE,FALSE
7,631,0.592469936237527,TRUE,TRUE,TRUE,FALSE
7,632,0.598527916308318,TRUE,TRUE,TRUE,FALSE
7,633,0.601647006555929,TRUE,TRUE,TRUE,FALSE
7,634,0.595855131177252,TRUE,TRUE,TRUE,FALSE
7,635,0.600460407904993,TRUE,TRUE,TRUE,FALSE
7,636,0.597052527062923,TRUE,TRUE,TRUE,FALSE
7,637,0.602293774422586,TRUE,TRUE,TRUE,FALSE
7,638,0.607609143699755,TRUE,TRUE,TRUE,FALSE
7,639,0.594786543129831,TRUE,TRUE,TRUE,FALSE
7,640,0.602301152311136,TRUE,TRUE,TRUE,FALSE
7,641,0.595071653343884,TRUE,TRUE,TRUE,FALSE
7,642,0.596303531317177,TRUE,TRUE,TRUE,FALSE
7,643,0.606635402083972,TRUE,TRUE,TRUE,FALSE
7,644,0.600327471641687,TRUE,TRUE,TRUE,FALSE
7,645,0.608901735925545,FALSE,TRUE,TRUE,FALSE
7,646,0.597177898501084,TRUE,TRUE,TRUE,FALSE
7,647,0.601374865603639,TRUE,TRUE,TRUE,FALSE
7,648,0.592473929785205,TRUE,TRUE,TRUE,FALSE
7,649,0.592189535372989,TRUE,TRUE,TRUE,FALSE
7,650,0.599402731569579,TRUE,TRUE,TRUE,FALSE
7,651,0.597693297734589,TRUE,TRUE,TRUE,FALSE
7,652,0.597713246692656,TRUE,TRUE,TRUE,FALSE
7,653,0.600080075608581,TRUE,TRUE,TRUE,FALSE
7,654,0.608958657741674,FALSE,TRUE,TRUE,FALSE
7,655,0.596908351981771,TRUE,TRUE,TRUE,FALSE
7,656,0.605371768455591,TRUE,TRUE,TRUE,FALSE
7,657,0.598300255655975,TRUE,TRUE,TRUE,FALSE
7,658,0.60084547328248,TRUE,TRUE,TRUE,FALSE
7,659,0.60327807473386,TRUE,TRUE,TRUE,FALSE
7,660,0.600299157857901,TRUE,TRUE,TRUE,FALSE
7,661,0.595741918335115,TRUE,TRUE,TRUE,FALSE
7,662,0.597954590572287,TRUE,TRUE,TRUE,FALSE
7,663,0.605379682694941,TRUE,TRUE,TRUE,FALSE
7,664,0.605833947751239,TRUE,TRUE,TRUE,FALSE
7,665,0.601372536121813,TRUE,TRUE,TRUE,FALSE
7,666,0.598518792965445,TRUE,TRUE,TRUE,FALSE
7,667,0.601204978287193,TRUE,TRUE,TRUE,FALSE
7,668,0.603501308602426,TRUE,TRUE,TRUE,FALSE
7,669,0.59395564743088,TRUE,TRUE,TRUE,FALSE
7,670,0.601636461584128,TRUE,TRUE,TRUE,FALSE
7,671,0.595868335460656,TRUE,TRUE,TRUE,FALSE
7,672,0.60777812443663,FALSE,TRUE,TRUE,FALSE
7,673,0.599132627155013,TRUE,TRUE,TRUE,FALSE
7,674,0.604380580959332,TRUE,TRUE,TRUE,FALSE
7,675,0.603109423902392,TRUE,TRUE,TRUE,FALSE
7,676,0.596957658911557,TRUE,TRUE,TRUE,FALSE
7,677,0.601728156920085,TRUE,TRUE,TRUE,FALSE
7,678,0.601525638979621,TRUE,TRUE,TRUE,FALSE
7,679,0.596447917541756,TRUE,TRUE,TRUE,FALSE
7,680,0.600641616628687,TRUE,TRUE,TRUE,FALSE
7,681,0.596914183465914,TRUE,TRUE,TRUE,FALSE
7,682,0.59915371370072,TRUE,TRUE,TRUE,FALSE
7,683,0.598702740187416,TRUE,TRUE,TRUE,FALSE
7,684,0.604098820504481,TRUE,TRUE,TRUE,FALSE
7,685,0.599935478628777,TRUE,TRUE,TRUE,FALSE
7,686,0.601745387107353,TRUE,TRUE,TRUE,FALSE
7,687,0.59580222019497,TRUE,TRUE,TRUE,FALSE
7,688,0.595986435004585,TRUE,TRUE,TRUE,FALSE
7,689,0.600043510764677,TRUE,TRUE,TRUE,FALSE
7,690,0.598049010089816,TRUE,TRUE,TRUE,FALSE
7,691,0.596719889366296,TRUE,TRUE,TRUE,FALSE
7,692,0.601640408981737,TRUE,TRUE,TRUE,FALSE
7,693,0.599406532414948,TRUE,TRUE,TRUE,FALSE
7,694,0.594654442936308,TRUE,TRUE,TRUE,FALSE
7,695,0.598763874385835,TRUE,TRUE,TRUE,FALSE
7,696,0.591548370188575,TRUE,TRUE,TRUE,FALSE
7,697,0.601563264870278,TRUE,TRUE,TRUE,FALSE
7,698,0.601910302738926,TRUE,TRUE,TRUE,FALSE
7,699,0.601880385460409,TRUE,TRUE,TRUE,FALSE
7,700,0.589728297653119,FALSE,TRUE,TRUE,FALSE
7,701,0.599988508444092,TRUE,TRUE,TRUE,FALSE
7,702,0.596196819037037,TRUE,TRUE,TRUE,FALSE
7,703,0.604680014327109,TRUE,TRUE,TRUE,FALSE
7,704,0.600004617669119,TRUE,TRUE,TRUE,FALSE
7,705,0.607469324851142,TRUE,TRUE,TRUE,FALSE
7,706,0.593814524780768,TRUE,TRUE,TRUE,FALSE
7,707,0.598187207036436,TRUE,TRUE,TRUE,FALSE
7,708,0.601826689704707,TRUE,TRUE,TRUE,FALSE
7,709,0.602449842323591,TRUE,TRUE,TRUE,FALSE
7,710,0.604167054698178,TRUE,TRUE,TRUE,FALSE
7,711,0.607202210291849,TRUE,TRUE,TRUE,FALSE
7,712,0.607951463076972,TRUE,TRUE,TRUE,FALSE
7,713,0.596438016567546,TRUE,TRUE,TRUE,FALSE
7,714,0.602006379942518,TRUE,TRUE,TRUE,FALSE
7,715,0.606308730797783,TRUE,TRUE,TRUE,FALSE
7,716,0.60008662358278,TRUE,TRUE,TRUE,FALSE
7,717,0.600204962405576,TRUE,TRUE,TRUE,FALSE
7,718,0.598650428673705,TRUE,TRUE,TRUE,FALSE
7,719,0.610071845316619,FALSE,TRUE,TRUE,FALSE
7,720,0.596995278072334,TRUE,TRUE,TRUE,FALSE
7,721,0.598209567784257,TRUE,TRUE,TRUE,FALSE
7,722,0.598034472684089,TRUE,TRUE,TRUE,FALSE
7,723,0.601732124840685,TRUE,TRUE,TRUE,FALSE
7,724,0.606572898397671,TRUE,TRUE,TRUE,FALSE
7,725,0.604478954800171,TRUE,TRUE,TRUE,FALSE
7,726,0.601872823173714,TRUE,TRUE,TRUE,FALSE
7,727,0.606890983775284,TRUE,TRUE,TRUE,FALSE
7,728,0.591658141955021,TRUE,TRUE,TRUE,FALSE
7,729,0.601745980822943,TRUE,TRUE,TRUE,FALSE
7,730,0.60567984489919,TRUE,TRUE,TRUE,FALSE
7,731,0.597370295866172,TRUE,TRUE,TRUE,FALSE
7,732,0.596468974826001,TRUE,TRUE,TRUE,FALSE
7,733,0.599753946020021,TRUE,TRUE,TRUE,FALSE
7,734,0.596429384475558,TRUE,TRUE,TRUE,FALSE
7,735,0.605776007656163,TRUE,TRUE,TRUE,FALSE
7,736,0.596068608699403,TRUE,TRUE,TRUE,FALSE
7,737,0.600980864813622,TRUE,TRUE,TRUE,FALSE
7,738,0.607216526687729,TRUE,TRUE,TRUE,FALSE
7,739,0.599349260718944,TRUE,TRUE,TRUE,FALSE
7,740,0.595511440264208,TRUE,TRUE,TRUE,FALSE
7,741,0.595857041676863,TRUE,TRUE,TRUE,FALSE
7,742,0.599401448078578,TRUE,TRUE,TRUE,FALSE
7,743,0.600483188672511,TRUE,TRUE,TRUE,FALSE
7,744,0.600556538725213,TRUE,TRUE,TRUE,FALSE
7,745,0.606868803838764,TRUE,TRUE,TRUE,FALSE
7,746,0.598106137526531,TRUE,TRUE,TRUE,FALSE
7,747,0.599930684212021,TRUE,TRUE,TRUE,FALSE
7,748,0.597952036809681,TRUE,TRUE,TRUE,FALSE
7,749,0.597920272068096,TRUE,TRUE,TRUE,FALSE
7,750,0.599295345784332,TRUE,TRUE,TRUE,FALSE
7,751,0.598316701868358,TRUE,TRUE,TRUE,FALSE
7,752,0.59713355955757,TRUE,TRUE,TRUE,FALSE
7,753,0.607744744122009,TRUE,TRUE,TRUE,FALSE
7,754,0.608370897702328,TRUE,TRUE,TRUE,FALSE
7,755,0.589101951372764,FALSE,TRUE,TRUE,FALSE
7,756,0.606528431950746,TRUE,TRUE,TRUE,FALSE
7,757,0.603624052144918,TRUE,TRUE,TRUE,FALSE
7,758,0.605562505591404,TRUE,TRUE,TRUE,FALSE
7,759,0.601995131417997,TRUE,TRUE,TRUE,FALSE
7,760,0.593069892446,TRUE,TRUE,TRUE,FALSE
7,761,0.59449951742572,TRUE,TRUE,TRUE,FALSE
7,762,0.600994516247852,TRUE,TRUE,TRUE,FALSE
7,763,0.594433700582948,TRUE,TRUE,TRUE,FALSE
7,764,0.600653332979204,TRUE,TRUE,TRUE,FALSE
7,765,0.595316372907187,TRUE,TRUE,TRUE,FALSE
7,766,0.607543909185692,TRUE,TRUE,TRUE,FALSE
7,767,0.601194735624291,TRUE,TRUE,TRUE,FALSE
7,768,0.59831273742255,TRUE,TRUE,TRUE,FALSE
7,769,0.592808698097177,TRUE,TRUE,TRUE,FALSE
7,770,0.597425184572792,TRUE,TRUE,TRUE,FALSE
7,771,0.603239861585686,TRUE,TRUE,TRUE,FALSE
7,772,0.605711079262377,TRUE,TRUE,TRUE,FALSE
7,773,0.595634891595003,TRUE,TRUE,TRUE,FALSE
7,774,0.609471066687933,FALSE,TRUE,TRUE,FALSE
7,775,0.598623504560309,TRUE,TRUE,TRUE,FALSE
7,776,0.598688823242099,TRUE,TRUE,TRUE,FALSE
7,777,0.600324703492599,TRUE,TRUE,TRUE,FALSE
7,778,0.603883963841572,TRUE,TRUE,TRUE,FALSE
7,779,0.602839452327292,TRUE,TRUE,TRUE,FALSE
7,780,0.604811474201026,TRUE,TRUE,TRUE,FALSE
7,781,0.598355485746818,TRUE,TRUE,TRUE,FALSE
7,782,0.596121042997371,TRUE,TRUE,TRUE,FALSE
7,783,0.592744501677654,TRUE,TRUE,TRUE,FALSE
7,784,0.60245049360561,TRUE,TRUE,TRUE,FALSE
7,785,0.591278833410114,FALSE,TRUE,TRUE,FALSE
7,786,0.6052632632765,TRUE,TRUE,TRUE,FALSE
7,787,0.60360126141371,TRUE,TRUE,TRUE,FALSE
7,788,0.599580213604161,TRUE,TRUE,TRUE,FALSE
7,789,0.604969095088846,TRUE,TRUE,TRUE,FALSE
7,790,0.599862412806249,TRUE,TRUE,TRUE,FALSE
7,791,0.603955986354196,TRUE,TRUE,TRUE,FALSE
7,792,0.606516681975467,TRUE,TRUE,TRUE,FALSE
7,793,0.607013208037876,TRUE,TRUE,TRUE,FALSE
7,794,0.59931576478696,TRUE,TRUE,TRUE,FALSE
7,795,0.599249647570557,TRUE,TRUE,TRUE,FALSE
7,796,0.59131929524826,TRUE,TRUE,TRUE,FALSE
7,797,0.605301373101561,TRUE,TRUE,TRUE,FALSE
7,798,0.604270604523562,TRUE,TRUE,TRUE,FALSE
7,799,0.595056423864774,TRUE,TRUE,TRUE,FALSE
7,800,0.59472134970626,TRUE,TRUE,TRUE,FALSE
7,801,0.603329522328088,TRUE,TRUE,TRUE,FALSE
7,802,0.593749543770727,TRUE,TRUE,TRUE,FALSE
7,803,0.588352032300358,FALSE,TRUE,TRUE,FALSE
7,804,0.591626328101791,TRUE,TRUE,TRUE,FALSE
7,805,0.606311194446144,TRUE,TRUE,TRUE,FALSE
7,806,0.59912650226796,TRUE,TRUE,TRUE,FALSE
7,807,0.601938407475099,TRUE,TRUE,TRUE,FALSE
7,808,0.588481389837192,FALSE,TRUE,TRUE,FALSE
7,809,0.599235130016037,TRUE,TRUE,TRUE,FALSE
7,810,0.598977268326932,TRUE,TRUE,TRUE,FALSE
7,811,0.60988922483626,FALSE,TRUE,TRUE,FALSE
7,812,0.588247334598004,FALSE,TRUE,TRUE,FALSE
7,813,0.592448538643927,FALSE,TRUE,TRUE,FALSE
7,814,0.603452191450837,TRUE,TRUE,TRUE,FALSE
7,815,0.605258798111632,TRUE,TRUE,TRUE,FALSE
7,816,0.602590143523013,TRUE,TRUE,TRUE,FALSE
7,817,0.598716381884984,TRUE,TRUE,TRUE,FALSE
7,818,0.598421022895167,TRUE,TRUE,TRUE,FALSE
7,819,0.597875398133956,TRUE,TRUE,TRUE,FALSE
7,820,0.594549353468226,TRUE,TRUE,TRUE,FALSE
7,821,0.596619053804809,TRUE,TRUE,TRUE,FALSE
7,822,0.604976564083256,TRUE,TRUE,TRUE,FALSE
7,823,0.599681954841143,TRUE,TRUE,TRUE,FALSE
7,824,0.602412369559289,TRUE,TRUE,TRUE,FALSE
7,825,0.604137097992961,TRUE,TRUE,TRUE,FALSE
7,826,0.604678617645905,TRUE,TRUE,TRUE,FALSE
7,827,0.605590612784561,TRUE,TRUE,TRUE,FALSE
7,828,0.601261862907017,TRUE,TRUE,TRUE,FALSE
7,829,0.603694314916179,TRUE,TRUE,TRUE,FALSE
7,830,0.608750945008663,TRUE,TRUE,TRUE,FALSE
7,831,0.601826197802187,TRUE,TRUE,TRUE,FALSE
7,832,0.606260506988422,TRUE,TRUE,TRUE,FALSE
7,833,0.599389291670391,TRUE,TRUE,TRUE,FALSE
7,834,0.61312750103842,FALSE,TRUE,TRUE,FALSE
7,835,0.605234158235158,TRUE,TRUE,TRUE,FALSE
7,836,0.600857772877433,TRUE,TRUE,TRUE,FALSE
7,837,0.597869963066347,TRUE,TRUE,TRUE,FALSE
7,838,0.598675030197425,TRUE,TRUE,TRUE,FALSE
7,839,0.608436181191784,TRUE,TRUE,TRUE,FALSE
7,840,0.601208904184171,TRUE,TRUE,TRUE,FALSE
7,841,0.599667713963829,TRUE,TRUE,TRUE,FALSE
7,842,0.599729984221228,TRUE,TRUE,TRUE,FALSE
7,843,0.602456739764237,TRUE,TRUE,TRUE,FALSE
7,844,0.602300600483096,TRUE,TRUE,TRUE,FALSE
7,845,0.608328719850571,TRUE,TRUE,TRUE,FALSE
7,846,0.596131066510385,TRUE,TRUE,TRUE,FALSE
7,847,0.601105337106611,TRUE,TRUE,TRUE,FALSE
7,848,0.594034173107366,TRUE,TRUE,TRUE,FALSE
7,849,0.606200064653932,TRUE,TRUE,TRUE,FALSE
7,850,0.593784114835488,TRUE,TRUE,TRUE,FALSE
7,851,0.594094402612775,TRUE,TRUE,TRUE,FALSE
7,852,0.593752824136776,TRUE,TRUE,TRUE,FALSE
7,853,0.60228820469409,TRUE,TRUE,TRUE,FALSE
7,854,0.596676419167325,TRUE,TRUE,TRUE,FALSE
7,855,0.599337443011516,TRUE,TRUE,TRUE,FALSE
7,856,0.606982744998238,FALSE,TRUE,TRUE,FALSE
7,857,0.607953235631978,TRUE,TRUE,TRUE,FALSE
7,858,0.59703474030857,TRUE,TRUE,TRUE,FALSE
7,859,0.6077088323817,TRUE,TRUE,TRUE,FALSE
7,860,0.600642663868451,TRUE,TRUE,TRUE,FALSE
7,861,0.605408567155383,TRUE,TRUE,TRUE,FALSE
7,862,0.598543450174156,TRUE,TRUE,TRUE,FALSE
7,863,0.595183316199067,TRUE,TRUE,TRUE,FALSE
7,864,0.602653888666983,TRUE,TRUE,TRUE,FALSE
7,865,0.597202929698613,TRUE,TRUE,TRUE,FALSE
7,866,0.592969740464628,TRUE,TRUE,TRUE,FALSE
7,867,0.598281186779763,TRUE,TRUE,TRUE,FALSE
7,868,0.59818962462322,TRUE,TRUE,TRUE,FALSE
7,869,0.593777717142944,TRUE,TRUE,TRUE,FALSE
7,870,0.606551710524631,TRUE,TRUE,TRUE,FALSE
7,871,0.598114621420984,TRUE,TRUE,TRUE,FALSE
7,872,0.601265303949113,TRUE,TRUE,TRUE,FALSE
7,873,0.603143130334684,TRUE,TRUE,TRUE,FALSE
7,874,0.600744843650963,TRUE,TRUE,TRUE,FALSE
7,875,0.604919269480767,TRUE,TRUE,TRUE,FALSE
7,876,0.597314060500233,TRUE,TRUE,TRUE,FALSE
7,877,0.605760115755251,TRUE,TRUE,TRUE,FALSE
7,878,0.596628988532216,TRUE,TRUE,TRUE,FALSE
7,879,0.596667129368777,TRUE,TRUE,TRUE,FALSE
7,880,0.602557972285535,TRUE,TRUE,TRUE,FALSE
7,881,0.607382719960764,TRUE,TRUE,TRUE,FALSE
7,882,0.592944165035316,TRUE,TRUE,TRUE,FALSE
7,883,0.601007441828642,TRUE,TRUE,TRUE,FALSE
7,884,0.601208096309584,TRUE,TRUE,TRUE,FALSE
7,885,0.594820717189499,TRUE,TRUE,TRUE,FALSE
7,886,0.596618317234634,TRUE,TRUE,TRUE,FALSE
7,887,0.604023447023217,TRUE,TRUE,TRUE,FALSE
7,888,0.604046952685878,TRUE,TRUE,TRUE,FALSE
7,889,0.598715897126919,TRUE,TRUE,TRUE,FALSE
7,890,0.601680735487759,TRUE,TRUE,TRUE,FALSE
7,891,0.599377335155091,TRUE,TRUE,TRUE,FALSE
7,892,0.600841057685638,TRUE,TRUE,TRUE,FALSE
7,893,0.604124399400851,TRUE,TRUE,TRUE,FALSE
7,894,0.596840105746687,TRUE,TRUE,TRUE,FALSE
7,895,0.593520148466582,TRUE,TRUE,TRUE,FALSE
7,896,0.597780636086515,TRUE,TRUE,TRUE,FALSE
7,897,0.598732141319071,TRUE,TRUE,TRUE,FALSE
7,898,0.607327140767856,TRUE,TRUE,TRUE,FALSE
7,899,0.598787849178518,TRUE,TRUE,TRUE,FALSE
7,900,0.599531995650038,TRUE,TRUE,TRUE,FALSE
7,901,0.605649856884496,TRUE,TRUE,TRUE,FALSE
7,902,0.601605584791726,TRUE,TRUE,TRUE,FALSE
7,903,0.599346747656777,TRUE,TRUE,TRUE,FALSE
7,904,0.601290031846371,TRUE,TRUE,TRUE,FALSE
7,905,0.599548138860521,TRUE,TRUE,TRUE,FALSE
7,906,0.5979905780248,TRUE,TRUE,TRUE,FALSE
7,907,0.592372216010313,FALSE,TRUE,TRUE,FALSE
7,908,0.598593664972321,TRUE,TRUE,TRUE,FALSE
7,909,0.602713411215155,TRUE,TRUE,TRUE,FALSE
7,910,0.603217204321737,TRUE,TRUE,TRUE,FALSE
7,911,0.599688471259681,TRUE,TRUE,TRUE,FALSE
7,912,0.589986169059924,FALSE,TRUE,TRUE,FALSE
7,913,0.592879024187096,TRUE,TRUE,TRUE,FALSE
7,914,0.606726839374976,TRUE,TRUE,TRUE,FALSE
7,915,0.597884443216771,TRUE,TRUE,TRUE,FALSE
7,916,0.590615797041412,FALSE,TRUE,TRUE,FALSE
7,917,0.599288875545297,TRUE,TRUE,TRUE,FALSE
7,918,0.595951057739852,TRUE,TRUE,TRUE,FALSE
7,919,0.600722476978444,TRUE,TRUE,TRUE,FALSE
7,920,0.604870578646557,TRUE,TRUE,TRUE,FALSE
7,921,0.598474105584537,TRUE,TRUE,TRUE,FALSE
7,922,0.595680605657589,TRUE,TRUE,TRUE,FALSE
7,923,0.605387585930858,TRUE,TRUE,TRUE,FALSE
7,924,0.59401567845245,TRUE,TRUE,TRUE,FALSE
7,925,0.602932960240415,TRUE,TRUE,TRUE,FALSE
7,926,0.596153529176162,TRUE,TRUE,TRUE,FALSE
7,927,0.606188578482943,TRUE,TRUE,TRUE,FALSE
7,928,0.604854257747538,TRUE,TRUE,TRUE,FALSE
7,929,0.600088599837782,TRUE,TRUE,TRUE,FALSE
7,930,0.597815539139819,TRUE,TRUE,TRUE,FALSE
7,931,0.60103779682815,TRUE,TRUE,TRUE,FALSE
7,932,0.599030052892228,TRUE,TRUE,TRUE,FALSE
7,933,0.594556999300644,TRUE,TRUE,TRUE,FALSE
7,934,0.59651980549275,TRUE,TRUE,TRUE,FALSE
7,935,0.599899580727559,TRUE,TRUE,TRUE,FALSE
7,936,0.603647459414098,TRUE,TRUE,TRUE,FALSE
7,937,0.604034757215,TRUE,TRUE,TRUE,FALSE
7,938,0.606173890035143,TRUE,TRUE,TRUE,FALSE
7,939,0.605652528324176,TRUE,TRUE,TRUE,FALSE
7,940,0.599875568299946,TRUE,TRUE,TRUE,FALSE
7,941,0.602535864361527,TRUE,TRUE,TRUE,FALSE
7,942,0.601526600154022,TRUE,TRUE,TRUE,FALSE
7,943,0.597330584167793,TRUE,TRUE,TRUE,FALSE
7,944,0.592985040827372,FALSE,TRUE,TRUE,FALSE
7,945,0.599012031827957,TRUE,TRUE,TRUE,FALSE
7,946,0.600625710299207,TRUE,TRUE,TRUE,FALSE
7,947,0.606320878732074,TRUE,TRUE,TRUE,FALSE
7,948,0.596879092067749,TRUE,TRUE,TRUE,FALSE
7,949,0.600558723165102,TRUE,TRUE,TRUE,FALSE
7,950,0.607892041683519,TRUE,TRUE,TRUE,FALSE
7,951,0.599163629265758,TRUE,TRUE,TRUE,FALSE
7,952,0.599926888629873,TRUE,TRUE,TRUE,FALSE
7,953,0.595358231109412,TRUE,TRUE,TRUE,FALSE
7,954,0.592610370212176,TRUE,TRUE,TRUE,FALSE
7,955,0.598490262098606,TRUE,TRUE,TRUE,FALSE
7,956,0.60164792862588,TRUE,TRUE,TRUE,FALSE
7,957,0.595326643769969,TRUE,TRUE,TRUE,FALSE
7,958,0.600308532429779,TRUE,TRUE,TRUE,FALSE
7,959,0.594819571312178,TRUE,TRUE,TRUE,FALSE
7,960,0.595199651086404,TRUE,TRUE,TRUE,FALSE
7,961,0.606085967076362,TRUE,TRUE,TRUE,FALSE
7,962,0.600941215342194,TRUE,TRUE,TRUE,FALSE
7,963,0.599105893828437,TRUE,TRUE,TRUE,FALSE
7,964,0.601830194799925,TRUE,TRUE,TRUE,FALSE
7,965,0.590839950526935,FALSE,TRUE,TRUE,FALSE
7,966,0.601600867256717,TRUE,TRUE,TRUE,FALSE
7,967,0.600544746502747,TRUE,TRUE,TRUE,FALSE
7,968,0.607495921671324,TRUE,TRUE,TRUE,FALSE
7,969,0.601341562233078,TRUE,TRUE,TRUE,FALSE
7,970,0.60383483335932,TRUE,TRUE,TRUE,FALSE
7,971,0.595002396829276,TRUE,TRUE,TRUE,FALSE
7,972,0.60335001800184,TRUE,TRUE,TRUE,FALSE
7,973,0.599888482834835,TRUE,TRUE,TRUE,FALSE
7,974,0.606078938194106,TRUE,TRUE,TRUE,FALSE
7,975,0.598613733940842,TRUE,TRUE,TRUE,FALSE
7,976,0.600579227347464,TRUE,TRUE,TRUE,FALSE
7,977,0.604221267614528,TRUE,TRUE,TRUE,FALSE
7,978,0.597572121117664,TRUE,TRUE,TRUE,FALSE
7,979,0.591350058345158,FALSE,TRUE,TRUE,FALSE
7,980,0.603573387642507,TRUE,TRUE,TRUE,FALSE
7,981,0.606952593324958,TRUE,TRUE,TRUE,FALSE
7,982,0.602895494146733,TRUE,TRUE,TRUE,FALSE
7,983,0.597103395562408,TRUE,TRUE,TRUE,FALSE
7,984,0.598806634979857,TRUE,TRUE,TRUE,FALSE
7,985,0.608131630710679,TRUE,TRUE,TRUE,FALSE
7,986,0.589512888539683,FALSE,TRUE,TRUE,FALSE
7,987,0.598908287755904,TRUE,TRUE,TRUE,FALSE
7,988,0.593040722150388,TRUE,TRUE,TRUE,FALSE
7,989,0.606136718970039,TRUE,TRUE,TRUE,FALSE
7,990,0.604486897502575,TRUE,TRUE,TRUE,FALSE
7,991,0.60153290724699,TRUE,TRUE,TRUE,FALSE
7,992,0.608643153343662,TRUE,TRUE,TRUE,FALSE
7,993,0.592603865324739,TRUE,TRUE,TRUE,FALSE
7,994,0.603916280983854,TRUE,TRUE,TRUE,FALSE
7,995,0.59774998876087,TRUE,TRUE,TRUE,FALSE
7,996,0.592105690995523,TRUE,TRUE,TRUE,FALSE
7,997,0.602028371723165,TRUE,TRUE,TRUE,FALSE
7,998,0.598578551853258,TRUE,TRUE,TRUE,FALSE
7,999,0.607133405754611,TRUE,TRUE,TRUE,FALSE
7,1000,0.605069201050081,TRUE,TRUE,TRUE,FALSE
8,1,0.806659725430683,TRUE,TRUE,TRUE,FALSE
8,2,0.792659297995922,TRUE,TRUE,TRUE,FALSE
8,3,0.80064629112085,TRUE,TRUE,TRUE,FALSE
8,4,0.798064252503475,TRUE,TRUE,TRUE,FALSE
8,5,0.806506524428311,TRUE,TRUE,TRUE,FALSE
8,6,0.794716278181247,TRUE,TRUE,TRUE,FALSE
8,7,0.800857295124765,TRUE,TRUE,TRUE,FALSE
8,8,0.801857906392245,TRUE,TRUE,TRUE,FALSE
8,9,0.79793961780968,TRUE,TRUE,TRUE,FALSE
8,10,0.799341398373978,TRUE,TRUE,TRUE,FALSE
8,11,0.80238370082121,TRUE,TRUE,TRUE,FALSE
8,12,0.797602751562236,TRUE,TRUE,TRUE,FALSE
8,13,0.798846562381453,TRUE,TRUE,TRUE,FALSE
8,14,0.809443875788636,TRUE,TRUE,TRUE,FALSE
8,15,0.796904975568196,TRUE,TRUE,TRUE,FALSE
8,16,0.801341834284833,TRUE,TRUE,TRUE,FALSE
8,17,0.792825537608218,TRUE,TRUE,TRUE,FALSE
8,18,0.80708105693394,TRUE,TRUE,TRUE,FALSE
8,19,0.80086336160113,TRUE,TRUE,TRUE,FALSE
8,20,0.801357115159211,TRUE,TRUE,TRUE,FALSE
8,21,0.794804622761586,TRUE,TRUE,TRUE,FALSE
8,22,0.79576737277995,TRUE,TRUE,TRUE,FALSE
8,23,0.798333182713822,TRUE,TRUE,TRUE,FALSE
8,24,0.796662456774963,TRUE,TRUE,TRUE,FALSE
8,25,0.800167671040603,TRUE,TRUE,TRUE,FALSE
8,26,0.797936558791546,TRUE,TRUE,TRUE,FALSE
8,27,0.808819861353561,TRUE,TRUE,TRUE,FALSE
8,28,0.803787779485525,TRUE,TRUE,TRUE,FALSE
8,29,0.799246877271998,TRUE,TRUE,TRUE,FALSE
8,30,0.793114092744309,TRUE,TRUE,TRUE,FALSE
8,31,0.802095480004825,TRUE,TRUE,TRUE,FALSE
8,32,0.802892708636714,TRUE,TRUE,TRUE,FALSE
8,33,0.803149957597983,TRUE,TRUE,TRUE,FALSE
8,34,0.79726802778129,TRUE,TRUE,TRUE,FALSE
8,35,0.799335609727194,TRUE,TRUE,TRUE,FALSE
8,36,0.8046937048264,TRUE,TRUE,TRUE,FALSE
8,37,0.813079123648317,FALSE,TRUE,TRUE,FALSE
8,38,0.80172640486759,TRUE,TRUE,TRUE,FALSE
8,39,0.808886696639354,TRUE,TRUE,TRUE,FALSE
8,40,0.803753206335151,TRUE,TRUE,TRUE,FALSE
8,41,0.797200532947156,TRUE,TRUE,TRUE,FALSE
8,42,0.806444741351953,TRUE,TRUE,TRUE,FALSE
8,43,0.798925159900205,TRUE,TRUE,TRUE,FALSE
8,44,0.801889529339258,TRUE,TRUE,TRUE,FALSE
8,45,0.802611855877662,TRUE,TRUE,TRUE,FALSE
8,46,0.805499286419352,TRUE,TRUE,TRUE,FALSE
8,47,0.798526588621517,TRUE,TRUE,TRUE,FALSE
8,48,0.793373508231364,TRUE,TRUE,TRUE,FALSE
8,49,0.791016404078823,FALSE,TRUE,TRUE,FALSE
8,50,0.800661435198119,TRUE,TRUE,TRUE,FALSE
8,51,0.801282356704321,TRUE,TRUE,TRUE,FALSE
8,52,0.794666353873152,TRUE,TRUE,TRUE,FALSE
8,53,0.801072247513586,TRUE,TRUE,TRUE,FALSE
8,54,0.801848306379153,TRUE,TRUE,TRUE,FALSE
8,55,0.802385915197473,TRUE,TRUE,TRUE,FALSE
8,56,0.803135363063625,TRUE,TRUE,TRUE,FALSE
8,57,0.8024828115514,TRUE,TRUE,TRUE,FALSE
8,58,0.807771982903504,TRUE,TRUE,TRUE,FALSE
8,59,0.799515907212292,TRUE,TRUE,TRUE,FALSE
8,60,0.801828579983361,TRUE,TRUE,TRUE,FALSE
8,61,0.799971699150164,TRUE,TRUE,TRUE,FALSE
8,62,0.801827476231891,TRUE,TRUE,TRUE,FALSE
8,63,0.792249210805373,TRUE,TRUE,TRUE,FALSE
8,64,0.79846872887664,TRUE,TRUE,TRUE,FALSE
8,65,0.80744485422315,TRUE,TRUE,TRUE,FALSE
8,66,0.798024342630604,TRUE,TRUE,TRUE,FALSE
8,67,0.802554812497232,TRUE,TRUE,TRUE,FALSE
8,68,0.798773823692664,TRUE,TRUE,TRUE,FALSE
8,69,0.802597438282715,TRUE,TRUE,TRUE,FALSE
8,70,0.798909909869017,TRUE,TRUE,TRUE,FALSE
8,71,0.802287929574436,TRUE,TRUE,TRUE,FALSE
8,72,0.799586113999792,TRUE,TRUE,TRUE,FALSE
8,73,0.802665536835057,TRUE,TRUE,TRUE,FALSE
8,74,0.795423108754673,TRUE,TRUE,TRUE,FALSE
8,75,0.796496342516184,TRUE,TRUE,TRUE,FALSE
8,76,0.793160684205378,TRUE,TRUE,TRUE,FALSE
8,77,0.80879983390104,FALSE,TRUE,TRUE,FALSE
8,78,0.797975390662466,TRUE,TRUE,TRUE,FALSE
8,79,0.800573612285768,TRUE,TRUE,TRUE,FALSE
8,80,0.801119332247961,TRUE,TRUE,TRUE,FALSE
8,81,0.795004721855299,TRUE,TRUE,TRUE,FALSE
8,82,0.798393803466583,TRUE,TRUE,TRUE,FALSE
8,83,0.801552956897236,TRUE,TRUE,TRUE,FALSE
8,84,0.803619837841403,TRUE,TRUE,TRUE,FALSE
8,85,0.798794530456864,TRUE,TRUE,TRUE,FALSE
8,86,0.799426514364178,TRUE,TRUE,TRUE,FALSE
8,87,0.800036263548095,TRUE,TRUE,TRUE,FALSE
8,88,0.801153029274158,TRUE,TRUE,TRUE,FALSE
8,89,0.800038759271045,TRUE,TRUE,TRUE,FALSE
8,90,0.800689740885882,TRUE,TRUE,TRUE,FALSE
8,91,0.799248742637647,TRUE,TRUE,TRUE,FALSE
8,92,0.789063262436563,FALSE,TRUE,TRUE,FALSE
8,93,0.790484259211769,FALSE,TRUE,TRUE,FALSE
8,94,0.80676566353957,TRUE,TRUE,TRUE,FALSE
8,95,0.791904847782267,FALSE,TRUE,TRUE,FALSE
8,96,0.802524682117379,TRUE,TRUE,TRUE,FALSE
8,97,0.79674744541344,TRUE,TRUE,TRUE,FALSE
8,98,0.799523849967507,TRUE,TRUE,TRUE,FALSE
8,99,0.798118058186033,TRUE,TRUE,TRUE,FALSE
8,100,0.796899147278163,TRUE,TRUE,TRUE,FALSE
8,101,0.796472160062205,TRUE,TRUE,TRUE,FALSE
8,102,0.80054499945134,TRUE,TRUE,TRUE,FALSE
8,103,0.796636799449745,TRUE,TRUE,TRUE,FALSE
8,104,0.804228557491829,TRUE,TRUE,TRUE,FALSE
8,105,0.793409005930976,TRUE,TRUE,TRUE,FALSE
8,106,0.800592229575787,TRUE,TRUE,TRUE,FALSE
8,107,0.803810153475753,TRUE,TRUE,TRUE,FALSE
8,108,0.795012558889193,TRUE,TRUE,TRUE,FALSE
8,109,0.802370519194518,TRUE,TRUE,TRUE,FALSE
8,110,0.792699345452593,TRUE,TRUE,TRUE,FALSE
8,111,0.797249169009938,TRUE,TRUE,TRUE,FALSE
8,112,0.808627946920252,TRUE,TRUE,TRUE,FALSE
8,113,0.800659130680059,TRUE,TRUE,TRUE,FALSE
8,114,0.793786318609389,TRUE,TRUE,TRUE,FALSE
8,115,0.796566815045198,TRUE,TRUE,TRUE,FALSE
8,116,0.809351762225661,FALSE,TRUE,TRUE,FALSE
8,117,0.800574472081559,TRUE,TRUE,TRUE,FALSE
8,118,0.804033549614238,TRUE,TRUE,TRUE,FALSE
8,119,0.802441760773014,TRUE,TRUE,TRUE,FALSE
8,120,0.790882988971677,FALSE,TRUE,TRUE,FALSE
8,121,0.803689143994882,TRUE,TRUE,TRUE,FALSE
8,122,0.798397979335931,TRUE,TRUE,TRUE,FALSE
8,123,0.801908607234785,TRUE,TRUE,TRUE,FALSE
8,124,0.810149910844393,FALSE,TRUE,TRUE,FALSE
8,125,0.809490068685961,FALSE,TRUE,TRUE,FALSE
8,126,0.794715678445756,TRUE,TRUE,TRUE,FALSE
8,127,0.793657154535418,TRUE,TRUE,TRUE,FALSE
8,128,0.800100448656996,TRUE,TRUE,TRUE,FALSE
8,129,0.797033308705582,TRUE,TRUE,TRUE,FALSE
8,130,0.797445958579426,TRUE,TRUE,TRUE,FALSE
8,131,0.802077524934085,TRUE,TRUE,TRUE,FALSE
8,132,0.79538871890888,TRUE,TRUE,TRUE,FALSE
8,133,0.801323346298622,TRUE,TRUE,TRUE,FALSE
8,134,0.793859002907834,TRUE,TRUE,TRUE,FALSE
8,135,0.803123628934129,TRUE,TRUE,TRUE,FALSE
8,136,0.802779981794439,TRUE,TRUE,TRUE,FALSE
8,137,0.798075960267209,TRUE,TRUE,TRUE,FALSE
8,138,0.801889825972022,TRUE,TRUE,TRUE,FALSE
8,139,0.80128836953551,TRUE,TRUE,TRUE,FALSE
8,140,0.807090265654039,TRUE,TRUE,TRUE,FALSE
8,141,0.798953839313147,TRUE,TRUE,TRUE,FALSE
8,142,0.807011540518569,TRUE,TRUE,TRUE,FALSE
8,143,0.801453171404466,TRUE,TRUE,TRUE,FALSE
8,144,0.79948247710697,TRUE,TRUE,TRUE,FALSE
8,145,0.798980022789448,TRUE,TRUE,TRUE,FALSE
8,146,0.800055401618618,TRUE,TRUE,TRUE,FALSE
8,147,0.800789105644242,TRUE,TRUE,TRUE,FALSE
8,148,0.806855074501102,TRUE,TRUE,TRUE,FALSE
8,149,0.801045952268763,TRUE,TRUE,TRUE,FALSE
8,150,0.801291473614776,TRUE,TRUE,TRUE,FALSE
8,151,0.797011000851565,TRUE,TRUE,TRUE,FALSE
8,152,0.794086307385518,TRUE,TRUE,TRUE,FALSE
8,153,0.793161785377622,TRUE,TRUE,TRUE,FALSE
8,154,0.802902918268193,TRUE,TRUE,TRUE,FALSE
8,155,0.802997497649218,TRUE,TRUE,TRUE,FALSE
8,156,0.799949637837014,TRUE,TRUE,TRUE,FALSE
8,157,0.802979390946698,TRUE,TRUE,TRUE,FALSE
8,158,0.800619981755236,TRUE,TRUE,TRUE,FALSE
8,159,0.796967658103764,TRUE,TRUE,TRUE,FALSE
8,160,0.802870094940312,TRUE,TRUE,TRUE,FALSE
8,161,0.796426093563924,TRUE,TRUE,TRUE,FALSE
8,162,0.803120720488624,TRUE,TRUE,TRUE,FALSE
8,163,0.806901638654008,TRUE,TRUE,TRUE,FALSE
8,164,0.801107258122551,TRUE,TRUE,TRUE,FALSE
8,165,0.799904966309987,TRUE,TRUE,TRUE,FALSE
8,166,0.801118122807261,TRUE,TRUE,TRUE,FALSE
8,167,0.802396242091596,TRUE,TRUE,TRUE,FALSE
8,168,0.80161165512037,TRUE,TRUE,TRUE,FALSE
8,169,0.794530136501882,TRUE,TRUE,TRUE,FALSE
8,170,0.797736168640947,TRUE,TRUE,TRUE,FALSE
8,171,0.793580743714279,TRUE,TRUE,TRUE,FALSE
8,172,0.799932570888452,TRUE,TRUE,TRUE,FALSE
8,173,0.798319222252356,TRUE,TRUE,TRUE,FALSE
8,174,0.796612382737765,TRUE,TRUE,TRUE,FALSE
8,175,0.79905758029774,TRUE,TRUE,TRUE,FALSE
8,176,0.800009783671849,TRUE,TRUE,TRUE,FALSE
8,177,0.802462636018316,TRUE,TRUE,TRUE,FALSE
8,178,0.804134796713513,TRUE,TRUE,TRUE,FALSE
8,179,0.799121839347904,TRUE,TRUE,TRUE,FALSE
8,180,0.798380951489008,TRUE,TRUE,TRUE,FALSE
8,181,0.79819297293781,TRUE,TRUE,TRUE,FALSE
8,182,0.805689933073097,TRUE,TRUE,TRUE,FALSE
8,183,0.798856431924855,TRUE,TRUE,TRUE,FALSE
8,184,0.798700969781498,TRUE,TRUE,TRUE,FALSE
8,185,0.80276289709472,TRUE,TRUE,TRUE,FALSE
8,186,0.799638787825296,TRUE,TRUE,TRUE,FALSE
8,187,0.799809692596606,TRUE,TRUE,TRUE,FALSE
8,188,0.801786954163645,TRUE,TRUE,TRUE,FALSE
8,189,0.798302255997967,TRUE,TRUE,TRUE,FALSE
8,190,0.802785069306849,TRUE,TRUE,TRUE,FALSE
8,191,0.796099755107159,TRUE,TRUE,TRUE,FALSE
8,192,0.790684234196624,FALSE,TRUE,TRUE,FALSE
8,193,0.795370444223389,TRUE,TRUE,TRUE,FALSE
8,194,0.799934102449476,TRUE,TRUE,TRUE,FALSE
8,195,0.803007124705017,TRUE,TRUE,TRUE,FALSE
8,196,0.807331946184089,TRUE,TRUE,TRUE,FALSE
8,197,0.803525893449975,TRUE,TRUE,TRUE,FALSE
8,198,0.792903831026862,TRUE,TRUE,TRUE,FALSE
8,199,0.79844923430701,TRUE,TRUE,TRUE,FALSE
8,200,0.8065968631454,TRUE,TRUE,TRUE,FALSE
8,201,0.801299587591317,TRUE,TRUE,TRUE,FALSE
8,202,0.799706562631069,TRUE,TRUE,TRUE,FALSE
8,203,0.794531287318722,TRUE,TRUE,TRUE,FALSE
8,204,0.797691838054879,TRUE,TRUE,TRUE,FALSE
8,205,0.802787231039705,TRUE,TRUE,TRUE,FALSE
8,206,0.804345894689722,TRUE,TRUE,TRUE,FALSE
8,207,0.792467916790488,TRUE,TRUE,TRUE,FALSE
8,208,0.808001080737386,TRUE,TRUE,TRUE,FALSE
8,209,0.798022589295468,TRUE,TRUE,TRUE,FALSE
8,210,0.802591944528201,TRUE,TRUE,TRUE,FALSE
8,211,0.807372731619166,TRUE,TRUE,TRUE,FALSE
8,212,0.797174131193581,TRUE,TRUE,TRUE,FALSE
8,213,0.804095577798129,TRUE,TRUE,TRUE,FALSE
8,214,0.807838712652855,FALSE,TRUE,TRUE,FALSE
8,215,0.795778741728463,TRUE,TRUE,TRUE,FALSE
8,216,0.799237944109738,TRUE,TRUE,TRUE,FALSE
8,217,0.800380242868792,TRUE,TRUE,TRUE,FALSE
8,218,0.802304081179379,TRUE,TRUE,TRUE,FALSE
8,219,0.803923110030949,TRUE,TRUE,TRUE,FALSE
8,220,0.797018079151203,TRUE,TRUE,TRUE,FALSE
8,221,0.796394369540568,TRUE,TRUE,TRUE,FALSE
8,222,0.797863824733842,TRUE,TRUE,TRUE,FALSE
8,223,0.798416714964881,TRUE,TRUE,TRUE,FALSE
8,224,0.80056655384912,TRUE,TRUE,TRUE,FALSE
8,225,0.799828490854811,TRUE,TRUE,TRUE,FALSE
8,226,0.805625542306475,TRUE,TRUE,TRUE,FALSE
8,227,0.80237016049665,TRUE,TRUE,TRUE,FALSE
8,228,0.802875101164706,TRUE,TRUE,TRUE,FALSE
8,229,0.803664775711953,TRUE,TRUE,TRUE,FALSE
8,230,0.80049757116159,TRUE,TRUE,TRUE,FALSE
8,231,0.802592193934186,TRUE,TRUE,TRUE,FALSE
8,232,0.805083297930589,TRUE,TRUE,TRUE,FALSE
8,233,0.804957546257306,TRUE,TRUE,TRUE,FALSE
8,234,0.798154850324338,TRUE,TRUE,TRUE,FALSE
8,235,0.79621158243747,TRUE,TRUE,TRUE,FALSE
8,236,0.800653219406667,TRUE,TRUE,TRUE,FALSE
8,237,0.802956914218177,TRUE,TRUE,TRUE,FALSE
8,238,0.810212615645738,FALSE,TRUE,TRUE,FALSE
8,239,0.79952464244739,TRUE,TRUE,TRUE,FALSE
8,240,0.796696758757448,TRUE,TRUE,TRUE,FALSE
8,241,0.793647467577319,TRUE,TRUE,TRUE,FALSE
8,242,0.807932984607384,TRUE,TRUE,TRUE,FALSE
8,243,0.800346746599859,TRUE,TRUE,TRUE,FALSE
8,244,0.800948576889823,TRUE,TRUE,TRUE,FALSE
8,245,0.802894999876762,TRUE,TRUE,TRUE,FALSE
8,246,0.801697391279505,TRUE,TRUE,TRUE,FALSE
8,247,0.801813451385744,TRUE,TRUE,TRUE,FALSE
8,248,0.801080145062424,TRUE,TRUE,TRUE,FALSE
8,249,0.804931760237334,TRUE,TRUE,TRUE,FALSE
8,250,0.796604573587594,TRUE,TRUE,TRUE,FALSE
8,251,0.796665849780093,TRUE,TRUE,TRUE,FALSE
8,252,0.802513637188114,TRUE,TRUE,TRUE,FALSE
8,253,0.803490406312948,TRUE,TRUE,TRUE,FALSE
8,254,0.802773754353975,TRUE,TRUE,TRUE,FALSE
8,255,0.803820294446717,TRUE,TRUE,TRUE,FALSE
8,256,0.801942018686918,TRUE,TRUE,TRUE,FALSE
8,257,0.804498280223421,TRUE,TRUE,TRUE,FALSE
8,258,0.800941333222174,TRUE,TRUE,TRUE,FALSE
8,259,0.801724505181632,TRUE,TRUE,TRUE,FALSE
8,260,0.794767826260801,TRUE,TRUE,TRUE,FALSE
8,261,0.797504315369996,TRUE,TRUE,TRUE,FALSE
8,262,0.80599073364237,TRUE,TRUE,TRUE,FALSE
8,263,0.79998017389666,TRUE,TRUE,TRUE,FALSE
8,264,0.801287956423227,TRUE,TRUE,TRUE,FALSE
8,265,0.792651171197232,TRUE,TRUE,TRUE,FALSE
8,266,0.806049483758018,TRUE,TRUE,TRUE,FALSE
8,267,0.800735440302071,TRUE,TRUE,TRUE,FALSE
8,268,0.797826100172682,TRUE,TRUE,TRUE,FALSE
8,269,0.79822996034678,TRUE,TRUE,TRUE,FALSE
8,270,0.795974277456064,TRUE,TRUE,TRUE,FALSE
8,271,0.79887692469674,TRUE,TRUE,TRUE,FALSE
8,272,0.796205035711822,TRUE,TRUE,TRUE,FALSE
8,273,0.799448965530774,TRUE,TRUE,TRUE,FALSE
8,274,0.798275102817991,TRUE,TRUE,TRUE,FALSE
8,275,0.803242892513098,TRUE,TRUE,TRUE,FALSE
8,276,0.802174849916536,TRUE,TRUE,TRUE,FALSE
8,277,0.798371497078672,TRUE,TRUE,TRUE,FALSE
8,278,0.801033534500186,TRUE,TRUE,TRUE,FALSE
8,279,0.797138308114072,TRUE,TRUE,TRUE,FALSE
8,280,0.800797492302665,TRUE,TRUE,TRUE,FALSE
8,281,0.805170471006188,TRUE,TRUE,TRUE,FALSE
8,282,0.799486077104869,TRUE,TRUE,TRUE,FALSE
8,283,0.806944330372452,TRUE,TRUE,TRUE,FALSE
8,284,0.806308464226258,TRUE,TRUE,TRUE,FALSE
8,285,0.789976952255113,FALSE,TRUE,TRUE,FALSE
8,286,0.792976365149255,TRUE,TRUE,TRUE,FALSE
8,287,0.798586465692193,TRUE,TRUE,TRUE,FALSE
8,288,0.800698560620573,TRUE,TRUE,TRUE,FALSE
8,289,0.805448486568604,TRUE,TRUE,TRUE,FALSE
8,290,0.802854388179724,TRUE,TRUE,TRUE,FALSE
8,291,0.802936035659799,TRUE,TRUE,TRUE,FALSE
8,292,0.806051132804605,TRUE,TRUE,TRUE,FALSE
8,293,0.799133859221743,TRUE,TRUE,TRUE,FALSE
8,294,0.789505354952309,FALSE,TRUE,TRUE,FALSE
8,295,0.801081619577248,TRUE,TRUE,TRUE,FALSE
8,296,0.796690697326384,TRUE,TRUE,TRUE,FALSE
8,297,0.795521965644228,TRUE,TRUE,TRUE,FALSE
8,298,0.812035841621251,FALSE,TRUE,TRUE,FALSE
8,299,0.803137435031325,TRUE,TRUE,TRUE,FALSE
8,300,0.801807916090166,TRUE,TRUE,TRUE,FALSE
8,301,0.796639447504688,TRUE,TRUE,TRUE,FALSE
8,302,0.804847413039185,TRUE,TRUE,TRUE,FALSE
8,303,0.796625432020237,TRUE,TRUE,TRUE,FALSE
8,304,0.802304427382359,TRUE,TRUE,TRUE,FALSE
8,305,0.803594978024889,TRUE,TRUE,TRUE,FALSE
8,306,0.806062033619353,TRUE,TRUE,TRUE,FALSE
8,307,0.804671564655984,TRUE,TRUE,TRUE,FALSE
8,308,0.800766574295367,TRUE,TRUE,TRUE,FALSE
8,309,0.799139326153533,TRUE,TRUE,TRUE,FALSE
8,310,0.806891489844688,TRUE,TRUE,TRUE,FALSE
8,311,0.797891009573769,TRUE,TRUE,TRUE,FALSE
8,312,0.795633954565851,TRUE,TRUE,TRUE,FALSE
8,313,0.80073666896403,TRUE,TRUE,TRUE,FALSE
8,314,0.797913663255278,TRUE,TRUE,TRUE,FALSE
8,315,0.803436612367444,TRUE,TRUE,TRUE,FALSE
8,316,0.798137986897845,TRUE,TRUE,TRUE,FALSE
8,317,0.800623102335286,TRUE,TRUE,TRUE,FALSE
8,318,0.802487388930589,TRUE,TRUE,TRUE,FALSE
8,319,0.797902875573329,TRUE,TRUE,TRUE,FALSE
8,320,0.808486067237934,TRUE,TRUE,TRUE,FALSE
8,321,0.799124620934839,TRUE,TRUE,TRUE,FALSE
8,322,0.795737317272189,TRUE,TRUE,TRUE,FALSE
8,323,0.803724893903018,TRUE,TRUE,TRUE,FALSE
8,324,0.805941012522692,TRUE,TRUE,TRUE,FALSE
8,325,0.803676935840042,TRUE,TRUE,TRUE,FALSE
8,326,0.811892138043764,FALSE,TRUE,TRUE,FALSE
8,327,0.802499961797392,TRUE,TRUE,TRUE,FALSE
8,328,0.805771504804435,TRUE,TRUE,TRUE,FALSE
8,329,0.795545144145316,TRUE,TRUE,TRUE,FALSE
8,330,0.804207482596889,TRUE,TRUE,TRUE,FALSE
8,331,0.799610206130467,TRUE,TRUE,TRUE,FALSE
8,332,0.804144357472155,TRUE,TRUE,TRUE,FALSE
8,333,0.796115961408773,TRUE,TRUE,TRUE,FALSE
8,334,0.806072904210185,TRUE,TRUE,TRUE,FALSE
8,335,0.799793217388255,TRUE,TRUE,TRUE,FALSE
8,336,0.799902548914193,TRUE,TRUE,TRUE,FALSE
8,337,0.79895654339807,TRUE,TRUE,TRUE,FALSE
8,338,0.799759865422287,TRUE,TRUE,TRUE,FALSE
8,339,0.805161325612042,TRUE,TRUE,TRUE,FALSE
8,340,0.801543374030995,TRUE,TRUE,TRUE,FALSE
8,341,0.798019213492847,TRUE,TRUE,TRUE,FALSE
8,342,0.805731708629777,TRUE,TRUE,TRUE,FALSE
8,343,0.797263970767789,TRUE,TRUE,TRUE,FALSE
8,344,0.802012003244303,TRUE,TRUE,TRUE,FALSE
8,345,0.791648233491275,FALSE,TRUE,TRUE,FALSE
8,346,0.794408835239615,TRUE,TRUE,TRUE,FALSE
8,347,0.800526455872989,TRUE,TRUE,TRUE,FALSE
8,348,0.807256707608558,TRUE,TRUE,TRUE,FALSE
8,349,0.799545170531571,TRUE,TRUE,TRUE,FALSE
8,350,0.800120457682956,TRUE,TRUE,TRUE,FALSE
8,351,0.799235743690864,TRUE,TRUE,TRUE,FALSE
8,352,0.79988287788744,TRUE,TRUE,TRUE,FALSE
8,353,0.799712998893888,TRUE,TRUE,TRUE,FALSE
8,354,0.80325419274401,TRUE,TRUE,TRUE,FALSE
8,355,0.800466654606731,TRUE,TRUE,TRUE,FALSE
8,356,0.80724872604632,TRUE,TRUE,TRUE,FALSE
8,357,0.803458400286306,TRUE,TRUE,TRUE,FALSE
8,358,0.808042458677424,TRUE,TRUE,TRUE,FALSE
8,359,0.801910202975769,TRUE,TRUE,TRUE,FALSE
8,360,0.805851687103867,TRUE,TRUE,TRUE,FALSE
8,361,0.803766618953935,TRUE,TRUE,TRUE,FALSE
8,362,0.80857883997556,TRUE,TRUE,TRUE,FALSE
8,363,0.804769926363745,TRUE,TRUE,TRUE,FALSE
8,364,0.791396618160968,TRUE,TRUE,TRUE,FALSE
8,365,0.801380809378363,TRUE,TRUE,TRUE,FALSE
8,366,0.795148675111448,TRUE,TRUE,TRUE,FALSE
8,367,0.800520666047512,TRUE,TRUE,TRUE,FALSE
8,368,0.806775547598301,TRUE,TRUE,TRUE,FALSE
8,369,0.799997958814166,TRUE,TRUE,TRUE,FALSE
8,370,0.794402964773553,TRUE,TRUE,TRUE,FALSE
8,371,0.799327513214595,TRUE,TRUE,TRUE,FALSE
8,372,0.796154355262083,TRUE,TRUE,TRUE,FALSE
8,373,0.793364262376626,TRUE,TRUE,TRUE,FALSE
8,374,0.795413773904241,TRUE,TRUE,TRUE,FALSE
8,375,0.796184363664459,TRUE,TRUE,TRUE,FALSE
8,376,0.802066698447176,TRUE,TRUE,TRUE,FALSE
8,377,0.804380077511271,TRUE,TRUE,TRUE,FALSE
8,378,0.796870971596569,TRUE,TRUE,TRUE,FALSE
8,379,0.796279841605792,TRUE,TRUE,TRUE,FALSE
8,380,0.800344856835964,TRUE,TRUE,TRUE,FALSE
8,381,0.795365415174596,TRUE,TRUE,TRUE,FALSE
8,382,0.800701533579766,TRUE,TRUE,TRUE,FALSE
8,383,0.79788320421728,TRUE,TRUE,TRUE,FALSE
8,384,0.803667753994548,TRUE,TRUE,TRUE,FALSE
8,385,0.802780231250995,TRUE,TRUE,TRUE,FALSE
8,386,0.805463992088083,TRUE,TRUE,TRUE,FALSE
8,387,0.802086595730742,TRUE,TRUE,TRUE,FALSE
8,388,0.791400646752503,FALSE,TRUE,TRUE,FALSE
8,389,0.801066659869277,TRUE,TRUE,TRUE,FALSE
8,390,0.793911231271392,TRUE,TRUE,TRUE,FALSE
8,391,0.795463620478443,TRUE,TRUE,TRUE,FALSE
8,392,0.798332369238117,TRUE,TRUE,TRUE,FALSE
8,393,0.801220633479516,TRUE,TRUE,TRUE,FALSE
8,394,0.801264653804432,TRUE,TRUE,TRUE,FALSE
8,395,0.797930583832343,TRUE,TRUE,TRUE,FALSE
8,396,0.806729061202099,TRUE,TRUE,TRUE,FALSE
8,397,0.799951459836733,TRUE,TRUE,TRUE,FALSE
8,398,0.797257756856523,TRUE,TRUE,TRUE,FALSE
8,399,0.807499809450627,TRUE,TRUE,TRUE,FALSE
8,400,0.797083817243547,TRUE,TRUE,TRUE,FALSE
8,401,0.797123044865605,TRUE,TRUE,TRUE,FALSE
8,402,0.803011607956665,TRUE,TRUE,TRUE,FALSE
8,403,0.802919417498507,TRUE,TRUE,TRUE,FALSE
8,404,0.794636557587657,TRUE,TRUE,TRUE,FALSE
8,405,0.795448156896749,TRUE,TRUE,TRUE,FALSE
8,406,0.795795217030596,TRUE,TRUE,TRUE,FALSE
8,407,0.80399863317086,TRUE,TRUE,TRUE,FALSE
8,408,0.790753644591659,FALSE,TRUE,TRUE,FALSE
8,409,0.79925136014671,TRUE,TRUE,TRUE,FALSE
8,410,0.795318320975636,TRUE,TRUE,TRUE,FALSE
8,411,0.802691077583615,TRUE,TRUE,TRUE,FALSE
8,412,0.80761042018477,TRUE,TRUE,TRUE,FALSE
8,413,0.801648963391753,TRUE,TRUE,TRUE,FALSE
8,414,0.790081608455099,FALSE,TRUE,TRUE,FALSE
8,415,0.79353260755229,TRUE,TRUE,TRUE,FALSE
8,416,0.796241920451117,TRUE,TRUE,TRUE,FALSE
8,417,0.799505093299733,TRUE,TRUE,TRUE,FALSE
8,418,0.804582513418279,TRUE,TRUE,TRUE,FALSE
8,419,0.799784617157662,TRUE,TRUE,TRUE,FALSE
8,420,0.806303756910034,TRUE,TRUE,TRUE,FALSE
8,421,0.80154764277057,TRUE,TRUE,TRUE,FALSE
8,422,0.790804018678385,TRUE,TRUE,TRUE,FALSE
8,423,0.804140145626134,TRUE,TRUE,TRUE,FALSE
8,424,0.796739949370219,TRUE,TRUE,TRUE,FALSE
8,425,0.806011747824243,TRUE,TRUE,TRUE,FALSE
8,426,0.808515981850159,TRUE,TRUE,TRUE,FALSE
8,427,0.794915441032415,TRUE,TRUE,TRUE,FALSE
8,428,0.799066761417252,TRUE,TRUE,TRUE,FALSE
8,429,0.808202649829427,FALSE,TRUE,TRUE,FALSE
8,430,0.801147799077055,TRUE,TRUE,TRUE,FALSE
8,431,0.803387104869781,TRUE,TRUE,TRUE,FALSE
8,432,0.804317081392452,TRUE,TRUE,TRUE,FALSE
8,433,0.797970945693379,TRUE,TRUE,TRUE,FALSE
8,434,0.795975028922601,TRUE,TRUE,TRUE,FALSE
8,435,0.793443904274973,TRUE,TRUE,TRUE,FALSE
8,436,0.802572286210272,TRUE,TRUE,TRUE,FALSE
8,437,0.799045500821382,TRUE,TRUE,TRUE,FALSE
8,438,0.796039974019604,TRUE,TRUE,TRUE,FALSE
8,439,0.803078882487727,TRUE,TRUE,TRUE,FALSE
8,440,0.799498047159645,TRUE,TRUE,TRUE,FALSE
8,441,0.800706935730036,TRUE,TRUE,TRUE,FALSE
8,442,0.794548049135862,TRUE,TRUE,TRUE,FALSE
8,443,0.799400143943548,TRUE,TRUE,TRUE,FALSE
8,444,0.799159516953804,TRUE,TRUE,TRUE,FALSE
8,445,0.799834949302551,TRUE,TRUE,TRUE,FALSE
8,446,0.801541584855137,TRUE,TRUE,TRUE,FALSE
8,447,0.795448159819512,TRUE,TRUE,TRUE,FALSE
8,448,0.804043352591424,TRUE,TRUE,TRUE,FALSE
8,449,0.806284778799665,TRUE,TRUE,TRUE,FALSE
8,450,0.806095075915217,TRUE,TRUE,TRUE,FALSE
8,451,0.798808830985436,TRUE,TRUE,TRUE,FALSE
8,452,0.794691310598214,TRUE,TRUE,TRUE,FALSE
8,453,0.800456297565862,TRUE,TRUE,TRUE,FALSE
8,454,0.79637043799676,TRUE,TRUE,TRUE,FALSE
8,455,0.793736054944957,TRUE,TRUE,TRUE,FALSE
8,456,0.794229047884457,TRUE,TRUE,TRUE,FALSE
8,457,0.799613652511355,TRUE,TRUE,TRUE,FALSE
8,458,0.79974255178356,TRUE,TRUE,TRUE,FALSE
8,459,0.791943510471297,TRUE,TRUE,TRUE,FALSE
8,460,0.804476004446309,TRUE,TRUE,TRUE,FALSE
8,461,0.799005438128287,TRUE,TRUE,TRUE,FALSE
8,462,0.804386137734564,TRUE,TRUE,TRUE,FALSE
8,463,0.803785788279193,TRUE,TRUE,TRUE,FALSE
8,464,0.800005892367324,TRUE,TRUE,TRUE,FALSE
8,465,0.80357249355659,TRUE,TRUE,TRUE,FALSE
8,466,0.797379088084267,TRUE,TRUE,TRUE,FALSE
8,467,0.798425802798247,TRUE,TRUE,TRUE,FALSE
8,468,0.800499163795553,TRUE,TRUE,TRUE,FALSE
8,469,0.797899365267226,TRUE,TRUE,TRUE,FALSE
8,470,0.796255403600524,TRUE,TRUE,TRUE,FALSE
8,471,0.798774074432848,TRUE,TRUE,TRUE,FALSE
8,472,0.806859095981106,TRUE,TRUE,TRUE,FALSE
8,473,0.800640272689234,TRUE,TRUE,TRUE,FALSE
8,474,0.795165985898013,TRUE,TRUE,TRUE,FALSE
8,475,0.807034265187402,TRUE,TRUE,TRUE,FALSE
8,476,0.805835252207329,TRUE,TRUE,TRUE,FALSE
8,477,0.79802523845208,TRUE,TRUE,TRUE,FALSE
8,478,0.804495542320748,TRUE,TRUE,TRUE,FALSE
8,479,0.804005673198882,TRUE,TRUE,TRUE,FALSE
8,480,0.797562303851367,TRUE,TRUE,TRUE,FALSE
8,481,0.79764750695976,TRUE,TRUE,TRUE,FALSE
8,482,0.800484101645365,TRUE,TRUE,TRUE,FALSE
8,483,0.798825645028588,TRUE,TRUE,TRUE,FALSE
8,484,0.79749128813402,TRUE,TRUE,TRUE,FALSE
8,485,0.79927587116354,TRUE,TRUE,TRUE,FALSE
8,486,0.793980907551916,TRUE,TRUE,TRUE,FALSE
8,487,0.800824819764085,TRUE,TRUE,TRUE,FALSE
8,488,0.800395138134231,TRUE,TRUE,TRUE,FALSE
8,489,0.799238514173857,TRUE,TRUE,TRUE,FALSE
8,490,0.793389383253245,TRUE,TRUE,TRUE,FALSE
8,491,0.802912641837516,TRUE,TRUE,TRUE,FALSE
8,492,0.793366825411748,TRUE,TRUE,TRUE,FALSE
8,493,0.799899013354185,TRUE,TRUE,TRUE,FALSE
8,494,0.803400806671906,TRUE,TRUE,TRUE,FALSE
8,495,0.798107352134674,TRUE,TRUE,TRUE,FALSE
8,496,0.796584680504666,TRUE,TRUE,TRUE,FALSE
8,497,0.803250138011713,TRUE,TRUE,TRUE,FALSE
8,498,0.80414646957771,TRUE,TRUE,TRUE,FALSE
8,499,0.810378222987774,FALSE,TRUE,TRUE,FALSE
8,500,0.794380443996218,TRUE,TRUE,TRUE,FALSE
8,501,0.79866948716715,TRUE,TRUE,TRUE,FALSE
8,502,0.795793190997155,TRUE,TRUE,TRUE,FALSE
8,503,0.811802867840972,FALSE,TRUE,TRUE,FALSE
8,504,0.800064393811602,TRUE,TRUE,TRUE,FALSE
8,505,0.795987623007993,TRUE,TRUE,TRUE,FALSE
8,506,0.810393846273789,FALSE,TRUE,TRUE,FALSE
8,507,0.798644461181603,TRUE,TRUE,TRUE,FALSE
8,508,0.808346588158625,TRUE,TRUE,TRUE,FALSE
8,509,0.796726961662834,TRUE,TRUE,TRUE,FALSE
8,510,0.794182358162706,TRUE,TRUE,TRUE,FALSE
8,511,0.80374282909656,TRUE,TRUE,TRUE,FALSE
8,512,0.795566819261713,TRUE,TRUE,TRUE,FALSE
8,513,0.799841541618166,TRUE,TRUE,TRUE,FALSE
8,514,0.804311042620202,TRUE,TRUE,TRUE,FALSE
8,515,0.793420728155115,TRUE,TRUE,TRUE,FALSE
8,516,0.802557745808011,TRUE,TRUE,TRUE,FALSE
8,517,0.797769419925463,TRUE,TRUE,TRUE,FALSE
8,518,0.808140356270127,TRUE,TRUE,TRUE,FALSE
8,519,0.796373296198843,TRUE,TRUE,TRUE,FALSE
8,520,0.794812489576442,TRUE,TRUE,TRUE,FALSE
8,521,0.792350591027328,TRUE,TRUE,TRUE,FALSE
8,522,0.800444942405234,TRUE,TRUE,TRUE,FALSE
8,523,0.794408790668184,TRUE,TRUE,TRUE,FALSE
8,524,0.805813031699637,TRUE,TRUE,TRUE,FALSE
8,525,0.794789959903172,TRUE,TRUE,TRUE,FALSE
8,526,0.805662606242484,TRUE,TRUE,TRUE,FALSE
8,527,0.791316887687008,TRUE,TRUE,TRUE,FALSE
8,528,0.796792190020322,TRUE,TRUE,TRUE,FALSE
8,529,0.811630144908632,FALSE,TRUE,TRUE,FALSE
8,530,0.79669898065479,TRUE,TRUE,TRUE,FALSE
8,531,0.801320925647156,TRUE,TRUE,TRUE,FALSE
8,532,0.796688258582228,TRUE,TRUE,TRUE,FALSE
8,533,0.800238500631968,TRUE,TRUE,TRUE,FALSE
8,534,0.795273655111999,TRUE,TRUE,TRUE,FALSE
8,535,0.804335125108045,TRUE,TRUE,TRUE,FALSE
8,536,0.795052011389823,TRUE,TRUE,TRUE,FALSE
8,537,0.801795426982683,TRUE,TRUE,TRUE,FALSE
8,538,0.806608703721776,TRUE,TRUE,TRUE,FALSE
8,539,0.79460099327672,TRUE,TRUE,TRUE,FALSE
8,540,0.797054349138009,TRUE,TRUE,TRUE,FALSE
8,541,0.804546343534181,TRUE,TRUE,TRUE,FALSE
8,542,0.81130974005579,FALSE,TRUE,TRUE,FALSE
8,543,0.799185179761095,TRUE,TRUE,TRUE,FALSE
8,544,0.803786515179366,TRUE,TRUE,TRUE,FALSE
8,545,0.805676856239325,TRUE,TRUE,TRUE,FALSE
8,546,0.804984459745568,TRUE,TRUE,TRUE,FALSE
8,547,0.797407195558805,TRUE,TRUE,TRUE,FALSE
8,548,0.802245772701737,TRUE,TRUE,TRUE,FALSE
8,549,0.801103822138161,TRUE,TRUE,TRUE,FALSE
8,550,0.798311018259978,TRUE,TRUE,TRUE,FALSE
8,551,0.802427171591485,TRUE,TRUE,TRUE,FALSE
8,552,0.807823656799615,TRUE,TRUE,TRUE,FALSE
8,553,0.802439012350158,TRUE,TRUE,TRUE,FALSE
8,554,0.79249557768437,FALSE,TRUE,TRUE,FALSE
8,555,0.795489658708306,TRUE,TRUE,TRUE,FALSE
8,556,0.802641795716389,TRUE,TRUE,TRUE,FALSE
8,557,0.796111283810267,TRUE,TRUE,TRUE,FALSE
8,558,0.799518890808781,TRUE,TRUE,TRUE,FALSE
8,559,0.798145299350904,TRUE,TRUE,TRUE,FALSE
8,560,0.799130341207861,TRUE,TRUE,TRUE,FALSE
8,561,0.793428092223907,TRUE,TRUE,TRUE,FALSE
8,562,0.794365115382938,TRUE,TRUE,TRUE,FALSE
8,563,0.806787199598564,TRUE,TRUE,TRUE,FALSE
8,564,0.794191311245768,TRUE,TRUE,TRUE,FALSE
8,565,0.801578870653723,TRUE,TRUE,TRUE,FALSE
8,566,0.803127969903316,TRUE,TRUE,TRUE,FALSE
8,567,0.804821873999337,TRUE,TRUE,TRUE,FALSE
8,568,0.800766627934491,TRUE,TRUE,TRUE,FALSE
8,569,0.803232344127036,TRUE,TRUE,TRUE,FALSE
8,570,0.803895368092216,TRUE,TRUE,TRUE,FALSE
8,571,0.79999396412847,TRUE,TRUE,TRUE,FALSE
8,572,0.801745220850956,TRUE,TRUE,TRUE,FALSE
8,573,0.807048081463228,TRUE,TRUE,TRUE,FALSE
8,574,0.800472738740763,TRUE,TRUE,TRUE,FALSE
8,575,0.798488419111669,TRUE,TRUE,TRUE,FALSE
8,576,0.804455091276984,TRUE,TRUE,TRUE,FALSE
8,577,0.798835027281808,TRUE,TRUE,TRUE,FALSE
8,578,0.806037881367572,TRUE,TRUE,TRUE,FALSE
8,579,0.808015129987155,FALSE,TRUE,TRUE,FALSE
8,580,0.795866757090362,TRUE,TRUE,TRUE,FALSE
8,581,0.797956287367725,TRUE,TRUE,TRUE,FALSE
8,582,0.802414616478071,TRUE,TRUE,TRUE,FALSE
8,583,0.801940133367715,TRUE,TRUE,TRUE,FALSE
8,584,0.80813810193128,TRUE,TRUE,TRUE,FALSE
8,585,0.804506546467585,TRUE,TRUE,TRUE,FALSE
8,586,0.793308947424258,TRUE,TRUE,TRUE,FALSE
8,587,0.796444413733222,TRUE,TRUE,TRUE,FALSE
8,588,0.799775075962411,TRUE,TRUE,TRUE,FALSE
8,589,0.802879127791517,TRUE,TRUE,TRUE,FALSE
8,590,0.804778859643352,TRUE,TRUE,TRUE,FALSE
8,591,0.79725918229505,TRUE,TRUE,TRUE,FALSE
8,592,0.803377755137146,TRUE,TRUE,TRUE,FALSE
8,593,0.801932609467658,TRUE,TRUE,TRUE,FALSE
8,594,0.797706755912027,TRUE,TRUE,TRUE,FALSE
8,595,0.793378953629498,TRUE,TRUE,TRUE,FALSE
8,596,0.798952210755999,TRUE,TRUE,TRUE,FALSE
8,597,0.8018408580835,TRUE,TRUE,TRUE,FALSE
8,598,0.802243773063272,TRUE,TRUE,TRUE,FALSE
8,599,0.798732855803604,TRUE,TRUE,TRUE,FALSE
8,600,0.793731710915957,TRUE,TRUE,TRUE,FALSE
8,601,0.802356041026654,TRUE,TRUE,TRUE,FALSE
8,602,0.798356983614177,TRUE,TRUE,TRUE,FALSE
8,603,0.792663178112469,TRUE,TRUE,TRUE,FALSE
8,604,0.792800019408093,TRUE,TRUE,TRUE,FALSE
8,605,0.798696463632217,TRUE,TRUE,TRUE,FALSE
8,606,0.801786252178307,TRUE,TRUE,TRUE,FALSE
8,607,0.803001650376436,TRUE,TRUE,TRUE,FALSE
8,608,0.807833941092511,TRUE,TRUE,TRUE,FALSE
8,609,0.802350821488308,TRUE,TRUE,TRUE,FALSE
8,610,0.797369918657674,TRUE,TRUE,TRUE,FALSE
8,611,0.806479902871278,TRUE,TRUE,TRUE,FALSE
8,612,0.803430279315682,TRUE,TRUE,TRUE,FALSE
8,613,0.798187754161082,TRUE,TRUE,TRUE,FALSE
8,614,0.8020842032057,TRUE,TRUE,TRUE,FALSE
8,615,0.791555978766977,FALSE,TRUE,TRUE,FALSE
8,616,0.796133055720883,TRUE,TRUE,TRUE,FALSE
8,617,0.800261224513745,TRUE,TRUE,TRUE,FALSE
8,618,0.80686899518803,TRUE,TRUE,TRUE,FALSE
8,619,0.805263561156013,TRUE,TRUE,TRUE,FALSE
8,620,0.799050648161343,TRUE,TRUE,TRUE,FALSE
8,621,0.798367174527257,TRUE,TRUE,TRUE,FALSE
8,622,0.80091015725682,TRUE,TRUE,TRUE,FALSE
8,623,0.79982508990535,TRUE,TRUE,TRUE,FALSE
8,624,0.795416585325165,TRUE,TRUE,TRUE,FALSE
8,625,0.802590218248703,TRUE,TRUE,TRUE,FALSE
8,626,0.800973894112435,TRUE,TRUE,TRUE,FALSE
8,627,0.793827167911772,TRUE,TRUE,TRUE,FALSE
8,628,0.798905270447375,TRUE,TRUE,TRUE,FALSE
8,629,0.799058082332904,TRUE,TRUE,TRUE,FALSE
8,630,0.791206511434439,FALSE,TRUE,TRUE,FALSE
8,631,0.800190517550301,TRUE,TRUE,TRUE,FALSE
8,632,0.796204347297126,TRUE,TRUE,TRUE,FALSE
8,633,0.797971691023809,TRUE,TRUE,TRUE,FALSE
8,634,0.799981249204792,TRUE,TRUE,TRUE,FALSE
8,635,0.798095931394839,TRUE,TRUE,TRUE,FALSE
8,636,0.809430472651618,FALSE,TRUE,TRUE,FALSE
8,637,0.792766993505868,TRUE,TRUE,TRUE,FALSE
8,638,0.806300200415411,TRUE,TRUE,TRUE,FALSE
8,639,0.792509542329626,TRUE,TRUE,TRUE,FALSE
8,640,0.797181275455707,TRUE,TRUE,TRUE,FALSE
8,641,0.795243433779946,TRUE,TRUE,TRUE,FALSE
8,642,0.800156539657871,TRUE,TRUE,TRUE,FALSE
8,643,0.801815446654693,TRUE,TRUE,TRUE,FALSE
8,644,0.80183821592905,TRUE,TRUE,TRUE,FALSE
8,645,0.803475326663736,TRUE,TRUE,TRUE,FALSE
8,646,0.803186449319794,TRUE,TRUE,TRUE,FALSE
8,647,0.806681640813136,TRUE,TRUE,TRUE,FALSE
8,648,0.800914927911352,TRUE,TRUE,TRUE,FALSE
8,649,0.796729103204401,TRUE,TRUE,TRUE,FALSE
8,650,0.801118153950367,TRUE,TRUE,TRUE,FALSE
8,651,0.791760716186942,FALSE,TRUE,TRUE,FALSE
8,652,0.797748531848196,TRUE,TRUE,TRUE,FALSE
8,653,0.801679282504302,TRUE,TRUE,TRUE,FALSE
8,654,0.799586523370641,TRUE,TRUE,TRUE,FALSE
8,655,0.80547739074457,TRUE,TRUE,TRUE,FALSE
8,656,0.809009431386831,FALSE,TRUE,TRUE,FALSE
8,657,0.801764301969303,TRUE,TRUE,TRUE,FALSE
8,658,0.788846778852759,FALSE,TRUE,TRUE,FALSE
8,659,0.798873991192971,TRUE,TRUE,TRUE,FALSE
8,660,0.80297080540569,TRUE,TRUE,TRUE,FALSE
8,661,0.798264274425168,TRUE,TRUE,TRUE,FALSE
8,662,0.798309157640746,TRUE,TRUE,TRUE,FALSE
8,663,0.798525832476176,TRUE,TRUE,TRUE,FALSE
8,664,0.804112306260747,TRUE,TRUE,TRUE,FALSE
8,665,0.801491041507253,TRUE,TRUE,TRUE,FALSE
8,666,0.806834094786903,TRUE,TRUE,TRUE,FALSE
8,667,0.798810948916311,TRUE,TRUE,TRUE,FALSE
8,668,0.787600347127526,FALSE,TRUE,TRUE,FALSE
8,669,0.799107705511843,TRUE,TRUE,TRUE,FALSE
8,670,0.804403725971691,TRUE,TRUE,TRUE,FALSE
8,671,0.793363422300492,TRUE,TRUE,TRUE,FALSE
8,672,0.798408652816522,TRUE,TRUE,TRUE,FALSE
8,673,0.79618128748068,TRUE,TRUE,TRUE,FALSE
8,674,0.806383384921426,TRUE,TRUE,TRUE,FALSE
8,675,0.798212642920959,TRUE,TRUE,TRUE,FALSE
8,676,0.807350105017517,TRUE,TRUE,TRUE,FALSE
8,677,0.801474474550297,TRUE,TRUE,TRUE,FALSE
8,678,0.799937364665216,TRUE,TRUE,TRUE,FALSE
8,679,0.80309510602546,TRUE,TRUE,TRUE,FALSE
8,680,0.801300604212912,TRUE,TRUE,TRUE,FALSE
8,681,0.801192105684738,TRUE,TRUE,TRUE,FALSE
8,682,0.798063431268106,TRUE,TRUE,TRUE,FALSE
8,683,0.80203378260724,TRUE,TRUE,TRUE,FALSE
8,684,0.799878456245657,TRUE,TRUE,TRUE,FALSE
8,685,0.800314709758022,TRUE,TRUE,TRUE,FALSE
8,686,0.797503654040972,TRUE,TRUE,TRUE,FALSE
8,687,0.796983946820092,TRUE,TRUE,TRUE,FALSE
8,688,0.801688949157396,TRUE,TRUE,TRUE,FALSE
8,689,0.808962688512554,FALSE,TRUE,TRUE,FALSE
8,690,0.789669885243177,FALSE,TRUE,TRUE,FALSE
8,691,0.803637075756158,TRUE,TRUE,TRUE,FALSE
8,692,0.803514431356506,TRUE,TRUE,TRUE,FALSE
8,693,0.79594548312483,TRUE,TRUE,TRUE,FALSE
8,694,0.805941750681811,TRUE,TRUE,TRUE,FALSE
8,695,0.793081444287137,TRUE,TRUE,TRUE,FALSE
8,696,0.799331644187786,TRUE,TRUE,TRUE,FALSE
8,697,0.795407500661861,TRUE,TRUE,TRUE,FALSE
8,698,0.805602026567342,TRUE,TRUE,TRUE,FALSE
8,699,0.799284029993387,TRUE,TRUE,TRUE,FALSE
8,700,0.799697272492221,TRUE,TRUE,TRUE,FALSE
8,701,0.798004470634255,TRUE,TRUE,TRUE,FALSE
8,702,0.800601042756394,TRUE,TRUE,TRUE,FALSE
8,703,0.799518973272736,TRUE,TRUE,TRUE,FALSE
8,704,0.805044633802121,TRUE,TRUE,TRUE,FALSE
8,705,0.797091452044768,TRUE,TRUE,TRUE,FALSE
8,706,0.807084605759363,TRUE,TRUE,TRUE,FALSE
8,707,0.793057890385719,FALSE,TRUE,TRUE,FALSE
8,708,0.803729306760627,TRUE,TRUE,TRUE,FALSE
8,709,0.796618383987239,TRUE,TRUE,TRUE,FALSE
8,710,0.795545800153127,TRUE,TRUE,TRUE,FALSE
8,711,0.802587029058651,TRUE,TRUE,TRUE,FALSE
8,712,0.802920425590454,TRUE,TRUE,TRUE,FALSE
8,713,0.807921866033237,TRUE,TRUE,TRUE,FALSE
8,714,0.789093799397967,FALSE,TRUE,TRUE,FALSE
8,715,0.807885494883422,FALSE,TRUE,TRUE,FALSE
8,716,0.805296513024812,TRUE,TRUE,TRUE,FALSE
8,717,0.795851675219777,TRUE,TRUE,TRUE,FALSE
8,718,0.798992012182285,TRUE,TRUE,TRUE,FALSE
8,719,0.79526813165838,TRUE,TRUE,TRUE,FALSE
8,720,0.806678557508846,TRUE,TRUE,TRUE,FALSE
8,721,0.797630248333061,TRUE,TRUE,TRUE,FALSE
8,722,0.793923232945186,TRUE,TRUE,TRUE,FALSE
8,723,0.806216372931007,TRUE,TRUE,TRUE,FALSE
8,724,0.800994546858268,TRUE,TRUE,TRUE,FALSE
8,725,0.799768132740959,TRUE,TRUE,TRUE,FALSE
8,726,0.798774903873117,TRUE,TRUE,TRUE,FALSE
8,727,0.802765712442361,TRUE,TRUE,TRUE,FALSE
8,728,0.794054540839328,TRUE,TRUE,TRUE,FALSE
8,729,0.809098515305684,TRUE,TRUE,TRUE,FALSE
8,730,0.79696960655843,TRUE,TRUE,TRUE,FALSE
8,731,0.797816457984906,TRUE,TRUE,TRUE,FALSE
8,732,0.799579972792393,TRUE,TRUE,TRUE,FALSE
8,733,0.802238481936998,TRUE,TRUE,TRUE,FALSE
8,734,0.798167655374554,TRUE,TRUE,TRUE,FALSE
8,735,0.807540159973314,TRUE,TRUE,TRUE,FALSE
8,736,0.801784719372261,TRUE,TRUE,TRUE,FALSE
8,737,0.807104996694311,TRUE,TRUE,TRUE,FALSE
8,738,0.798836631444919,TRUE,TRUE,TRUE,FALSE
8,739,0.794413081327913,TRUE,TRUE,TRUE,FALSE
8,740,0.800176014364034,TRUE,TRUE,TRUE,FALSE
8,741,0.792374916622901,TRUE,TRUE,TRUE,FALSE
8,742,0.794271576829019,TRUE,TRUE,TRUE,FALSE
8,743,0.798108800121142,TRUE,TRUE,TRUE,FALSE
8,744,0.79976089702099,TRUE,TRUE,TRUE,FALSE
8,745,0.803419227988429,TRUE,TRUE,TRUE,FALSE
8,746,0.805403557888608,TRUE,TRUE,TRUE,FALSE
8,747,0.794720578872981,TRUE,TRUE,TRUE,FALSE
8,748,0.794332381508441,TRUE,TRUE,TRUE,FALSE
8,749,0.803934849377364,TRUE,TRUE,TRUE,FALSE
8,750,0.787201392313673,FALSE,TRUE,TRUE,FALSE
8,751,0.800823709314155,TRUE,TRUE,TRUE,FALSE
8,752,0.800363501090219,TRUE,TRUE,TRUE,FALSE
8,753,0.800516224823123,TRUE,TRUE,TRUE,FALSE
8,754,0.809129322813845,TRUE,TRUE,TRUE,FALSE
8,755,0.803599144122576,TRUE,TRUE,TRUE,FALSE
8,756,0.79886261903327,TRUE,TRUE,TRUE,FALSE
8,757,0.798745222632583,TRUE,TRUE,TRUE,FALSE
8,758,0.801955722307627,TRUE,TRUE,TRUE,FALSE
8,759,0.802616126868469,TRUE,TRUE,TRUE,FALSE
8,760,0.797398691704958,TRUE,TRUE,TRUE,FALSE
8,761,0.80402392356985,TRUE,TRUE,TRUE,FALSE
8,762,0.805478455477239,TRUE,TRUE,TRUE,FALSE
8,763,0.804384226913975,TRUE,TRUE,TRUE,FALSE
8,764,0.795439332596521,TRUE,TRUE,TRUE,FALSE
8,765,0.786602737627614,FALSE,TRUE,TRUE,FALSE
8,766,0.796949909658464,TRUE,TRUE,TRUE,FALSE
8,767,0.800102324559452,TRUE,TRUE,TRUE,FALSE
8,768,0.797837602489954,TRUE,TRUE,TRUE,FALSE
8,769,0.789516356810247,FALSE,TRUE,TRUE,FALSE
8,770,0.800925245051903,TRUE,TRUE,TRUE,FALSE
8,771,0.798350535231057,TRUE,TRUE,TRUE,FALSE
8,772,0.800691417050148,TRUE,TRUE,TRUE,FALSE
8,773,0.795460479032618,TRUE,TRUE,TRUE,FALSE
8,774,0.800821707402769,TRUE,TRUE,TRUE,FALSE
8,775,0.799152910556996,TRUE,TRUE,TRUE,FALSE
8,776,0.802785982803972,TRUE,TRUE,TRUE,FALSE
8,777,0.792752579760925,TRUE,TRUE,TRUE,FALSE
8,778,0.80602443728164,TRUE,TRUE,TRUE,FALSE
8,779,0.795353736318349,TRUE,TRUE,TRUE,FALSE
8,780,0.796713561396017,TRUE,TRUE,TRUE,FALSE
8,781,0.792102235863025,FALSE,TRUE,TRUE,FALSE
8,782,0.799616053065925,TRUE,TRUE,TRUE,FALSE
8,783,0.802623326147553,TRUE,TRUE,TRUE,FALSE
8,784,0.791383948088437,TRUE,TRUE,TRUE,FALSE
8,785,0.805953509571742,TRUE,TRUE,TRUE,FALSE
8,786,0.793174803827493,TRUE,TRUE,TRUE,FALSE
8,787,0.792386019496222,TRUE,TRUE,TRUE,FALSE
8,788,0.796484715482264,TRUE,TRUE,TRUE,FALSE
8,789,0.801590003625768,TRUE,TRUE,TRUE,FALSE
8,790,0.788662564758143,FALSE,TRUE,TRUE,FALSE
8,791,0.805488802891929,TRUE,TRUE,TRUE,FALSE
8,792,0.804907996922179,TRUE,TRUE,TRUE,FALSE
8,793,0.800763915385236,TRUE,TRUE,TRUE,FALSE
8,794,0.803723305845747,TRUE,TRUE,TRUE,FALSE
8,795,0.801024580873666,TRUE,TRUE,TRUE,FALSE
8,796,0.796268665100892,TRUE,TRUE,TRUE,FALSE
8,797,0.796296496980828,TRUE,TRUE,TRUE,FALSE
8,798,0.801081153790414,TRUE,TRUE,TRUE,FALSE
8,799,0.802674227681501,TRUE,TRUE,TRUE,FALSE
8,800,0.800574794690401,TRUE,TRUE,TRUE,FALSE
8,801,0.801966386079864,TRUE,TRUE,TRUE,FALSE
8,802,0.801605900703207,TRUE,TRUE,TRUE,FALSE
8,803,0.811121700950062,FALSE,TRUE,TRUE,FALSE
8,804,0.793422003910513,TRUE,TRUE,TRUE,FALSE
8,805,0.801711375500453,TRUE,TRUE,TRUE,FALSE
8,806,0.797549695764285,TRUE,TRUE,TRUE,FALSE
8,807,0.804072593595249,TRUE,TRUE,TRUE,FALSE
8,808,0.794283036954869,TRUE,TRUE,TRUE,FALSE
8,809,0.797665404247148,TRUE,TRUE,TRUE,FALSE
8,810,0.797339768679033,TRUE,TRUE,TRUE,FALSE
8,811,0.805361107236345,TRUE,TRUE,TRUE,FALSE
8,812,0.802585480872582,TRUE,TRUE,TRUE,FALSE
8,813,0.805335252877023,TRUE,TRUE,TRUE,FALSE
8,814,0.800938106287732,TRUE,TRUE,TRUE,FALSE
8,815,0.796996785737992,TRUE,TRUE,TRUE,FALSE
8,816,0.802525614518431,TRUE,TRUE,TRUE,FALSE
8,817,0.796099445241646,TRUE,TRUE,TRUE,FALSE
8,818,0.798577703059001,TRUE,TRUE,TRUE,FALSE
8,819,0.793657636969275,TRUE,TRUE,TRUE,FALSE
8,820,0.807078493516028,TRUE,TRUE,TRUE,FALSE
8,821,0.807322296530973,FALSE,TRUE,TRUE,FALSE
8,822,0.801386487815237,TRUE,TRUE,TRUE,FALSE
8,823,0.796065904170849,TRUE,TRUE,TRUE,FALSE
8,824,0.802146082299268,TRUE,TRUE,TRUE,FALSE
8,825,0.797731221706385,TRUE,TRUE,TRUE,FALSE
8,826,0.809916279121487,FALSE,TRUE,TRUE,FALSE
8,827,0.79015212139154,FALSE,TRUE,TRUE,FALSE
8,828,0.799053211633808,TRUE,TRUE,TRUE,FALSE
8,829,0.796969151295241,TRUE,TRUE,TRUE,FALSE
8,830,0.7983858900982,TRUE,TRUE,TRUE,FALSE
8,831,0.796217006688578,TRUE,TRUE,TRUE,FALSE
8,832,0.80237460405557,TRUE,TRUE,TRUE,FALSE
8,833,0.799066506853354,TRUE,TRUE,TRUE,FALSE
8,834,0.800194744742523,TRUE,TRUE,TRUE,FALSE
8,835,0.810365491421277,FALSE,TRUE,TRUE,FALSE
8,836,0.796329620824964,TRUE,TRUE,TRUE,FALSE
8,837,0.80424502174513,TRUE,TRUE,TRUE,FALSE
8,838,0.801126487690155,TRUE,TRUE,TRUE,FALSE
8,839,0.80276999793224,TRUE,TRUE,TRUE,FALSE
8,840,0.799124822379658,TRUE,TRUE,TRUE,FALSE
8,841,0.801495838152236,TRUE,TRUE,TRUE,FALSE
8,842,0.799907530955922,TRUE,TRUE,TRUE,FALSE
8,843,0.799580955926336,TRUE,TRUE,TRUE,FALSE
8,844,0.794949544011776,TRUE,TRUE,TRUE,FALSE
8,845,0.797038182322527,TRUE,TRUE,TRUE,FALSE
8,846,0.797135755765365,TRUE,TRUE,TRUE,FALSE
8,847,0.801153353143419,TRUE,TRUE,TRUE,FALSE
8,848,0.79209007787699,TRUE,TRUE,TRUE,FALSE
8,849,0.802377110372086,TRUE,TRUE,TRUE,FALSE
8,850,0.804803911065003,TRUE,TRUE,TRUE,FALSE
8,851,0.793407494213509,TRUE,TRUE,TRUE,FALSE
8,852,0.798818783577319,TRUE,TRUE,TRUE,FALSE
8,853,0.802338363896483,TRUE,TRUE,TRUE,FALSE
8,854,0.796674570445779,TRUE,TRUE,TRUE,FALSE
8,855,0.799637500640093,TRUE,TRUE,TRUE,FALSE
8,856,0.799363279701615,TRUE,TRUE,TRUE,FALSE
8,857,0.803644054438009,TRUE,TRUE,TRUE,FALSE
8,858,0.802141746702717,TRUE,TRUE,TRUE,FALSE
8,859,0.803143757398763,TRUE,TRUE,TRUE,FALSE
8,860,0.801043138102956,TRUE,TRUE,TRUE,FALSE
8,861,0.7990998478434,TRUE,TRUE,TRUE,FALSE
8,862,0.803209780570343,TRUE,TRUE,TRUE,FALSE
8,863,0.802410034492733,TRUE,TRUE,TRUE,FALSE
8,864,0.802401820125276,TRUE,TRUE,TRUE,FALSE
8,865,0.806363243909019,TRUE,TRUE,TRUE,FALSE
8,866,0.793656888120848,TRUE,TRUE,TRUE,FALSE
8,867,0.800574192034489,TRUE,TRUE,TRUE,FALSE
8,868,0.793199926457206,TRUE,TRUE,TRUE,FALSE
8,869,0.801499105599396,TRUE,TRUE,TRUE,FALSE
8,870,0.798515938574036,TRUE,TRUE,TRUE,FALSE
8,871,0.798534946234418,TRUE,TRUE,TRUE,FALSE
8,872,0.799149818184774,TRUE,TRUE,TRUE,FALSE
8,873,0.79643059284178,TRUE,TRUE,TRUE,FALSE
8,874,0.796008734326871,TRUE,TRUE,TRUE,FALSE
8,875,0.795754243103287,TRUE,TRUE,TRUE,FALSE
8,876,0.804083767555087,TRUE,TRUE,TRUE,FALSE
8,877,0.80892558807385,TRUE,TRUE,TRUE,FALSE
8,878,0.800586031458057,TRUE,TRUE,TRUE,FALSE
8,879,0.8058649500289,TRUE,TRUE,TRUE,FALSE
8,880,0.797444772071721,TRUE,TRUE,TRUE,FALSE
8,881,0.79600680213877,TRUE,TRUE,TRUE,FALSE
8,882,0.800835277349393,TRUE,TRUE,TRUE,FALSE
8,883,0.802930584392432,TRUE,TRUE,TRUE,FALSE
8,884,0.787791497781823,FALSE,TRUE,TRUE,FALSE
8,885,0.801022446551528,TRUE,TRUE,TRUE,FALSE
8,886,0.798306045367643,TRUE,TRUE,TRUE,FALSE
8,887,0.796593294419577,TRUE,TRUE,TRUE,FALSE
8,888,0.803202368823848,TRUE,TRUE,TRUE,FALSE
8,889,0.807585581651624,FALSE,TRUE,TRUE,FALSE
8,890,0.800153983210533,TRUE,TRUE,TRUE,FALSE
8,891,0.801597381940566,TRUE,TRUE,TRUE,FALSE
8,892,0.802795519327098,TRUE,TRUE,TRUE,FALSE
8,893,0.797893621172651,TRUE,TRUE,TRUE,FALSE
8,894,0.799705564392858,TRUE,TRUE,TRUE,FALSE
8,895,0.804209628729491,TRUE,TRUE,TRUE,FALSE
8,896,0.807997251084095,TRUE,TRUE,TRUE,FALSE
8,897,0.801364440834944,TRUE,TRUE,TRUE,FALSE
8,898,0.800631533533418,TRUE,TRUE,TRUE,FALSE
8,899,0.799129724047646,TRUE,TRUE,TRUE,FALSE
8,900,0.803672436912741,TRUE,TRUE,TRUE,FALSE
8,901,0.799775905860553,TRUE,TRUE,TRUE,FALSE
8,902,0.795170059217948,TRUE,TRUE,TRUE,FALSE
8,903,0.798712444779566,TRUE,TRUE,TRUE,FALSE
8,904,0.801069304414064,TRUE,TRUE,TRUE,FALSE
8,905,0.808785113708424,FALSE,TRUE,TRUE,FALSE
8,906,0.796928873403029,TRUE,TRUE,TRUE,FALSE
8,907,0.795634132455751,TRUE,TRUE,TRUE,FALSE
8,908,0.810251099430662,FALSE,TRUE,TRUE,FALSE
8,909,0.80350440999047,TRUE,TRUE,TRUE,FALSE
8,910,0.8030748346916,TRUE,TRUE,TRUE,FALSE
8,911,0.79495327921334,TRUE,TRUE,TRUE,FALSE
8,912,0.799061060020603,TRUE,TRUE,TRUE,FALSE
8,913,0.802871093200632,TRUE,TRUE,TRUE,FALSE
8,914,0.798285621201089,TRUE,TRUE,TRUE,FALSE
8,915,0.797686297105597,TRUE,TRUE,TRUE,FALSE
8,916,0.803857541416687,TRUE,TRUE,TRUE,FALSE
8,917,0.792367802602601,TRUE,TRUE,TRUE,FALSE
8,918,0.793587035475396,TRUE,TRUE,TRUE,FALSE
8,919,0.796738422236139,TRUE,TRUE,TRUE,FALSE
8,920,0.795009690482105,TRUE,TRUE,TRUE,FALSE
8,921,0.798422835156691,TRUE,TRUE,TRUE,FALSE
8,922,0.796212007187074,TRUE,TRUE,TRUE,FALSE
8,923,0.802614541278348,TRUE,TRUE,TRUE,FALSE
8,924,0.801659361808475,TRUE,TRUE,TRUE,FALSE
8,925,0.800307359832423,TRUE,TRUE,TRUE,FALSE
8,926,0.797963893798876,TRUE,TRUE,TRUE,FALSE
8,927,0.807322074695545,TRUE,TRUE,TRUE,FALSE
8,928,0.803129218804193,TRUE,TRUE,TRUE,FALSE
8,929,0.811082611211141,FALSE,TRUE,TRUE,FALSE
8,930,0.798481411968169,TRUE,TRUE,TRUE,FALSE
8,931,0.800592869798513,TRUE,TRUE,TRUE,FALSE
8,932,0.807868563935437,TRUE,TRUE,TRUE,FALSE
8,933,0.801253700346129,TRUE,TRUE,TRUE,FALSE
8,934,0.793721876575245,TRUE,TRUE,TRUE,FALSE
8,935,0.809899738057202,FALSE,TRUE,TRUE,FALSE
8,936,0.806217739436093,TRUE,TRUE,TRUE,FALSE
8,937,0.801936281365618,TRUE,TRUE,TRUE,FALSE
8,938,0.798977403015034,TRUE,TRUE,TRUE,FALSE
8,939,0.80799792904076,TRUE,TRUE,TRUE,FALSE
8,940,0.794288571397422,TRUE,TRUE,TRUE,FALSE
8,941,0.80220325504871,TRUE,TRUE,TRUE,FALSE
8,942,0.79470047854557,TRUE,TRUE,TRUE,FALSE
8,943,0.796019305948915,TRUE,TRUE,TRUE,FALSE
8,944,0.80708430962229,FALSE,TRUE,TRUE,FALSE
8,945,0.799389156063921,TRUE,TRUE,TRUE,FALSE
8,946,0.798588468714122,TRUE,TRUE,TRUE,FALSE
8,947,0.798302644691312,TRUE,TRUE,TRUE,FALSE
8,948,0.805672956101248,TRUE,TRUE,TRUE,FALSE
8,949,0.797021233579176,TRUE,TRUE,TRUE,FALSE
8,950,0.796484141092458,TRUE,TRUE,TRUE,FALSE
8,951,0.803412517689223,TRUE,TRUE,TRUE,FALSE
8,952,0.806186776051985,TRUE,TRUE,TRUE,FALSE
8,953,0.807944119480739,TRUE,TRUE,TRUE,FALSE
8,954,0.810984655672173,FALSE,TRUE,TRUE,FALSE
8,955,0.804237833026549,TRUE,TRUE,TRUE,FALSE
8,956,0.792768155154182,TRUE,TRUE,TRUE,FALSE
8,957,0.796217088423128,TRUE,TRUE,TRUE,FALSE
8,958,0.797503307343253,TRUE,TRUE,TRUE,FALSE
8,959,0.80417282598349,TRUE,TRUE,TRUE,FALSE
8,960,0.798387309695495,TRUE,TRUE,TRUE,FALSE
8,961,0.804654388192855,TRUE,TRUE,TRUE,FALSE
8,962,0.805418548003325,TRUE,TRUE,TRUE,FALSE
8,963,0.803396489478964,TRUE,TRUE,TRUE,FALSE
8,964,0.809835985933487,FALSE,TRUE,TRUE,FALSE
8,965,0.805730556770724,TRUE,TRUE,TRUE,FALSE
8,966,0.798673743250944,TRUE,TRUE,TRUE,FALSE
8,967,0.800442332462002,TRUE,TRUE,TRUE,FALSE
8,968,0.805451494718741,TRUE,TRUE,TRUE,FALSE
8,969,0.796407435747086,TRUE,TRUE,TRUE,FALSE
8,970,0.804265321331992,TRUE,TRUE,TRUE,FALSE
8,971,0.804083668268844,TRUE,TRUE,TRUE,FALSE
8,972,0.793226990489763,TRUE,TRUE,TRUE,FALSE
8,973,0.798920052659823,TRUE,TRUE,TRUE,FALSE
8,974,0.799718737728754,TRUE,TRUE,TRUE,FALSE
8,975,0.80039527134781,TRUE,TRUE,TRUE,FALSE
8,976,0.803671519881843,TRUE,TRUE,TRUE,FALSE
8,977,0.79684300173261,TRUE,TRUE,TRUE,FALSE
8,978,0.7963868389565,TRUE,TRUE,TRUE,FALSE
8,979,0.801021105847112,TRUE,TRUE,TRUE,FALSE
8,980,0.801459521515308,TRUE,TRUE,TRUE,FALSE
8,981,0.802355610273059,TRUE,TRUE,TRUE,FALSE
8,982,0.811363108033384,FALSE,TRUE,TRUE,FALSE
8,983,0.804205434226217,TRUE,TRUE,TRUE,FALSE
8,984,0.798330677615123,TRUE,TRUE,TRUE,FALSE
8,985,0.797264518399548,TRUE,TRUE,TRUE,FALSE
8,986,0.802783645090169,TRUE,TRUE,TRUE,FALSE
8,987,0.798185063553521,TRUE,TRUE,TRUE,FALSE
8,988,0.793150448085186,TRUE,TRUE,TRUE,FALSE
8,989,0.802360922698859,TRUE,TRUE,TRUE,FALSE
8,990,0.80122383855931,TRUE,TRUE,TRUE,FALSE
8,991,0.807563392331937,TRUE,TRUE,TRUE,FALSE
8,992,0.80102176337881,TRUE,TRUE,TRUE,FALSE
8,993,0.798815114635566,TRUE,TRUE,TRUE,FALSE
8,994,0.802340477700939,TRUE,TRUE,TRUE,FALSE
8,995,0.795516972513338,TRUE,TRUE,TRUE,FALSE
8,996,0.802553642095139,TRUE,TRUE,TRUE,FALSE
8,997,0.804462413534535,TRUE,TRUE,TRUE,FALSE
8,998,0.797599822612959,TRUE,TRUE,TRUE,FALSE
8,999,0.79847263565662,TRUE,TRUE,TRUE,FALSE
8,1000,0.803828835910339,TRUE,TRUE,TRUE,FALSE
9,1,1.01041434743587,FALSE,FALSE,TRUE,FALSE
9,2,0.992993420505416,TRUE,TRUE,TRUE,FALSE
9,3,1.00048661061007,TRUE,FALSE,TRUE,FALSE
9,4,1.00462299340495,TRUE,FALSE,TRUE,FALSE
9,5,0.997864046478892,TRUE,FALSE,TRUE,FALSE
9,6,1.01444330102139,FALSE,FALSE,TRUE,FALSE
9,7,1.0032446636331,TRUE,FALSE,TRUE,FALSE
9,8,0.999709765531894,TRUE,FALSE,TRUE,FALSE
9,9,0.988943408845358,FALSE,TRUE,TRUE,FALSE
9,10,0.996448308867387,TRUE,FALSE,TRUE,FALSE
9,11,1.00433020652056,TRUE,FALSE,TRUE,FALSE
9,12,1.00327262741381,TRUE,FALSE,TRUE,FALSE
9,13,0.998677680679807,TRUE,FALSE,TRUE,FALSE
9,14,0.99757670030416,TRUE,FALSE,TRUE,FALSE
9,15,1.0050749616253,TRUE,FALSE,TRUE,FALSE
9,16,1.00086269077523,TRUE,FALSE,TRUE,FALSE
9,17,0.994252341631614,TRUE,FALSE,TRUE,FALSE
9,18,0.994839858629847,TRUE,FALSE,TRUE,FALSE
9,19,0.998671577753277,TRUE,FALSE,TRUE,FALSE
9,20,1.00121547973479,TRUE,FALSE,TRUE,FALSE
9,21,1.00510193322088,TRUE,FALSE,TRUE,FALSE
9,22,0.996742816187726,TRUE,FALSE,TRUE,FALSE
9,23,0.997503963137156,TRUE,FALSE,TRUE,FALSE
9,24,0.996296253929544,TRUE,FALSE,TRUE,FALSE
9,25,1.00089221408597,TRUE,FALSE,TRUE,FALSE
9,26,0.995261379188012,TRUE,FALSE,TRUE,FALSE
9,27,0.994362452552996,TRUE,FALSE,TRUE,FALSE
9,28,0.999812471635299,TRUE,FALSE,TRUE,FALSE
9,29,1.00026208768365,TRUE,FALSE,TRUE,FALSE
9,30,1.00569255665055,TRUE,FALSE,TRUE,FALSE
9,31,1.00602901577798,TRUE,FALSE,TRUE,FALSE
9,32,1.00167544433667,TRUE,FALSE,TRUE,FALSE
9,33,0.997598606695271,TRUE,FALSE,TRUE,FALSE
9,34,0.992227535414968,TRUE,TRUE,TRUE,FALSE
9,35,0.997615466658952,TRUE,FALSE,TRUE,FALSE
9,36,1.00344005258298,TRUE,FALSE,TRUE,FALSE
9,37,0.996327953504156,TRUE,FALSE,TRUE,FALSE
9,38,0.992565783890672,TRUE,FALSE,TRUE,FALSE
9,39,0.998586982686002,TRUE,FALSE,TRUE,FALSE
9,40,0.998611992750139,TRUE,FALSE,TRUE,FALSE
9,41,0.996998393043003,TRUE,FALSE,TRUE,FALSE
9,42,1.00020276649495,TRUE,FALSE,TRUE,FALSE
9,43,1.00418819318644,TRUE,FALSE,TRUE,FALSE
9,44,0.99901676748044,TRUE,FALSE,TRUE,FALSE
9,45,1.00424475616159,TRUE,FALSE,TRUE,FALSE
9,46,1.00120598213975,TRUE,FALSE,TRUE,FALSE
9,47,0.997549004369174,TRUE,FALSE,TRUE,FALSE
9,48,0.984945151910202,FALSE,TRUE,TRUE,FALSE
9,49,0.998119898600156,TRUE,FALSE,TRUE,FALSE
9,50,1.00639447056008,TRUE,FALSE,TRUE,FALSE
9,51,1.00093491599595,TRUE,FALSE,TRUE,FALSE
9,52,0.991772090278994,TRUE,TRUE,TRUE,FALSE
9,53,1.00099319105348,TRUE,FALSE,TRUE,FALSE
9,54,1.00415801577419,TRUE,FALSE,TRUE,FALSE
9,55,1.00322102244863,TRUE,FALSE,TRUE,FALSE
9,56,0.995488981862343,TRUE,FALSE,TRUE,FALSE
9,57,1.00171380531173,TRUE,FALSE,TRUE,FALSE
9,58,1.00519786223344,TRUE,FALSE,TRUE,FALSE
9,59,1.00209680964812,TRUE,FALSE,TRUE,FALSE
9,60,0.994940404075336,TRUE,FALSE,TRUE,FALSE
9,61,1.00012210581319,TRUE,FALSE,TRUE,FALSE
9,62,0.998149700985101,TRUE,FALSE,TRUE,FALSE
9,63,0.995428653903234,TRUE,FALSE,TRUE,FALSE
9,64,0.99532363878715,TRUE,FALSE,TRUE,FALSE
9,65,0.996272452799477,TRUE,FALSE,TRUE,FALSE
9,66,0.998702611822651,TRUE,FALSE,TRUE,FALSE
9,67,0.994095464753407,TRUE,FALSE,TRUE,FALSE
9,68,0.988126998764635,FALSE,TRUE,TRUE,FALSE
9,69,0.997468676678109,TRUE,FALSE,TRUE,FALSE
9,70,1.0046278348679,TRUE,FALSE,TRUE,FALSE
9,71,1.00409213879237,TRUE,FALSE,TRUE,FALSE
9,72,0.995830945910853,TRUE,FALSE,TRUE,FALSE
9,73,0.995870334352203,TRUE,FALSE,TRUE,FALSE
9,74,0.996399131978614,TRUE,FALSE,TRUE,FALSE
9,75,1.00324716023676,TRUE,FALSE,TRUE,FALSE
9,76,1.00185913084398,TRUE,FALSE,TRUE,FALSE
9,77,0.999789755467682,TRUE,FALSE,TRUE,FALSE
9,78,0.99813715063176,TRUE,FALSE,TRUE,FALSE
9,79,1.00507010141732,TRUE,FALSE,TRUE,FALSE
9,80,0.989692803978699,FALSE,TRUE,TRUE,FALSE
9,81,0.998953342969845,TRUE,FALSE,TRUE,FALSE
9,82,0.998599197390946,TRUE,FALSE,TRUE,FALSE
9,83,0.999894261801586,TRUE,FALSE,TRUE,FALSE
9,84,1.01495780376031,FALSE,FALSE,TRUE,FALSE
9,85,1.00395037137563,TRUE,FALSE,TRUE,FALSE
9,86,1.00079605055263,TRUE,FALSE,TRUE,FALSE
9,87,1.00237786151677,TRUE,FALSE,TRUE,FALSE
9,88,1.00089293236534,TRUE,FALSE,TRUE,FALSE
9,89,1.00536371949035,TRUE,FALSE,TRUE,FALSE
9,90,0.999399923409085,TRUE,FALSE,TRUE,FALSE
9,91,1.00224722017175,TRUE,FALSE,TRUE,FALSE
9,92,0.997970268699772,TRUE,FALSE,TRUE,FALSE
9,93,1.00305034977579,TRUE,FALSE,TRUE,FALSE
9,94,1.00138560817655,TRUE,FALSE,TRUE,FALSE
9,95,0.99156857481364,TRUE,FALSE,TRUE,FALSE
9,96,0.997699255623558,TRUE,FALSE,TRUE,FALSE
9,97,0.996852062964186,TRUE,FALSE,TRUE,FALSE
9,98,0.992016296579285,TRUE,TRUE,TRUE,FALSE
9,99,1.00920859205867,FALSE,FALSE,TRUE,FALSE
9,100,1.00519173103454,TRUE,FALSE,TRUE,FALSE
9,101,0.999685443057141,TRUE,FALSE,TRUE,FALSE
9,102,0.997455152342469,TRUE,FALSE,TRUE,FALSE
9,103,1.00237781250769,TRUE,FALSE,TRUE,FALSE
9,104,1.00351889781772,TRUE,FALSE,TRUE,FALSE
9,105,0.990352837608438,FALSE,TRUE,TRUE,FALSE
9,106,0.995899650577291,TRUE,FALSE,TRUE,FALSE
9,107,1.00384437274384,TRUE,FALSE,TRUE,FALSE
9,108,0.998468594241421,TRUE,FALSE,TRUE,FALSE
9,109,1.00439177460165,TRUE,FALSE,TRUE,FALSE
9,110,1.00505556997484,TRUE,FALSE,TRUE,FALSE
9,111,0.997702692421461,TRUE,FALSE,TRUE,FALSE
9,112,0.999416289277923,TRUE,FALSE,TRUE,FALSE
9,113,0.996365339243075,TRUE,FALSE,TRUE,FALSE
9,114,0.999256331537971,TRUE,FALSE,TRUE,FALSE
9,115,0.998718055150978,TRUE,FALSE,TRUE,FALSE
9,116,1.0006078271741,TRUE,FALSE,TRUE,FALSE
9,117,0.997434804658496,TRUE,FALSE,TRUE,FALSE
9,118,0.999658575970512,TRUE,FALSE,TRUE,FALSE
9,119,1.00009691996812,TRUE,FALSE,TRUE,FALSE
9,120,1.0023933175043,TRUE,FALSE,TRUE,FALSE
9,121,0.996457188779648,TRUE,FALSE,TRUE,FALSE
9,122,1.00371403688641,TRUE,FALSE,TRUE,FALSE
9,123,1.00196274284797,TRUE,FALSE,TRUE,FALSE
9,124,0.997197583011693,TRUE,FALSE,TRUE,FALSE
9,125,0.997073946834231,TRUE,FALSE,TRUE,FALSE
9,126,0.993605793094933,TRUE,FALSE,TRUE,FALSE
9,127,1.00042284297824,TRUE,FALSE,TRUE,FALSE
9,128,1.00051595481002,TRUE,FALSE,TRUE,FALSE
9,129,0.996149448035444,TRUE,FALSE,TRUE,FALSE
9,130,1.00003391278976,TRUE,FALSE,TRUE,FALSE
9,131,0.996848062755972,TRUE,FALSE,TRUE,FALSE
9,132,0.99998608750117,TRUE,FALSE,TRUE,FALSE
9,133,1.00072048459869,TRUE,FALSE,TRUE,FALSE
9,134,1.00147769672701,TRUE,FALSE,TRUE,FALSE
9,135,1.00030619993751,TRUE,FALSE,TRUE,FALSE
9,136,0.994346837148494,TRUE,FALSE,TRUE,FALSE
9,137,1.00619719856347,TRUE,FALSE,TRUE,FALSE
9,138,0.998184564773213,TRUE,FALSE,TRUE,FALSE
9,139,0.996905150769004,TRUE,FALSE,TRUE,FALSE
9,140,0.999138134524509,TRUE,FALSE,TRUE,FALSE
9,141,0.994635008841933,TRUE,FALSE,TRUE,FALSE
9,142,1.00333968992307,TRUE,FALSE,TRUE,FALSE
9,143,0.991411782653341,TRUE,TRUE,TRUE,FALSE
9,144,0.991664222587563,FALSE,TRUE,TRUE,FALSE
9,145,1.00164775555555,TRUE,FALSE,TRUE,FALSE
9,146,0.989098132846559,FALSE,TRUE,TRUE,FALSE
9,147,0.995321481119911,TRUE,FALSE,TRUE,FALSE
9,148,0.995825826368263,TRUE,FALSE,TRUE,FALSE
9,149,1.00666231483654,TRUE,FALSE,TRUE,FALSE
9,150,0.99709248283947,TRUE,FALSE,TRUE,FALSE
9,151,1.00129358291907,TRUE,FALSE,TRUE,FALSE
9,152,0.995138669885416,TRUE,FALSE,TRUE,FALSE
9,153,1.00484008084149,TRUE,FALSE,TRUE,FALSE
9,154,0.99245346561758,TRUE,FALSE,TRUE,FALSE
9,155,0.997306576852278,TRUE,FALSE,TRUE,FALSE
9,156,0.999102722314234,TRUE,FALSE,TRUE,FALSE
9,157,0.998712957786139,TRUE,FALSE,TRUE,FALSE
9,158,0.993825241694914,TRUE,FALSE,TRUE,FALSE
9,159,1.00182624606998,TRUE,FALSE,TRUE,FALSE
9,160,1.0061845656531,TRUE,FALSE,TRUE,FALSE
9,161,1.0012885686873,TRUE,FALSE,TRUE,FALSE
9,162,0.999262916733209,TRUE,FALSE,TRUE,FALSE
9,163,0.996040507317156,TRUE,FALSE,TRUE,FALSE
9,164,0.992562862351203,FALSE,TRUE,TRUE,FALSE
9,165,0.996413518093417,TRUE,FALSE,TRUE,FALSE
9,166,0.997889280074542,TRUE,FALSE,TRUE,FALSE
9,167,0.999304833582842,TRUE,FALSE,TRUE,FALSE
9,168,0.996912893093017,TRUE,FALSE,TRUE,FALSE
9,169,1.00659591693528,TRUE,FALSE,TRUE,FALSE
9,170,0.995471168969416,TRUE,FALSE,TRUE,FALSE
9,171,0.996313929758008,TRUE,FALSE,TRUE,FALSE
9,172,1.00324969043247,TRUE,FALSE,TRUE,FALSE
9,173,1.00351277245903,TRUE,FALSE,TRUE,FALSE
9,174,1.0023143780544,TRUE,FALSE,TRUE,FALSE
9,175,0.999814613877665,TRUE,FALSE,TRUE,FALSE
9,176,0.995768855251958,TRUE,FALSE,TRUE,FALSE
9,177,0.997786591861994,TRUE,FALSE,TRUE,FALSE
9,178,0.996286081684711,TRUE,FALSE,TRUE,FALSE
9,179,1.00326987605447,TRUE,FALSE,TRUE,FALSE
9,180,0.996357967766106,TRUE,FALSE,TRUE,FALSE
9,181,0.997660420943746,TRUE,FALSE,TRUE,FALSE
9,182,0.993301523399393,TRUE,FALSE,TRUE,FALSE
9,183,0.995923654584202,TRUE,FALSE,TRUE,FALSE
9,184,0.997549828691112,TRUE,FALSE,TRUE,FALSE
9,185,1.00238427487239,TRUE,FALSE,TRUE,FALSE
9,186,0.993404897406027,TRUE,FALSE,TRUE,FALSE
9,187,0.996608487058519,TRUE,FALSE,TRUE,FALSE
9,188,1.00164542159965,TRUE,FALSE,TRUE,FALSE
9,189,1.00123060781169,TRUE,FALSE,TRUE,FALSE
9,190,1.00063485581573,TRUE,FALSE,TRUE,FALSE
9,191,1.00131057373807,TRUE,FALSE,TRUE,FALSE
9,192,1.00800724555362,TRUE,FALSE,TRUE,FALSE
9,193,0.999738375540307,TRUE,FALSE,TRUE,FALSE
9,194,0.987049500447155,FALSE,TRUE,TRUE,FALSE
9,195,1.00159149236229,TRUE,FALSE,TRUE,FALSE
9,196,0.994882956495336,TRUE,FALSE,TRUE,FALSE
9,197,1.0011002210028,TRUE,FALSE,TRUE,FALSE
9,198,1.00590810107559,TRUE,FALSE,TRUE,FALSE
9,199,0.996782079151843,TRUE,FALSE,TRUE,FALSE
9,200,0.993368921299866,TRUE,FALSE,TRUE,FALSE
9,201,1.0038427849463,TRUE,FALSE,TRUE,FALSE
9,202,0.997071134825663,TRUE,FALSE,TRUE,FALSE
9,203,1.00345901938035,TRUE,FALSE,TRUE,FALSE
9,204,1.00696369796893,TRUE,FALSE,TRUE,FALSE
9,205,0.994452395626996,TRUE,FALSE,TRUE,FALSE
9,206,0.997261215618476,TRUE,FALSE,TRUE,FALSE
9,207,1.00571518199369,TRUE,FALSE,TRUE,FALSE
9,208,1.00062067527465,TRUE,FALSE,TRUE,FALSE
9,209,0.997558024053735,TRUE,FALSE,TRUE,FALSE
9,210,0.998427125801136,TRUE,FALSE,TRUE,FALSE
9,211,0.989933656721567,FALSE,TRUE,TRUE,FALSE
9,212,1.00188897227482,TRUE,FALSE,TRUE,FALSE
9,213,0.996824107770852,TRUE,FALSE,TRUE,FALSE
9,214,0.996588343381383,TRUE,FALSE,TRUE,FALSE
9,215,0.994837967012971,TRUE,FALSE,TRUE,FALSE
9,216,1.00542399451422,TRUE,FALSE,TRUE,FALSE
9,217,0.999242229725011,TRUE,FALSE,TRUE,FALSE
9,218,1.0012265566862,TRUE,FALSE,TRUE,FALSE
9,219,0.997295042906432,TRUE,FALSE,TRUE,FALSE
9,220,1.00452724656874,TRUE,FALSE,TRUE,FALSE
9,221,0.994409239592026,TRUE,FALSE,TRUE,FALSE
9,222,0.994053228439852,TRUE,FALSE,TRUE,FALSE
9,223,1.00169753041426,TRUE,FALSE,TRUE,FALSE
9,224,0.996976875670355,TRUE,FALSE,TRUE,FALSE
9,225,0.997854612818631,TRUE,FALSE,TRUE,FALSE
9,226,1.00570067438103,TRUE,FALSE,TRUE,FALSE
9,227,1.00342596339882,TRUE,FALSE,TRUE,FALSE
9,228,0.998230386186424,TRUE,FALSE,TRUE,FALSE
9,229,0.991601420653648,FALSE,TRUE,TRUE,FALSE
9,230,1.00393183312391,TRUE,FALSE,TRUE,FALSE
9,231,0.996271104834454,TRUE,FALSE,TRUE,FALSE
9,232,1.00107311869081,TRUE,FALSE,TRUE,FALSE
9,233,0.998282206797811,TRUE,FALSE,TRUE,FALSE
9,234,1.00559537562485,TRUE,FALSE,TRUE,FALSE
9,235,0.995704767004332,TRUE,FALSE,TRUE,FALSE
9,236,0.99270254876054,FALSE,TRUE,TRUE,FALSE
9,237,1.00056281644998,TRUE,FALSE,TRUE,FALSE
9,238,1.00027492389856,TRUE,FALSE,TRUE,FALSE
9,239,1.00434917213153,TRUE,FALSE,TRUE,FALSE
9,240,1.00493908024343,TRUE,FALSE,TRUE,FALSE
9,241,1.00383830257135,TRUE,FALSE,TRUE,FALSE
9,242,1.00157248753697,TRUE,FALSE,TRUE,FALSE
9,243,0.994866703670604,TRUE,FALSE,TRUE,FALSE
9,244,1.00838548309361,TRUE,FALSE,TRUE,FALSE
9,245,0.997512821138433,TRUE,FALSE,TRUE,FALSE
9,246,1.00073685986584,TRUE,FALSE,TRUE,FALSE
9,247,0.998881931088487,TRUE,FALSE,TRUE,FALSE
9,248,0.996976673273626,TRUE,FALSE,TRUE,FALSE
9,249,0.991035893480488,FALSE,TRUE,TRUE,FALSE
9,250,1.00088991909144,TRUE,FALSE,TRUE,FALSE
9,251,0.997365139477825,TRUE,FALSE,TRUE,FALSE
9,252,1.00323428223023,TRUE,FALSE,TRUE,FALSE
9,253,1.00807679373859,TRUE,FALSE,TRUE,FALSE
9,254,0.995671163769859,TRUE,FALSE,TRUE,FALSE
9,255,0.9984930626425,TRUE,FALSE,TRUE,FALSE
9,256,0.999545753431023,TRUE,FALSE,TRUE,FALSE
9,257,0.992207602375848,TRUE,TRUE,TRUE,FALSE
9,258,0.999535902412977,TRUE,FALSE,TRUE,FALSE
9,259,0.999235364117291,TRUE,FALSE,TRUE,FALSE
9,260,1.01167231661291,FALSE,FALSE,TRUE,FALSE
9,261,1.0031748427329,TRUE,FALSE,TRUE,FALSE
9,262,0.994998097084493,TRUE,FALSE,TRUE,FALSE
9,263,1.00079991053928,TRUE,FALSE,TRUE,FALSE
9,264,0.997614982023451,TRUE,FALSE,TRUE,FALSE
9,265,1.0129645984382,FALSE,FALSE,TRUE,FALSE
9,266,0.998617364379013,TRUE,FALSE,TRUE,FALSE
9,267,0.99382383976048,TRUE,TRUE,TRUE,FALSE
9,268,1.00020299414884,TRUE,FALSE,TRUE,FALSE
9,269,1.0051965602283,TRUE,FALSE,TRUE,FALSE
9,270,0.997959650496721,TRUE,FALSE,TRUE,FALSE
9,271,0.999250913850472,TRUE,FALSE,TRUE,FALSE
9,272,0.994780864881527,TRUE,FALSE,TRUE,FALSE
9,273,1.00063197409386,TRUE,FALSE,TRUE,FALSE
9,274,0.997179619198957,TRUE,FALSE,TRUE,FALSE
9,275,0.997982645964549,TRUE,FALSE,TRUE,FALSE
9,276,0.993100739320667,TRUE,FALSE,TRUE,FALSE
9,277,1.00222325622694,TRUE,FALSE,TRUE,FALSE
9,278,1.00181937157588,TRUE,FALSE,TRUE,FALSE
9,279,1.00844693299813,TRUE,FALSE,TRUE,FALSE
9,280,1.00575164174068,TRUE,FALSE,TRUE,FALSE
9,281,1.00014963790881,TRUE,FALSE,TRUE,FALSE
9,282,0.997682742415129,TRUE,FALSE,TRUE,FALSE
9,283,1.00124999342362,TRUE,FALSE,TRUE,FALSE
9,284,0.996884775257176,TRUE,FALSE,TRUE,FALSE
9,285,0.999240145662612,TRUE,FALSE,TRUE,FALSE
9,286,0.99826683655403,TRUE,FALSE,TRUE,FALSE
9,287,0.995125266601333,TRUE,FALSE,TRUE,FALSE
9,288,1.00008904458201,TRUE,FALSE,TRUE,FALSE
9,289,1.00088341009596,TRUE,FALSE,TRUE,FALSE
9,290,0.998697227690904,TRUE,FALSE,TRUE,FALSE
9,291,0.998030331603939,TRUE,FALSE,TRUE,FALSE
9,292,0.995983268535145,TRUE,FALSE,TRUE,FALSE
9,293,1.00365455512215,TRUE,FALSE,TRUE,FALSE
9,294,0.999129660453852,TRUE,FALSE,TRUE,FALSE
9,295,0.997325024029672,TRUE,FALSE,TRUE,FALSE
9,296,0.994960443900862,TRUE,FALSE,TRUE,FALSE
9,297,0.998299694574845,TRUE,FALSE,TRUE,FALSE
9,298,0.994565660758283,TRUE,FALSE,TRUE,FALSE
9,299,1.00272539399155,TRUE,FALSE,TRUE,FALSE
9,300,0.999497175711412,TRUE,FALSE,TRUE,FALSE
9,301,1.00287895461894,TRUE,FALSE,TRUE,FALSE
9,302,0.998619463354312,TRUE,FALSE,TRUE,FALSE
9,303,1.00350188816997,TRUE,FALSE,TRUE,FALSE
9,304,1.0019059353895,TRUE,FALSE,TRUE,FALSE
9,305,1.00078487151574,TRUE,FALSE,TRUE,FALSE
9,306,0.997069809617714,TRUE,FALSE,TRUE,FALSE
9,307,0.998218628182903,TRUE,FALSE,TRUE,FALSE
9,308,1.00168593683001,TRUE,FALSE,TRUE,FALSE
9,309,0.994014173981515,TRUE,FALSE,TRUE,FALSE
9,310,0.997262236242601,TRUE,FALSE,TRUE,FALSE
9,311,0.995428476217415,TRUE,FALSE,TRUE,FALSE
9,312,0.999031362573905,TRUE,FALSE,TRUE,FALSE
9,313,1.00216217992716,TRUE,FALSE,TRUE,FALSE
9,314,1.00060696343381,TRUE,FALSE,TRUE,FALSE
9,315,0.994691035397323,TRUE,FALSE,TRUE,FALSE
9,316,1.00544576903421,TRUE,FALSE,TRUE,FALSE
9,317,1.00578394172592,TRUE,FALSE,TRUE,FALSE
9,318,0.999344826043872,TRUE,FALSE,TRUE,FALSE
9,319,0.999930699378261,TRUE,FALSE,TRUE,FALSE
9,320,0.994838314543608,TRUE,FALSE,TRUE,FALSE
9,321,1.00135600166781,TRUE,FALSE,TRUE,FALSE
9,322,0.996714220676103,TRUE,FALSE,TRUE,FALSE
9,323,0.993448943530358,TRUE,TRUE,TRUE,FALSE
9,324,0.998742820572184,TRUE,FALSE,TRUE,FALSE
9,325,1.00295057662426,TRUE,FALSE,TRUE,FALSE
9,326,0.989702184986454,FALSE,TRUE,TRUE,FALSE
9,327,0.998915161773281,TRUE,FALSE,TRUE,FALSE
9,328,1.00070323733442,TRUE,FALSE,TRUE,FALSE
9,329,1.00956668230061,TRUE,FALSE,TRUE,FALSE
9,330,1.00603312336146,TRUE,FALSE,TRUE,FALSE
9,331,1.00222234230414,TRUE,FALSE,TRUE,FALSE
9,332,1.00294198336125,TRUE,FALSE,TRUE,FALSE
9,333,1.00241998179215,TRUE,FALSE,TRUE,FALSE
9,334,1.00099526291768,TRUE,FALSE,TRUE,FALSE
9,335,1.00203086106393,TRUE,FALSE,TRUE,FALSE
9,336,0.994942629477884,TRUE,FALSE,TRUE,FALSE
9,337,1.00184963155915,TRUE,FALSE,TRUE,FALSE
9,338,1.00242924463512,TRUE,FALSE,TRUE,FALSE
9,339,1.00297794599167,TRUE,FALSE,TRUE,FALSE
9,340,0.993031313465957,TRUE,FALSE,TRUE,FALSE
9,341,0.990983831503626,FALSE,TRUE,TRUE,FALSE
9,342,1.00120057995347,TRUE,FALSE,TRUE,FALSE
9,343,1.00079056064683,TRUE,FALSE,TRUE,FALSE
9,344,1.01043996939942,FALSE,FALSE,TRUE,FALSE
9,345,1.00019498952968,TRUE,FALSE,TRUE,FALSE
9,346,0.999676808173565,TRUE,FALSE,TRUE,FALSE
9,347,0.996678760078064,TRUE,FALSE,TRUE,FALSE
9,348,1.00300627946609,TRUE,FALSE,TRUE,FALSE
9,349,0.998039080054163,TRUE,FALSE,TRUE,FALSE
9,350,1.00599989470395,TRUE,FALSE,TRUE,FALSE
9,351,1.00409661027799,TRUE,FALSE,TRUE,FALSE
9,352,1.00304959329013,TRUE,FALSE,TRUE,FALSE
9,353,1.01171587489595,FALSE,FALSE,TRUE,FALSE
9,354,0.994047996058097,TRUE,FALSE,TRUE,FALSE
9,355,1.00582432546207,TRUE,FALSE,TRUE,FALSE
9,356,1.00405431777584,TRUE,FALSE,TRUE,FALSE
9,357,1.00270191475795,TRUE,FALSE,TRUE,FALSE
9,358,0.99981142114793,TRUE,FALSE,TRUE,FALSE
9,359,1.00759034522576,TRUE,FALSE,TRUE,FALSE
9,360,1.00057557149877,TRUE,FALSE,TRUE,FALSE
9,361,1.00849620939116,TRUE,FALSE,TRUE,FALSE
9,362,1.0028375521879,TRUE,FALSE,TRUE,FALSE
9,363,1.00631687142209,TRUE,FALSE,TRUE,FALSE
9,364,1.001492747181,TRUE,FALSE,TRUE,FALSE
9,365,0.996042371381021,TRUE,FALSE,TRUE,FALSE
9,366,0.998998698442367,TRUE,FALSE,TRUE,FALSE
9,367,0.994838844374622,TRUE,FALSE,TRUE,FALSE
9,368,1.00897624390374,FALSE,FALSE,TRUE,FALSE
9,369,1.00565955199407,TRUE,FALSE,TRUE,FALSE
9,370,0.999216705735157,TRUE,FALSE,TRUE,FALSE
9,371,0.998216308043598,TRUE,FALSE,TRUE,FALSE
9,372,1.00392776963089,TRUE,FALSE,TRUE,FALSE
9,373,0.987504999331709,FALSE,TRUE,TRUE,FALSE
9,374,1.00280724235923,TRUE,FALSE,TRUE,FALSE
9,375,0.998785161268957,TRUE,FALSE,TRUE,FALSE
9,376,0.994813898518077,TRUE,FALSE,TRUE,FALSE
9,377,1.00244178526419,TRUE,FALSE,TRUE,FALSE
9,378,0.991584001763995,TRUE,TRUE,TRUE,FALSE
9,379,1.00360636622371,TRUE,FALSE,TRUE,FALSE
9,380,0.996350664675858,TRUE,FALSE,TRUE,FALSE
9,381,1.00420654711013,TRUE,FALSE,TRUE,FALSE
9,382,0.998956918607489,TRUE,FALSE,TRUE,FALSE
9,383,1.00515583249018,TRUE,FALSE,TRUE,FALSE
9,384,1.00139591344707,TRUE,FALSE,TRUE,FALSE
9,385,1.00382964130875,TRUE,FALSE,TRUE,FALSE
9,386,0.990800431768585,FALSE,TRUE,TRUE,FALSE
9,387,0.9993121341321,TRUE,FALSE,TRUE,FALSE
9,388,0.998102698018149,TRUE,FALSE,TRUE,FALSE
9,389,1.00318356234088,TRUE,FALSE,TRUE,FALSE
9,390,1.00088994825323,TRUE,FALSE,TRUE,FALSE
9,391,0.999969772448743,TRUE,FALSE,TRUE,FALSE
9,392,0.999381438055192,TRUE,FALSE,TRUE,FALSE
9,393,0.998455413819125,TRUE,FALSE,TRUE,FALSE
9,394,1.00662662315474,TRUE,FALSE,TRUE,FALSE
9,395,1.0029768292328,TRUE,FALSE,TRUE,FALSE
9,396,0.993593785484142,TRUE,FALSE,TRUE,FALSE
9,397,1.00059406256953,TRUE,FALSE,TRUE,FALSE
9,398,0.999110397027481,TRUE,FALSE,TRUE,FALSE
9,399,0.998349953235636,TRUE,FALSE,TRUE,FALSE
9,400,1.00181962032839,TRUE,FALSE,TRUE,FALSE
9,401,0.995748973758436,TRUE,FALSE,TRUE,FALSE
9,402,0.998224519306394,TRUE,FALSE,TRUE,FALSE
9,403,0.999147956001122,TRUE,FALSE,TRUE,FALSE
9,404,0.998844756472394,TRUE,FALSE,TRUE,FALSE
9,405,0.998617850976099,TRUE,FALSE,TRUE,FALSE
9,406,1.00004157778709,TRUE,FALSE,TRUE,FALSE
9,407,0.994281582716937,TRUE,FALSE,TRUE,FALSE
9,408,1.00721425054802,TRUE,FALSE,TRUE,FALSE
9,409,0.99666252386131,TRUE,FALSE,TRUE,FALSE
9,410,0.999136911117988,TRUE,FALSE,TRUE,FALSE
9,411,0.99708869135108,TRUE,FALSE,TRUE,FALSE
9,412,1.00436377847717,TRUE,FALSE,TRUE,FALSE
9,413,1.00094533262835,TRUE,FALSE,TRUE,FALSE
9,414,0.997946401583331,TRUE,FALSE,TRUE,FALSE
9,415,1.00200577649048,TRUE,FALSE,TRUE,FALSE
9,416,0.998386232261077,TRUE,FALSE,TRUE,FALSE
9,417,1.00324661725135,TRUE,FALSE,TRUE,FALSE
9,418,1.00088613178234,TRUE,FALSE,TRUE,FALSE
9,419,0.996904368098514,TRUE,FALSE,TRUE,FALSE
9,420,1.00185262629417,TRUE,FALSE,TRUE,FALSE
9,421,0.99578377725895,TRUE,FALSE,TRUE,FALSE
9,422,0.992552839173573,TRUE,TRUE,TRUE,FALSE
9,423,1.00036208021959,TRUE,FALSE,TRUE,FALSE
9,424,0.996001066299783,TRUE,FALSE,TRUE,FALSE
9,425,0.995033758977985,TRUE,FALSE,TRUE,FALSE
9,426,0.99456841521013,TRUE,FALSE,TRUE,FALSE
9,427,1.00452880166592,TRUE,FALSE,TRUE,FALSE
9,428,1.0069247234216,TRUE,FALSE,TRUE,FALSE
9,429,1.00057863816074,TRUE,FALSE,TRUE,FALSE
9,430,0.999917850012178,TRUE,FALSE,TRUE,FALSE
9,431,0.998004938323521,TRUE,FALSE,TRUE,FALSE
9,432,1.00059037035574,TRUE,FALSE,TRUE,FALSE
9,433,1.00406657950544,TRUE,FALSE,TRUE,FALSE
9,434,0.996543559533441,TRUE,FALSE,TRUE,FALSE
9,435,1.00195171446036,TRUE,FALSE,TRUE,FALSE
9,436,0.999267661476572,TRUE,FALSE,TRUE,FALSE
9,437,0.998332570809145,TRUE,FALSE,TRUE,FALSE
9,438,0.999124615584519,TRUE,FALSE,TRUE,FALSE
9,439,0.994083502301368,TRUE,FALSE,TRUE,FALSE
9,440,1.00435966317755,TRUE,FALSE,TRUE,FALSE
9,441,0.989541146366219,FALSE,TRUE,TRUE,FALSE
9,442,0.996228103391529,TRUE,FALSE,TRUE,FALSE
9,443,0.998257759430016,TRUE,FALSE,TRUE,FALSE
9,444,0.999757402029848,TRUE,FALSE,TRUE,FALSE
9,445,1.00249600169439,TRUE,FALSE,TRUE,FALSE
9,446,1.00282865744528,TRUE,FALSE,TRUE,FALSE
9,447,1.00371126553902,TRUE,FALSE,TRUE,FALSE
9,448,1.00329794428205,TRUE,FALSE,TRUE,FALSE
9,449,1.00306487048924,TRUE,FALSE,TRUE,FALSE
9,450,1.00800572739361,TRUE,FALSE,TRUE,FALSE
9,451,0.997384853953698,TRUE,FALSE,TRUE,FALSE
9,452,0.997084803962322,TRUE,FALSE,TRUE,FALSE
9,453,0.999522294241282,TRUE,FALSE,TRUE,FALSE
9,454,1.00581069239199,TRUE,FALSE,TRUE,FALSE
9,455,0.99746476958816,TRUE,FALSE,TRUE,FALSE
9,456,0.999853120417843,TRUE,FALSE,TRUE,FALSE
9,457,0.999868819710879,TRUE,FALSE,TRUE,FALSE
9,458,0.998773318325884,TRUE,FALSE,TRUE,FALSE
9,459,0.99170298839836,FALSE,TRUE,TRUE,FALSE
9,460,0.998957374172353,TRUE,FALSE,TRUE,FALSE
9,461,0.99788512591597,TRUE,FALSE,TRUE,FALSE
9,462,0.996994033432307,TRUE,FALSE,TRUE,FALSE
9,463,1.00712806985045,TRUE,FALSE,TRUE,FALSE
9,464,0.999094404285932,TRUE,FALSE,TRUE,FALSE
9,465,1.00461240025854,TRUE,FALSE,TRUE,FALSE
9,466,1.00118363203295,TRUE,FALSE,TRUE,FALSE
9,467,0.995750676359481,TRUE,FALSE,TRUE,FALSE
9,468,1.00309454078633,TRUE,FALSE,TRUE,FALSE
9,469,1.0018378174191,TRUE,FALSE,TRUE,FALSE
9,470,1.00527100977823,TRUE,FALSE,TRUE,FALSE
9,471,0.996927683054315,TRUE,FALSE,TRUE,FALSE
9,472,1.00202829250253,TRUE,FALSE,TRUE,FALSE
9,473,1.00437840408388,TRUE,FALSE,TRUE,FALSE
9,474,0.99278572135098,TRUE,FALSE,TRUE,FALSE
9,475,0.995943584556103,TRUE,FALSE,TRUE,FALSE
9,476,0.994684505745732,TRUE,FALSE,TRUE,FALSE
9,477,1.00198390482673,TRUE,FALSE,TRUE,FALSE
9,478,0.998644825414895,TRUE,FALSE,TRUE,FALSE
9,479,1.00112340659077,TRUE,FALSE,TRUE,FALSE
9,480,0.993866194532329,TRUE,FALSE,TRUE,FALSE
9,481,0.991034818032137,TRUE,TRUE,TRUE,FALSE
9,482,1.00834274301842,FALSE,FALSE,TRUE,FALSE
9,483,1.00518309564205,TRUE,FALSE,TRUE,FALSE
9,484,0.997561225872087,TRUE,FALSE,TRUE,FALSE
9,485,0.997186595381924,TRUE,FALSE,TRUE,FALSE
9,486,0.992982647724748,TRUE,FALSE,TRUE,FALSE
9,487,0.999222131150323,TRUE,FALSE,TRUE,FALSE
9,488,1.00090001429842,TRUE,FALSE,TRUE,FALSE
9,489,0.998546739776478,TRUE,FALSE,TRUE,FALSE
9,490,1.00610787025625,TRUE,FALSE,TRUE,FALSE
9,491,0.997039234917702,TRUE,FALSE,TRUE,FALSE
9,492,0.993279239725516,TRUE,FALSE,TRUE,FALSE
9,493,1.0009987944415,TRUE,FALSE,TRUE,FALSE
9,494,0.996453577715519,TRUE,FALSE,TRUE,FALSE
9,495,0.996568526907959,TRUE,FALSE,TRUE,FALSE
9,496,0.996812059772832,TRUE,FALSE,TRUE,FALSE
9,497,1.0030825168554,TRUE,FALSE,TRUE,FALSE
9,498,1.00286023363912,TRUE,FALSE,TRUE,FALSE
9,499,1.00390132432125,TRUE,FALSE,TRUE,FALSE
9,500,0.998692856651577,TRUE,FALSE,TRUE,FALSE
9,501,0.994654119886418,TRUE,FALSE,TRUE,FALSE
9,502,0.996251084989663,TRUE,FALSE,TRUE,FALSE
9,503,0.995458013304513,TRUE,FALSE,TRUE,FALSE
9,504,0.995887444399057,TRUE,FALSE,TRUE,FALSE
9,505,1.00636442545733,TRUE,FALSE,TRUE,FALSE
9,506,1.00493526364555,TRUE,FALSE,TRUE,FALSE
9,507,0.994869593890911,TRUE,FALSE,TRUE,FALSE
9,508,0.999122575859192,TRUE,FALSE,TRUE,FALSE
9,509,1.00062979672317,TRUE,FALSE,TRUE,FALSE
9,510,0.996236195647531,TRUE,FALSE,TRUE,FALSE
9,511,1.00016174748392,TRUE,FALSE,TRUE,FALSE
9,512,0.997664437039729,TRUE,FALSE,TRUE,FALSE
9,513,1.00482611186245,TRUE,FALSE,TRUE,FALSE
9,514,1.00124171476744,TRUE,FALSE,TRUE,FALSE
9,515,0.998206799043581,TRUE,FALSE,TRUE,FALSE
9,516,0.999737503750955,TRUE,FALSE,TRUE,FALSE
9,517,1.00394286606091,TRUE,FALSE,TRUE,FALSE
9,518,0.997703145840318,TRUE,FALSE,TRUE,FALSE
9,519,0.994609882537949,TRUE,FALSE,TRUE,FALSE
9,520,1.00464499651022,TRUE,FALSE,TRUE,FALSE
9,521,1.00756406280987,TRUE,FALSE,TRUE,FALSE
9,522,0.992638031609632,TRUE,TRUE,TRUE,FALSE
9,523,1.00023840481658,TRUE,FALSE,TRUE,FALSE
9,524,1.00601590373256,TRUE,FALSE,TRUE,FALSE
9,525,1.00448104194533,TRUE,FALSE,TRUE,FALSE
9,526,0.997267477374912,TRUE,FALSE,TRUE,FALSE
9,527,1.00075123668249,TRUE,FALSE,TRUE,FALSE
9,528,1.0040494647032,TRUE,FALSE,TRUE,FALSE
9,529,0.997248179366674,TRUE,FALSE,TRUE,FALSE
9,530,0.996370343911851,TRUE,FALSE,TRUE,FALSE
9,531,0.999348546563686,TRUE,FALSE,TRUE,FALSE
9,532,1.00062994242098,TRUE,FALSE,TRUE,FALSE
9,533,1.00849395209633,TRUE,FALSE,TRUE,FALSE
9,534,0.993085284590171,TRUE,FALSE,TRUE,FALSE
9,535,1.00437636135733,TRUE,FALSE,TRUE,FALSE
9,536,0.997256053671777,TRUE,FALSE,TRUE,FALSE
9,537,1.00185259693537,TRUE,FALSE,TRUE,FALSE
9,538,1.00310584396678,TRUE,FALSE,TRUE,FALSE
9,539,0.998133682804052,TRUE,FALSE,TRUE,FALSE
9,540,1.00176173481222,TRUE,FALSE,TRUE,FALSE
9,541,0.996942551831703,TRUE,FALSE,TRUE,FALSE
9,542,0.998974454760765,TRUE,FALSE,TRUE,FALSE
9,543,1.006648351487,TRUE,FALSE,TRUE,FALSE
9,544,0.991257634235078,FALSE,TRUE,TRUE,FALSE
9,545,1.00070776603133,TRUE,FALSE,TRUE,FALSE
9,546,1.00446974440607,TRUE,FALSE,TRUE,FALSE
9,547,1.00280120895478,TRUE,FALSE,TRUE,FALSE
9,548,0.993779839711352,TRUE,FALSE,TRUE,FALSE
9,549,1.00232157151041,TRUE,FALSE,TRUE,FALSE
9,550,0.990308169336243,TRUE,TRUE,TRUE,FALSE
9,551,0.999381710737751,TRUE,FALSE,TRUE,FALSE
9,552,0.997734901482006,TRUE,FALSE,TRUE,FALSE
9,553,1.0017192042616,TRUE,FALSE,TRUE,FALSE
9,554,0.996196038638515,TRUE,FALSE,TRUE,FALSE
9,555,0.996748172456136,TRUE,FALSE,TRUE,FALSE
9,556,1.00358665399732,TRUE,FALSE,TRUE,FALSE
9,557,1.00307378675712,TRUE,FALSE,TRUE,FALSE
9,558,1.00177407866867,TRUE,FALSE,TRUE,FALSE
9,559,1.00056932092553,TRUE,FALSE,TRUE,FALSE
9,560,1.00075363371874,TRUE,FALSE,TRUE,FALSE
9,561,0.998808493827004,TRUE,FALSE,TRUE,FALSE
9,562,0.997646030286945,TRUE,FALSE,TRUE,FALSE
9,563,0.998933744852192,TRUE,FALSE,TRUE,FALSE
9,564,1.00117890825576,TRUE,FALSE,TRUE,FALSE
9,565,1.00003009897999,TRUE,FALSE,TRUE,FALSE
9,566,1.00643353907799,TRUE,FALSE,TRUE,FALSE
9,567,0.995330161847576,TRUE,FALSE,TRUE,FALSE
9,568,0.999450133172995,TRUE,FALSE,TRUE,FALSE
9,569,1.00245896493619,TRUE,FALSE,TRUE,FALSE
9,570,0.998252234661508,TRUE,FALSE,TRUE,FALSE
9,571,1.00167573133689,TRUE,FALSE,TRUE,FALSE
9,572,1.00401260888758,TRUE,FALSE,TRUE,FALSE
9,573,0.995874071592799,TRUE,FALSE,TRUE,FALSE
9,574,0.998688611926476,TRUE,FALSE,TRUE,FALSE
9,575,0.999081542194419,TRUE,FALSE,TRUE,FALSE
9,576,0.991607137056832,FALSE,TRUE,TRUE,FALSE
9,577,0.995914653026014,TRUE,FALSE,TRUE,FALSE
9,578,0.995248359224799,TRUE,FALSE,TRUE,FALSE
9,579,1.00148897450219,TRUE,FALSE,TRUE,FALSE
9,580,0.999132008608753,TRUE,FALSE,TRUE,FALSE
9,581,1.00849219516425,TRUE,FALSE,TRUE,FALSE
9,582,1.00746985795084,TRUE,FALSE,TRUE,FALSE
9,583,0.995049811625114,TRUE,FALSE,TRUE,FALSE
9,584,1.00168771448805,TRUE,FALSE,TRUE,FALSE
9,585,1.00523380340444,TRUE,FALSE,TRUE,FALSE
9,586,1.00420439725918,TRUE,FALSE,TRUE,FALSE
9,587,0.996739060439562,TRUE,FALSE,TRUE,FALSE
9,588,1.00224372491235,TRUE,FALSE,TRUE,FALSE
9,589,1.00117463395889,TRUE,FALSE,TRUE,FALSE
9,590,1.01232146106206,FALSE,FALSE,TRUE,FALSE
9,591,1.00746022904733,TRUE,FALSE,TRUE,FALSE
9,592,1.00226865973558,TRUE,FALSE,TRUE,FALSE
9,593,1.00467045768517,TRUE,FALSE,TRUE,FALSE
9,594,1.00432445009611,TRUE,FALSE,TRUE,FALSE
9,595,0.996244607588554,TRUE,FALSE,TRUE,FALSE
9,596,0.994487819340863,TRUE,FALSE,TRUE,FALSE
9,597,0.998893479160594,TRUE,FALSE,TRUE,FALSE
9,598,1.00034172253982,TRUE,FALSE,TRUE,FALSE
9,599,1.00302353839436,TRUE,FALSE,TRUE,FALSE
9,600,0.994624348266281,TRUE,FALSE,TRUE,FALSE
9,601,1.00495787326378,TRUE,FALSE,TRUE,FALSE
9,602,1.00181521351942,TRUE,FALSE,TRUE,FALSE
9,603,1.00159271868491,TRUE,FALSE,TRUE,FALSE
9,604,1.00722635512596,TRUE,FALSE,TRUE,FALSE
9,605,1.00020907302847,TRUE,FALSE,TRUE,FALSE
9,606,1.00417709311924,TRUE,FALSE,TRUE,FALSE
9,607,1.00204624524073,TRUE,FALSE,TRUE,FALSE
9,608,0.998309231959974,TRUE,FALSE,TRUE,FALSE
9,609,1.00199595214871,TRUE,FALSE,TRUE,FALSE
9,610,1.00474716910059,TRUE,FALSE,TRUE,FALSE
9,611,0.999694800499642,TRUE,FALSE,TRUE,FALSE
9,612,1.00371010728152,TRUE,FALSE,TRUE,FALSE
9,613,1.00486977984682,TRUE,FALSE,TRUE,FALSE
9,614,0.998316146960943,TRUE,FALSE,TRUE,FALSE
9,615,0.997184166801035,TRUE,FALSE,TRUE,FALSE
9,616,0.990293558937093,FALSE,TRUE,TRUE,FALSE
9,617,0.997474959746356,TRUE,FALSE,TRUE,FALSE
9,618,0.994195134471347,TRUE,FALSE,TRUE,FALSE
9,619,0.999193265426921,TRUE,FALSE,TRUE,FALSE
9,620,1.0062561957846,TRUE,FALSE,TRUE,FALSE
9,621,0.998542586133479,TRUE,FALSE,TRUE,FALSE
9,622,1.00515526763691,TRUE,FALSE,TRUE,FALSE
9,623,0.997268287720604,TRUE,FALSE,TRUE,FALSE
9,624,1.00524750270346,TRUE,FALSE,TRUE,FALSE
9,625,1.00137682947705,TRUE,FALSE,TRUE,FALSE
9,626,1.00962307735285,FALSE,FALSE,TRUE,FALSE
9,627,0.999040212353618,TRUE,FALSE,TRUE,FALSE
9,628,0.992008336714337,TRUE,TRUE,TRUE,FALSE
9,629,0.996661264018473,TRUE,FALSE,TRUE,FALSE
9,630,0.995944488113115,TRUE,FALSE,TRUE,FALSE
9,631,1.00300969367242,TRUE,FALSE,TRUE,FALSE
9,632,0.999080440834694,TRUE,FALSE,TRUE,FALSE
9,633,0.993784906267397,TRUE,TRUE,TRUE,FALSE
9,634,0.995504335591225,TRUE,FALSE,TRUE,FALSE
9,635,1.00196244827894,TRUE,FALSE,TRUE,FALSE
9,636,1.00827694763745,TRUE,FALSE,TRUE,FALSE
9,637,1.00023571532359,TRUE,FALSE,TRUE,FALSE
9,638,0.996767516107276,TRUE,FALSE,TRUE,FALSE
9,639,0.999048184999364,TRUE,FALSE,TRUE,FALSE
9,640,1.00400221218714,TRUE,FALSE,TRUE,FALSE
9,641,1.0017526999298,TRUE,FALSE,TRUE,FALSE
9,642,0.996855935077287,TRUE,FALSE,TRUE,FALSE
9,643,1.00257528150384,TRUE,FALSE,TRUE,FALSE
9,644,1.00505874059107,TRUE,FALSE,TRUE,FALSE
9,645,1.00591298143109,TRUE,FALSE,TRUE,FALSE
9,646,1.00287611407193,TRUE,FALSE,TRUE,FALSE
9,647,0.99434116066565,TRUE,FALSE,TRUE,FALSE
9,648,1.00102720038773,TRUE,FALSE,TRUE,FALSE
9,649,1.00814579107707,TRUE,FALSE,TRUE,FALSE
9,650,0.993035564244091,TRUE,FALSE,TRUE,FALSE
9,651,0.999187812195492,TRUE,FALSE,TRUE,FALSE
9,652,0.999287515019316,TRUE,FALSE,TRUE,FALSE
9,653,1.00358531158884,TRUE,FALSE,TRUE,FALSE
9,654,0.99678300866873,TRUE,FALSE,TRUE,FALSE
9,655,1.00555862310302,TRUE,FALSE,TRUE,FALSE
9,656,0.998520640181475,TRUE,FALSE,TRUE,FALSE
9,657,0.997473434944661,TRUE,FALSE,TRUE,FALSE
9,658,0.994834093407897,TRUE,FALSE,TRUE,FALSE
9,659,1.00440050933268,TRUE,FALSE,TRUE,FALSE
9,660,1.00686977479564,TRUE,FALSE,TRUE,FALSE
9,661,1.00152215871147,TRUE,FALSE,TRUE,FALSE
9,662,0.991499324356203,TRUE,TRUE,TRUE,FALSE
9,663,1.00577982845175,TRUE,FALSE,TRUE,FALSE
9,664,0.998251406892872,TRUE,FALSE,TRUE,FALSE
9,665,1.00191381850247,TRUE,FALSE,TRUE,FALSE
9,666,1.00213314882775,TRUE,FALSE,TRUE,FALSE
9,667,0.998828642496725,TRUE,FALSE,TRUE,FALSE
9,668,0.999197300828689,TRUE,FALSE,TRUE,FALSE
9,669,1.0049047555957,TRUE,FALSE,TRUE,FALSE
9,670,1.00373805364012,TRUE,FALSE,TRUE,FALSE
9,671,0.999147085484588,TRUE,FALSE,TRUE,FALSE
9,672,0.998831238672338,TRUE,FALSE,TRUE,FALSE
9,673,0.989252893413687,FALSE,TRUE,TRUE,FALSE
9,674,0.993686323319121,TRUE,FALSE,TRUE,FALSE
9,675,1.00207548317862,TRUE,FALSE,TRUE,FALSE
9,676,0.997906180670946,TRUE,FALSE,TRUE,FALSE
9,677,1.00569016904066,TRUE,FALSE,TRUE,FALSE
9,678,1.0031178943686,TRUE,FALSE,TRUE,FALSE
9,679,0.99513833451765,TRUE,FALSE,TRUE,FALSE
9,680,1.00313591004218,TRUE,FALSE,TRUE,FALSE
9,681,0.997387002957925,TRUE,FALSE,TRUE,FALSE
9,682,0.997089350365229,TRUE,FALSE,TRUE,FALSE
9,683,0.997131181380598,TRUE,FALSE,TRUE,FALSE
9,684,0.998894124680081,TRUE,FALSE,TRUE,FALSE
9,685,1.0031236667665,TRUE,FALSE,TRUE,FALSE
9,686,0.998023699604816,TRUE,FALSE,TRUE,FALSE
9,687,0.99845442781352,TRUE,FALSE,TRUE,FALSE
9,688,0.997217329746655,TRUE,FALSE,TRUE,FALSE
9,689,1.00835213633787,FALSE,FALSE,TRUE,FALSE
9,690,0.993987836607411,TRUE,FALSE,TRUE,FALSE
9,691,1.00215437547193,TRUE,FALSE,TRUE,FALSE
9,692,1.00598183394924,TRUE,FALSE,TRUE,FALSE
9,693,0.999700995094842,TRUE,FALSE,TRUE,FALSE
9,694,1.00002978169912,TRUE,FALSE,TRUE,FALSE
9,695,0.991520842771627,FALSE,TRUE,TRUE,FALSE
9,696,0.999624745394846,TRUE,FALSE,TRUE,FALSE
9,697,0.997170889612096,TRUE,FALSE,TRUE,FALSE
9,698,0.997551712422804,TRUE,FALSE,TRUE,FALSE
9,699,1.00075696821528,TRUE,FALSE,TRUE,FALSE
9,700,1.00580228145369,TRUE,FALSE,TRUE,FALSE
9,701,1.00996112579546,FALSE,FALSE,TRUE,FALSE
9,702,0.997611236998247,TRUE,FALSE,TRUE,FALSE
9,703,0.995243627824204,TRUE,FALSE,TRUE,FALSE
9,704,1.00215986016377,TRUE,FALSE,TRUE,FALSE
9,705,1.00362538017519,TRUE,FALSE,TRUE,FALSE
9,706,0.995196244183138,TRUE,FALSE,TRUE,FALSE
9,707,1.00327413956822,TRUE,FALSE,TRUE,FALSE
9,708,0.994426830129113,TRUE,FALSE,TRUE,FALSE
9,709,0.998008767926191,TRUE,FALSE,TRUE,FALSE
9,710,0.991012397634502,FALSE,TRUE,TRUE,FALSE
9,711,1.00681181859285,TRUE,FALSE,TRUE,FALSE
9,712,0.997411286228328,TRUE,FALSE,TRUE,FALSE
9,713,0.993496767686664,TRUE,FALSE,TRUE,FALSE
9,714,0.998187399622506,TRUE,FALSE,TRUE,FALSE
9,715,0.998878099763263,TRUE,FALSE,TRUE,FALSE
9,716,0.995208653304225,TRUE,FALSE,TRUE,FALSE
9,717,1.00199565847398,TRUE,FALSE,TRUE,FALSE
9,718,1.00578940014816,TRUE,FALSE,TRUE,FALSE
9,719,1.00009043803216,TRUE,FALSE,TRUE,FALSE
9,720,1.00579121502564,TRUE,FALSE,TRUE,FALSE
9,721,1.00890038206917,FALSE,FALSE,TRUE,FALSE
9,722,0.99646529773041,TRUE,FALSE,TRUE,FALSE
9,723,0.997688050255822,TRUE,FALSE,TRUE,FALSE
9,724,1.00065759895737,TRUE,FALSE,TRUE,FALSE
9,725,1.00967706011491,FALSE,FALSE,TRUE,FALSE
9,726,0.998768044201872,TRUE,FALSE,TRUE,FALSE
9,727,0.996241684372788,TRUE,FALSE,TRUE,FALSE
9,728,0.995242752990659,TRUE,FALSE,TRUE,FALSE
9,729,1.00190774680168,TRUE,FALSE,TRUE,FALSE
9,730,1.000724182832,TRUE,FALSE,TRUE,FALSE
9,731,1.00130303835819,TRUE,FALSE,TRUE,FALSE
9,732,1.00352801668524,TRUE,FALSE,TRUE,FALSE
9,733,1.00674970984948,TRUE,FALSE,TRUE,FALSE
9,734,0.995551609741665,TRUE,FALSE,TRUE,FALSE
9,735,1.00019635502902,TRUE,FALSE,TRUE,FALSE
9,736,0.997260192784595,TRUE,FALSE,TRUE,FALSE
9,737,0.995790788342924,TRUE,FALSE,TRUE,FALSE
9,738,0.997360075625942,TRUE,FALSE,TRUE,FALSE
9,739,1.00372991366595,TRUE,FALSE,TRUE,FALSE
9,740,1.00108159346639,TRUE,FALSE,TRUE,FALSE
9,741,1.00321062648255,TRUE,FALSE,TRUE,FALSE
9,742,1.00222554966111,TRUE,FALSE,TRUE,FALSE
9,743,0.985296094141532,FALSE,TRUE,TRUE,FALSE
9,744,0.99351460572445,TRUE,FALSE,TRUE,FALSE
9,745,1.00789850212828,TRUE,FALSE,TRUE,FALSE
9,746,0.993588787620025,TRUE,FALSE,TRUE,FALSE
9,747,0.985997160983004,FALSE,TRUE,TRUE,FALSE
9,748,0.998406815595948,TRUE,FALSE,TRUE,FALSE
9,749,1.00592125920881,TRUE,FALSE,TRUE,FALSE
9,750,0.998455348980363,TRUE,FALSE,TRUE,FALSE
9,751,0.99785023188832,TRUE,FALSE,TRUE,FALSE
9,752,1.00355670652418,TRUE,FALSE,TRUE,FALSE
9,753,1.0023394177726,TRUE,FALSE,TRUE,FALSE
9,754,0.997507635533981,TRUE,FALSE,TRUE,FALSE
9,755,1.00473787987039,TRUE,FALSE,TRUE,FALSE
9,756,1.00474246441517,TRUE,FALSE,TRUE,FALSE
9,757,0.9987751957293,TRUE,FALSE,TRUE,FALSE
9,758,0.998644923685017,TRUE,FALSE,TRUE,FALSE
9,759,0.999124514503751,TRUE,FALSE,TRUE,FALSE
9,760,0.999309994371539,TRUE,FALSE,TRUE,FALSE
9,761,1.01045900100206,FALSE,FALSE,TRUE,FALSE
9,762,1.00188731952642,TRUE,FALSE,TRUE,FALSE
9,763,1.00071221805778,TRUE,FALSE,TRUE,FALSE
9,764,0.992239523466694,TRUE,TRUE,TRUE,FALSE
9,765,1.01188882550147,FALSE,FALSE,TRUE,FALSE
9,766,1.0028673928893,TRUE,FALSE,TRUE,FALSE
9,767,1.00137711492738,TRUE,FALSE,TRUE,FALSE
9,768,0.995307797063972,TRUE,FALSE,TRUE,FALSE
9,769,0.999905214588272,TRUE,FALSE,TRUE,FALSE
9,770,0.998272573768269,TRUE,FALSE,TRUE,FALSE
9,771,1.00068893840463,TRUE,FALSE,TRUE,FALSE
9,772,1.00333894492183,TRUE,FALSE,TRUE,FALSE
9,773,0.997132369108141,TRUE,FALSE,TRUE,FALSE
9,774,0.992614569708795,TRUE,TRUE,TRUE,FALSE
9,775,0.990557893706759,FALSE,TRUE,TRUE,FALSE
9,776,1.00124340521656,TRUE,FALSE,TRUE,FALSE
9,777,1.00146391511497,TRUE,FALSE,TRUE,FALSE
9,778,0.996743985468852,TRUE,FALSE,TRUE,FALSE
9,779,0.992600543606797,TRUE,FALSE,TRUE,FALSE
9,780,1.00376685380403,TRUE,FALSE,TRUE,FALSE
9,781,0.990419761694912,TRUE,TRUE,TRUE,FALSE
9,782,0.992219184733094,TRUE,TRUE,TRUE,FALSE
9,783,0.992369899009018,TRUE,FALSE,TRUE,FALSE
9,784,0.998209668717886,TRUE,FALSE,TRUE,FALSE
9,785,0.994131604853397,TRUE,FALSE,TRUE,FALSE
9,786,1.00793632253577,TRUE,FALSE,TRUE,FALSE
9,787,0.995357686300502,TRUE,FALSE,TRUE,FALSE
9,788,1.00074510892741,TRUE,FALSE,TRUE,FALSE
9,789,0.998015511253142,TRUE,FALSE,TRUE,FALSE
9,790,1.00136299850524,TRUE,FALSE,TRUE,FALSE
9,791,1.00434680111939,TRUE,FALSE,TRUE,FALSE
9,792,1.0003119633252,TRUE,FALSE,TRUE,FALSE
9,793,1.00223732549022,TRUE,FALSE,TRUE,FALSE
9,794,1.00303489004626,TRUE,FALSE,TRUE,FALSE
9,795,0.996861386762546,TRUE,FALSE,TRUE,FALSE
9,796,1.0032484006736,TRUE,FALSE,TRUE,FALSE
9,797,1.0002873339509,TRUE,FALSE,TRUE,FALSE
9,798,1.00413930895801,TRUE,FALSE,TRUE,FALSE
9,799,0.988029505960418,FALSE,TRUE,TRUE,FALSE
9,800,0.997532339081484,TRUE,FALSE,TRUE,FALSE
9,801,1.00333229256384,TRUE,FALSE,TRUE,FALSE
9,802,1.00542573554977,TRUE,FALSE,TRUE,FALSE
9,803,0.993306066430609,TRUE,FALSE,TRUE,FALSE
9,804,1.00574404804509,TRUE,FALSE,TRUE,FALSE
9,805,1.00383195878066,TRUE,FALSE,TRUE,FALSE
9,806,0.999713057261337,TRUE,FALSE,TRUE,FALSE
9,807,1.00606937585867,TRUE,FALSE,TRUE,FALSE
9,808,1.00353398544752,TRUE,FALSE,TRUE,FALSE
9,809,0.996329945187226,TRUE,FALSE,TRUE,FALSE
9,810,1.00149135162808,TRUE,FALSE,TRUE,FALSE
9,811,1.00013886289061,TRUE,FALSE,TRUE,FALSE
9,812,0.999616125297226,TRUE,FALSE,TRUE,FALSE
9,813,1.00022382065552,TRUE,FALSE,TRUE,FALSE
9,814,0.998600576261162,TRUE,FALSE,TRUE,FALSE
9,815,0.998952153202046,TRUE,FALSE,TRUE,FALSE
9,816,0.99793730252025,TRUE,FALSE,TRUE,FALSE
9,817,0.999449759146878,TRUE,FALSE,TRUE,FALSE
9,818,0.997924729222701,TRUE,FALSE,TRUE,FALSE
9,819,0.998858763272944,TRUE,FALSE,TRUE,FALSE
9,820,0.997111640838275,TRUE,FALSE,TRUE,FALSE
9,821,0.99824612534315,TRUE,FALSE,TRUE,FALSE
9,822,1.00736227737592,TRUE,FALSE,TRUE,FALSE
9,823,1.00028418129955,TRUE,FALSE,TRUE,FALSE
9,824,1.00288164643947,TRUE,FALSE,TRUE,FALSE
9,825,0.997966384551223,TRUE,FALSE,TRUE,FALSE
9,826,0.997725497806438,TRUE,FALSE,TRUE,FALSE
9,827,1.0059285773727,TRUE,FALSE,TRUE,FALSE
9,828,1.0132929224832,FALSE,FALSE,TRUE,FALSE
9,829,1.01019185523533,FALSE,FALSE,TRUE,FALSE
9,830,1.00075184132087,TRUE,FALSE,TRUE,FALSE
9,831,0.989839592684019,FALSE,TRUE,TRUE,FALSE
9,832,0.996769187747168,TRUE,FALSE,TRUE,FALSE
9,833,0.994835671744794,TRUE,FALSE,TRUE,FALSE
9,834,0.999930782188307,TRUE,FALSE,TRUE,FALSE
9,835,1.0011762837901,TRUE,FALSE,TRUE,FALSE
9,836,1.00676970671813,TRUE,FALSE,TRUE,FALSE
9,837,1.00450729689083,TRUE,FALSE,TRUE,FALSE
9,838,0.99958648840415,TRUE,FALSE,TRUE,FALSE
9,839,1.00434359230088,TRUE,FALSE,TRUE,FALSE
9,840,1.01085331159083,FALSE,FALSE,TRUE,FALSE
9,841,0.997977668078094,TRUE,FALSE,TRUE,FALSE
9,842,1.00032353218328,TRUE,FALSE,TRUE,FALSE
9,843,0.990333586161003,FALSE,TRUE,TRUE,FALSE
9,844,1.00367289210299,TRUE,FALSE,TRUE,FALSE
9,845,1.00056547392171,TRUE,FALSE,TRUE,FALSE
9,846,1.00869629869206,TRUE,FALSE,TRUE,FALSE
9,847,0.998757483933243,TRUE,FALSE,TRUE,FALSE
9,848,1.00219812442421,TRUE,FALSE,TRUE,FALSE
9,849,1.0057292791309,TRUE,FALSE,TRUE,FALSE
9,850,1.00171435613409,TRUE,FALSE,TRUE,FALSE
9,851,1.00367555728677,TRUE,FALSE,TRUE,FALSE
9,852,1.00213754665724,TRUE,FALSE,TRUE,FALSE
9,853,1.00258654750059,TRUE,FALSE,TRUE,FALSE
9,854,1.00094462033091,TRUE,FALSE,TRUE,FALSE
9,855,0.997480659654154,TRUE,FALSE,TRUE,FALSE
9,856,0.998961360686265,TRUE,FALSE,TRUE,FALSE
9,857,1.0000166958025,TRUE,FALSE,TRUE,FALSE
9,858,1.0002992294909,TRUE,FALSE,TRUE,FALSE
9,859,0.992076698225469,TRUE,TRUE,TRUE,FALSE
9,860,1.00145696597862,TRUE,FALSE,TRUE,FALSE
9,861,0.998611327836675,TRUE,FALSE,TRUE,FALSE
9,862,1.00375077750123,TRUE,FALSE,TRUE,FALSE
9,863,0.999288776630365,TRUE,FALSE,TRUE,FALSE
9,864,1.00403289172427,TRUE,FALSE,TRUE,FALSE
9,865,1.00135533017247,TRUE,FALSE,TRUE,FALSE
9,866,0.997564728207789,TRUE,FALSE,TRUE,FALSE
9,867,0.995602193690882,TRUE,FALSE,TRUE,FALSE
9,868,1.00751760551949,TRUE,FALSE,TRUE,FALSE
9,869,1.00262187349718,TRUE,FALSE,TRUE,FALSE
9,870,1.00313263165848,TRUE,FALSE,TRUE,FALSE
9,871,0.999584391467435,TRUE,FALSE,TRUE,FALSE
9,872,0.994303558294466,TRUE,FALSE,TRUE,FALSE
9,873,0.993315018081045,TRUE,TRUE,TRUE,FALSE
9,874,0.996005604381559,TRUE,FALSE,TRUE,FALSE
9,875,1.00106981090724,TRUE,FALSE,TRUE,FALSE
9,876,1.00343256637063,TRUE,FALSE,TRUE,FALSE
9,877,1.00562002430911,TRUE,FALSE,TRUE,FALSE
9,878,1.00056963289321,TRUE,FALSE,TRUE,FALSE
9,879,1.00146464356911,TRUE,FALSE,TRUE,FALSE
9,880,1.00087555429635,TRUE,FALSE,TRUE,FALSE
9,881,0.99585547221937,TRUE,FALSE,TRUE,FALSE
9,882,0.996934057976263,TRUE,FALSE,TRUE,FALSE
9,883,1.00116662890863,TRUE,FALSE,TRUE,FALSE
9,884,1.00319323355113,TRUE,FALSE,TRUE,FALSE
9,885,0.993736306304023,TRUE,TRUE,TRUE,FALSE
9,886,0.998187006214373,TRUE,FALSE,TRUE,FALSE
9,887,1.0122718385608,FALSE,FALSE,TRUE,FALSE
9,888,0.996471098476359,TRUE,FALSE,TRUE,FALSE
9,889,1.00001320755149,TRUE,FALSE,TRUE,FALSE
9,890,0.996140277224538,TRUE,FALSE,TRUE,FALSE
9,891,1.00312714932286,TRUE,FALSE,TRUE,FALSE
9,892,0.997305925416137,TRUE,FALSE,TRUE,FALSE
9,893,1.00021315054021,TRUE,FALSE,TRUE,FALSE
9,894,0.994660251285809,TRUE,FALSE,TRUE,FALSE
9,895,0.999512318419822,TRUE,FALSE,TRUE,FALSE
9,896,0.997628425256927,TRUE,FALSE,TRUE,FALSE
9,897,0.993727978956846,TRUE,TRUE,TRUE,FALSE
9,898,0.989097586405844,FALSE,TRUE,TRUE,FALSE
9,899,0.996048231558113,TRUE,FALSE,TRUE,FALSE
9,900,1.00575794782838,TRUE,FALSE,TRUE,FALSE
9,901,0.999061347524952,TRUE,FALSE,TRUE,FALSE
9,902,0.996470422146334,TRUE,FALSE,TRUE,FALSE
9,903,0.997145468101171,TRUE,FALSE,TRUE,FALSE
9,904,1.00336805939601,TRUE,FALSE,TRUE,FALSE
9,905,0.99914702489391,TRUE,FALSE,TRUE,FALSE
9,906,1.0051909415728,TRUE,FALSE,TRUE,FALSE
9,907,0.994693083948081,TRUE,FALSE,TRUE,FALSE
9,908,1.00060172527752,TRUE,FALSE,TRUE,FALSE
9,909,0.996785118251581,TRUE,FALSE,TRUE,FALSE
9,910,0.995274982678092,TRUE,FALSE,TRUE,FALSE
9,911,0.995270594526828,TRUE,FALSE,TRUE,FALSE
9,912,0.997303037642091,TRUE,FALSE,TRUE,FALSE
9,913,0.995801142810581,TRUE,FALSE,TRUE,FALSE
9,914,0.998572527366947,TRUE,FALSE,TRUE,FALSE
9,915,1.00105841007718,TRUE,FALSE,TRUE,FALSE
9,916,0.998054631544727,TRUE,FALSE,TRUE,FALSE
9,917,0.986645003467692,FALSE,TRUE,TRUE,FALSE
9,918,0.998015557164497,TRUE,FALSE,TRUE,FALSE
9,919,0.994972249375984,TRUE,FALSE,TRUE,FALSE
9,920,0.993938119954727,TRUE,FALSE,TRUE,FALSE
9,921,1.00039587422007,TRUE,FALSE,TRUE,FALSE
9,922,0.996759667598662,TRUE,FALSE,TRUE,FALSE
9,923,1.00209931593439,TRUE,FALSE,TRUE,FALSE
9,924,1.00354813790366,TRUE,FALSE,TRUE,FALSE
9,925,0.999066787073144,TRUE,FALSE,TRUE,FALSE
9,926,0.995840634408353,TRUE,FALSE,TRUE,FALSE
9,927,0.995839565421058,TRUE,FALSE,TRUE,FALSE
9,928,0.998389623929557,TRUE,FALSE,TRUE,FALSE
9,929,1.00271456819045,TRUE,FALSE,TRUE,FALSE
9,930,0.994136580971937,TRUE,FALSE,TRUE,FALSE
9,931,1.0043815166098,TRUE,FALSE,TRUE,FALSE
9,932,1.00288999122467,TRUE,FALSE,TRUE,FALSE
9,933,0.99486750299229,TRUE,FALSE,TRUE,FALSE
9,934,1.00939749513994,FALSE,FALSE,TRUE,FALSE
9,935,0.997318690566657,TRUE,FALSE,TRUE,FALSE
9,936,1.00110910115763,TRUE,FALSE,TRUE,FALSE
9,937,0.99792344825836,TRUE,FALSE,TRUE,FALSE
9,938,1.0089103718273,TRUE,FALSE,TRUE,FALSE
9,939,0.991757180318526,TRUE,TRUE,TRUE,FALSE
9,940,1.00003200486466,TRUE,FALSE,TRUE,FALSE
9,941,0.998361324735616,TRUE,FALSE,TRUE,FALSE
9,942,1.00292852245416,TRUE,FALSE,TRUE,FALSE
9,943,0.991384694791564,FALSE,TRUE,TRUE,FALSE
9,944,0.998319656291223,TRUE,FALSE,TRUE,FALSE
9,945,1.00108025491375,TRUE,FALSE,TRUE,FALSE
9,946,0.999276392522768,TRUE,FALSE,TRUE,FALSE
9,947,1.00127075426764,TRUE,FALSE,TRUE,FALSE
9,948,0.999324154450322,TRUE,FALSE,TRUE,FALSE
9,949,1.00264816899701,TRUE,FALSE,TRUE,FALSE
9,950,0.993402203666279,TRUE,FALSE,TRUE,FALSE
9,951,0.999913244035379,TRUE,FALSE,TRUE,FALSE
9,952,0.994046684355748,TRUE,FALSE,TRUE,FALSE
9,953,0.996282932299564,TRUE,FALSE,TRUE,FALSE
9,954,1.00628487722249,TRUE,FALSE,TRUE,FALSE
9,955,1.00504584221592,TRUE,FALSE,TRUE,FALSE
9,956,0.99954282665091,TRUE,FALSE,TRUE,FALSE
9,957,0.995542994187417,TRUE,FALSE,TRUE,FALSE
9,958,0.993248009068031,TRUE,FALSE,TRUE,FALSE
9,959,1.00417566847864,TRUE,FALSE,TRUE,FALSE
9,960,1.0004482729092,TRUE,FALSE,TRUE,FALSE
9,961,1.00583302343274,TRUE,FALSE,TRUE,FALSE
9,962,0.997907693867322,TRUE,FALSE,TRUE,FALSE
9,963,1.0071723872966,TRUE,FALSE,TRUE,FALSE
9,964,1.00524009306058,TRUE,FALSE,TRUE,FALSE
9,965,1.00757752367353,FALSE,FALSE,TRUE,FALSE
9,966,0.998701773225946,TRUE,FALSE,TRUE,FALSE
9,967,0.998414384768552,TRUE,FALSE,TRUE,FALSE
9,968,0.997765417933316,TRUE,FALSE,TRUE,FALSE
9,969,1.00830934936548,TRUE,FALSE,TRUE,FALSE
9,970,0.991968721164997,TRUE,FALSE,TRUE,FALSE
9,971,0.999480416735743,TRUE,FALSE,TRUE,FALSE
9,972,1.00782429960827,TRUE,FALSE,TRUE,FALSE
9,973,0.996389496883623,TRUE,FALSE,TRUE,FALSE
9,974,0.994180418526698,TRUE,FALSE,TRUE,FALSE
9,975,1.00163710576266,TRUE,FALSE,TRUE,FALSE
9,976,1.00632293879479,TRUE,FALSE,TRUE,FALSE
9,977,0.999982204914632,TRUE,FALSE,TRUE,FALSE
9,978,1.00086901591099,TRUE,FALSE,TRUE,FALSE
9,979,1.00107582072781,TRUE,FALSE,TRUE,FALSE
9,980,0.99948045368816,TRUE,FALSE,TRUE,FALSE
9,981,0.998736305940285,TRUE,FALSE,TRUE,FALSE
9,982,1.00139410274094,TRUE,FALSE,TRUE,FALSE
9,983,1.00028852224775,TRUE,FALSE,TRUE,FALSE
9,984,1.00733387972086,FALSE,FALSE,TRUE,FALSE
9,985,1.0026297222392,TRUE,FALSE,TRUE,FALSE
9,986,1.01260947110625,FALSE,FALSE,TRUE,FALSE
9,987,0.999609133674915,TRUE,FALSE,TRUE,FALSE
9,988,1.00860480732066,TRUE,FALSE,TRUE,FALSE
9,989,1.00097662732143,TRUE,FALSE,TRUE,FALSE
9,990,1.00075036134526,TRUE,FALSE,TRUE,FALSE
9,991,1.00522501438341,TRUE,FALSE,TRUE,FALSE
9,992,0.999468527676925,TRUE,FALSE,TRUE,FALSE
9,993,1.00168840293071,TRUE,FALSE,TRUE,FALSE
9,994,0.996482159526077,TRUE,FALSE,TRUE,FALSE
9,995,0.994951110672837,TRUE,FALSE,TRUE,FALSE
9,996,0.999235162825814,TRUE,FALSE,TRUE,FALSE
9,997,1.00496154982207,TRUE,FALSE,TRUE,FALSE
9,998,1.00271057295358,TRUE,FALSE,TRUE,FALSE
9,999,0.997899563230388,TRUE,FALSE,TRUE,FALSE
9,1000,0.994288686491378,TRUE,FALSE,TRUE,FALSE
10,1,0.584577173389949,TRUE,TRUE,TRUE,FALSE
10,2,0.616581145941491,TRUE,TRUE,TRUE,FALSE
10,3,0.599820190695252,TRUE,TRUE,TRUE,FALSE
10,4,0.586863477526578,TRUE,TRUE,TRUE,FALSE
10,5,0.592971642437133,TRUE,TRUE,TRUE,FALSE
10,6,0.608304410289047,TRUE,TRUE,TRUE,FALSE
10,7,0.61924513877556,TRUE,TRUE,TRUE,FALSE
10,8,0.594074370152036,TRUE,TRUE,TRUE,FALSE
10,9,0.600579037907375,TRUE,TRUE,TRUE,FALSE
10,10,0.60337863608491,TRUE,TRUE,TRUE,FALSE
10,11,0.590182576665912,TRUE,TRUE,TRUE,FALSE
10,12,0.59732111246956,TRUE,TRUE,TRUE,FALSE
10,13,0.604480410593552,TRUE,TRUE,TRUE,FALSE
10,14,0.615147206201175,TRUE,TRUE,TRUE,TRUE
10,15,0.588431031687223,TRUE,TRUE,TRUE,FALSE
10,16,0.594573015540963,TRUE,TRUE,TRUE,FALSE
10,17,0.628544578210641,FALSE,TRUE,TRUE,FALSE
10,18,0.609325487853541,TRUE,TRUE,TRUE,TRUE
10,19,0.601773206821633,TRUE,TRUE,TRUE,FALSE
10,20,0.58024753456626,TRUE,TRUE,TRUE,FALSE
10,21,0.60406678993087,TRUE,TRUE,TRUE,FALSE
10,22,0.591264829837935,TRUE,TRUE,TRUE,TRUE
10,23,0.587171169864887,TRUE,TRUE,TRUE,TRUE
10,24,0.60138247640505,TRUE,TRUE,TRUE,FALSE
10,25,0.600499221030909,TRUE,TRUE,TRUE,FALSE
10,26,0.596706091443428,TRUE,TRUE,TRUE,FALSE
10,27,0.597239905628946,TRUE,TRUE,TRUE,FALSE
10,28,0.589087284568505,TRUE,TRUE,TRUE,FALSE
10,29,0.607726191865671,TRUE,TRUE,TRUE,FALSE
10,30,0.596600387961686,TRUE,TRUE,TRUE,FALSE
10,31,0.601734440141035,TRUE,TRUE,TRUE,FALSE
10,32,0.615189615115643,TRUE,TRUE,TRUE,FALSE
10,33,0.593247695950369,TRUE,TRUE,TRUE,FALSE
10,34,0.577165643186819,FALSE,TRUE,TRUE,FALSE
10,35,0.609264233373411,TRUE,TRUE,TRUE,FALSE
10,36,0.595940437132759,TRUE,TRUE,TRUE,FALSE
10,37,0.615881677623715,TRUE,TRUE,TRUE,FALSE
10,38,0.59245022937955,TRUE,TRUE,TRUE,FALSE
10,39,0.602476312302432,TRUE,TRUE,TRUE,FALSE
10,40,0.602248473273697,TRUE,TRUE,TRUE,FALSE
10,41,0.620258986716612,TRUE,TRUE,TRUE,TRUE
10,42,0.572216526469417,FALSE,TRUE,TRUE,FALSE
10,43,0.594034830483466,TRUE,TRUE,TRUE,FALSE
10,44,0.582745959353492,TRUE,TRUE,TRUE,FALSE
10,45,0.603703727115293,TRUE,TRUE,TRUE,FALSE
10,46,0.604330835384872,TRUE,TRUE,TRUE,FALSE
10,47,0.612749587252994,TRUE,TRUE,TRUE,FALSE
10,48,0.612149184583161,TRUE,TRUE,TRUE,FALSE
10,49,0.583176769971982,TRUE,TRUE,TRUE,FALSE
10,50,0.580679445790346,TRUE,TRUE,TRUE,FALSE
10,51,0.597139945694964,TRUE,TRUE,TRUE,FALSE
10,52,0.60743902487906,TRUE,TRUE,TRUE,FALSE
10,53,0.58972895612019,TRUE,TRUE,TRUE,FALSE
10,54,0.60725949155672,TRUE,TRUE,TRUE,FALSE
10,55,0.598344808530317,TRUE,TRUE,TRUE,FALSE
10,56,0.595707167745871,TRUE,TRUE,TRUE,FALSE
10,57,0.593795694559021,TRUE,TRUE,TRUE,FALSE
10,58,0.599676954124604,TRUE,TRUE,TRUE,FALSE
10,59,0.630921700132706,FALSE,TRUE,TRUE,FALSE
10,60,0.611546002314194,TRUE,TRUE,TRUE,TRUE
10,61,0.602529303089645,TRUE,TRUE,TRUE,FALSE
10,62,0.583192519177944,TRUE,TRUE,TRUE,TRUE
10,63,0.593653859554155,TRUE,TRUE,TRUE,FALSE
10,64,0.6042850479188,TRUE,TRUE,TRUE,FALSE
10,65,0.598690175926672,TRUE,TRUE,TRUE,FALSE
10,66,0.602204879643585,TRUE,TRUE,TRUE,TRUE
10,67,0.600784886832038,TRUE,TRUE,TRUE,FALSE
10,68,0.586825075583817,TRUE,TRUE,TRUE,FALSE
10,69,0.584247435950175,TRUE,TRUE,TRUE,FALSE
10,70,0.601698998746245,TRUE,TRUE,TRUE,FALSE
10,71,0.590158110100705,TRUE,TRUE,TRUE,FALSE
10,72,0.601111645875831,TRUE,TRUE,TRUE,TRUE
10,73,0.608639683447173,TRUE,TRUE,TRUE,TRUE
10,74,0.607733878681617,TRUE,TRUE,TRUE,FALSE
10,75,0.586423421625655,TRUE,TRUE,TRUE,FALSE
10,76,0.586452558707565,TRUE,TRUE,TRUE,FALSE
10,77,0.58888418537714,TRUE,TRUE,TRUE,FALSE
10,78,0.591880993800235,TRUE,TRUE,TRUE,TRUE
10,79,0.580937701744481,TRUE,TRUE,TRUE,TRUE
10,80,0.596109352670862,TRUE,TRUE,TRUE,FALSE
10,81,0.614688073800653,TRUE,TRUE,TRUE,FALSE
10,82,0.605900709890507,TRUE,TRUE,TRUE,FALSE
10,83,0.610953554221083,TRUE,TRUE,TRUE,FALSE
10,84,0.588245669125365,TRUE,TRUE,TRUE,FALSE
10,85,0.61735006823874,TRUE,TRUE,TRUE,TRUE
10,86,0.611449707456318,TRUE,TRUE,TRUE,FALSE
10,87,0.595382752249654,TRUE,TRUE,TRUE,FALSE
10,88,0.614697651266951,TRUE,TRUE,TRUE,FALSE
10,89,0.609116482071655,TRUE,TRUE,TRUE,FALSE
10,90,0.595213039152049,TRUE,TRUE,TRUE,FALSE
10,91,0.606022429307465,TRUE,TRUE,TRUE,FALSE
10,92,0.612734873287029,TRUE,TRUE,TRUE,TRUE
10,93,0.605232080181604,TRUE,TRUE,TRUE,FALSE
10,94,0.598089197175293,TRUE,TRUE,TRUE,TRUE
10,95,0.601405869771462,TRUE,TRUE,TRUE,TRUE
10,96,0.607319798019672,TRUE,TRUE,TRUE,FALSE
10,97,0.60349749651109,TRUE,TRUE,TRUE,FALSE
10,98,0.596319962898507,TRUE,TRUE,TRUE,FALSE
10,99,0.594536349261374,TRUE,TRUE,TRUE,FALSE
10,100,0.608064804985686,TRUE,TRUE,TRUE,FALSE
10,101,0.596849268217488,TRUE,TRUE,TRUE,FALSE
10,102,0.598780610905791,TRUE,TRUE,TRUE,FALSE
10,103,0.607362457463871,TRUE,TRUE,TRUE,FALSE
10,104,0.597154134566279,TRUE,TRUE,TRUE,FALSE
10,105,0.606050083857781,TRUE,TRUE,TRUE,FALSE
10,106,0.598782109160483,TRUE,TRUE,TRUE,FALSE
10,107,0.591452041597619,TRUE,TRUE,TRUE,FALSE
10,108,0.593444631522934,TRUE,TRUE,TRUE,FALSE
10,109,0.593521563479734,TRUE,TRUE,TRUE,FALSE
10,110,0.596407867157886,TRUE,TRUE,TRUE,FALSE
10,111,0.598503802579357,TRUE,TRUE,TRUE,FALSE
10,112,0.622292662162126,TRUE,TRUE,TRUE,FALSE
10,113,0.604425961066185,TRUE,TRUE,TRUE,FALSE
10,114,0.588950656896493,TRUE,TRUE,TRUE,FALSE
10,115,0.598333132944416,TRUE,TRUE,TRUE,FALSE
10,116,0.595524000469892,TRUE,TRUE,TRUE,FALSE
10,117,0.604471991625046,TRUE,TRUE,TRUE,FALSE
10,118,0.618238549634674,TRUE,TRUE,TRUE,TRUE
10,119,0.614699445937691,TRUE,TRUE,TRUE,FALSE
10,120,0.589274328793058,TRUE,TRUE,TRUE,FALSE
10,121,0.597307551103276,TRUE,TRUE,TRUE,FALSE
10,122,0.604011159515116,TRUE,TRUE,TRUE,FALSE
10,123,0.605321345767428,TRUE,TRUE,TRUE,FALSE
10,124,0.61263870955784,TRUE,TRUE,TRUE,FALSE
10,125,0.613907584030684,TRUE,TRUE,TRUE,FALSE
10,126,0.60681691885993,TRUE,TRUE,TRUE,FALSE
10,127,0.586476962360535,TRUE,TRUE,TRUE,FALSE
10,128,0.584908740696402,TRUE,TRUE,TRUE,FALSE
10,129,0.594844151220593,TRUE,TRUE,TRUE,FALSE
10,130,0.586848634907484,TRUE,TRUE,TRUE,FALSE
10,131,0.6066973726437,TRUE,TRUE,TRUE,FALSE
10,132,0.603736922561475,TRUE,TRUE,TRUE,FALSE
10,133,0.580855354191356,TRUE,TRUE,TRUE,FALSE
10,134,0.609232161339617,TRUE,TRUE,TRUE,FALSE
10,135,0.592234489068594,TRUE,TRUE,TRUE,FALSE
10,136,0.616755190297968,TRUE,TRUE,TRUE,TRUE
10,137,0.601931483040996,TRUE,TRUE,TRUE,FALSE
10,138,0.620083574598569,TRUE,TRUE,TRUE,FALSE
10,139,0.613047474478978,TRUE,TRUE,TRUE,FALSE
10,140,0.611253575915392,TRUE,TRUE,TRUE,FALSE
10,141,0.602373989960545,TRUE,TRUE,TRUE,FALSE
10,142,0.619812567929314,TRUE,TRUE,TRUE,FALSE
10,143,0.596506575010226,TRUE,TRUE,TRUE,FALSE
10,144,0.595410048132913,TRUE,TRUE,TRUE,FALSE
10,145,0.607725054923041,TRUE,TRUE,TRUE,FALSE
10,146,0.582408232132973,TRUE,TRUE,TRUE,FALSE
10,147,0.607600371014447,TRUE,TRUE,TRUE,FALSE
10,148,0.605257386256764,TRUE,TRUE,TRUE,FALSE
10,149,0.60589332450929,TRUE,TRUE,TRUE,FALSE
10,150,0.602870739054704,TRUE,TRUE,TRUE,FALSE
10,151,0.597331432287367,TRUE,TRUE,TRUE,FALSE
10,152,0.587009988313993,TRUE,TRUE,TRUE,FALSE
10,153,0.59245845208938,TRUE,TRUE,TRUE,FALSE
10,154,0.608539487883661,TRUE,TRUE,TRUE,FALSE
10,155,0.593352524371009,TRUE,TRUE,TRUE,TRUE
10,156,0.598994200521785,TRUE,TRUE,TRUE,FALSE
10,157,0.597757297074052,TRUE,TRUE,TRUE,FALSE
10,158,0.615973862320622,TRUE,TRUE,TRUE,FALSE
10,159,0.60673874052736,TRUE,TRUE,TRUE,FALSE
10,160,0.613237885024874,TRUE,TRUE,TRUE,FALSE
10,161,0.603502205566485,TRUE,TRUE,TRUE,FALSE
10,162,0.609093965705531,TRUE,TRUE,TRUE,FALSE
10,163,0.595783872456764,TRUE,TRUE,TRUE,FALSE
10,164,0.584544440196661,TRUE,TRUE,TRUE,FALSE
10,165,0.596277413527577,TRUE,TRUE,TRUE,TRUE
10,166,0.592395084594604,TRUE,TRUE,TRUE,FALSE
10,167,0.601510000453404,TRUE,TRUE,TRUE,TRUE
10,168,0.604703189469612,TRUE,TRUE,TRUE,FALSE
10,169,0.60192484493515,TRUE,TRUE,TRUE,FALSE
10,170,0.601201194165015,TRUE,TRUE,TRUE,TRUE
10,171,0.578427690678749,FALSE,TRUE,TRUE,TRUE
10,172,0.594672113937198,TRUE,TRUE,TRUE,FALSE
10,173,0.588333506153836,TRUE,TRUE,TRUE,FALSE
10,174,0.602581887499099,TRUE,TRUE,TRUE,FALSE
10,175,0.599858766004637,TRUE,TRUE,TRUE,FALSE
10,176,0.618826796210515,TRUE,TRUE,TRUE,TRUE
10,177,0.605693823011809,TRUE,TRUE,TRUE,FALSE
10,178,0.585562158599525,TRUE,TRUE,TRUE,FALSE
10,179,0.588462025231343,TRUE,TRUE,TRUE,TRUE
10,180,0.603651442808086,TRUE,TRUE,TRUE,TRUE
10,181,0.586600948375111,TRUE,TRUE,TRUE,FALSE
10,182,0.612009743376818,TRUE,TRUE,TRUE,FALSE
10,183,0.595107141941222,TRUE,TRUE,TRUE,FALSE
10,184,0.608112974422569,TRUE,TRUE,TRUE,FALSE
10,185,0.588045720067979,TRUE,TRUE,TRUE,FALSE
10,186,0.591995477906084,TRUE,TRUE,TRUE,FALSE
10,187,0.624317640049377,FALSE,TRUE,TRUE,FALSE
10,188,0.60360054775843,TRUE,TRUE,TRUE,FALSE
10,189,0.590901507747773,TRUE,TRUE,TRUE,FALSE
10,190,0.583531732568826,TRUE,TRUE,TRUE,TRUE
10,191,0.598670998796428,TRUE,TRUE,TRUE,FALSE
10,192,0.60944488959822,TRUE,TRUE,TRUE,FALSE
10,193,0.592679100198201,TRUE,TRUE,TRUE,FALSE
10,194,0.59276005515734,TRUE,TRUE,TRUE,FALSE
10,195,0.600165265757551,TRUE,TRUE,TRUE,FALSE
10,196,0.581182722210036,TRUE,TRUE,TRUE,FALSE
10,197,0.59590739413176,TRUE,TRUE,TRUE,FALSE
10,198,0.598599788305493,TRUE,TRUE,TRUE,FALSE
10,199,0.598608427783411,TRUE,TRUE,TRUE,FALSE
10,200,0.602498336872544,TRUE,TRUE,TRUE,FALSE
10,201,0.605495329095677,TRUE,TRUE,TRUE,FALSE
10,202,0.596467901380538,TRUE,TRUE,TRUE,FALSE
10,203,0.604858398081191,TRUE,TRUE,TRUE,FALSE
10,204,0.612941626224328,TRUE,TRUE,TRUE,TRUE
10,205,0.608268300981486,TRUE,TRUE,TRUE,FALSE
10,206,0.599326753451641,TRUE,TRUE,TRUE,FALSE
10,207,0.586670318293693,TRUE,TRUE,TRUE,TRUE
10,208,0.593377933390125,TRUE,TRUE,TRUE,FALSE
10,209,0.593239942308812,TRUE,TRUE,TRUE,FALSE
10,210,0.614539529442432,TRUE,TRUE,TRUE,FALSE
10,211,0.598399002549915,TRUE,TRUE,TRUE,FALSE
10,212,0.605659638950659,TRUE,TRUE,TRUE,FALSE
10,213,0.603354134771396,TRUE,TRUE,TRUE,FALSE
10,214,0.604540573225074,TRUE,TRUE,TRUE,TRUE
10,215,0.60020648633869,TRUE,TRUE,TRUE,TRUE
10,216,0.596530578435406,TRUE,TRUE,TRUE,FALSE
10,217,0.593412058013537,TRUE,TRUE,TRUE,FALSE
10,218,0.612446570309437,TRUE,TRUE,TRUE,FALSE
10,219,0.598144526137894,TRUE,TRUE,TRUE,FALSE
10,220,0.60004986148878,TRUE,TRUE,TRUE,FALSE
10,221,0.598845349246923,TRUE,TRUE,TRUE,FALSE
10,222,0.620499832493261,TRUE,TRUE,TRUE,FALSE
10,223,0.587859780579193,TRUE,TRUE,TRUE,FALSE
10,224,0.591371677782858,TRUE,TRUE,TRUE,FALSE
10,225,0.6123480629755,TRUE,TRUE,TRUE,FALSE
10,226,0.592801545267108,TRUE,TRUE,TRUE,FALSE
10,227,0.593988303219636,TRUE,TRUE,TRUE,FALSE
10,228,0.596241228678437,TRUE,TRUE,TRUE,FALSE
10,229,0.599190892474883,TRUE,TRUE,TRUE,FALSE
10,230,0.61305133556145,TRUE,TRUE,TRUE,FALSE
10,231,0.604329850114878,TRUE,TRUE,TRUE,TRUE
10,232,0.589587255721633,TRUE,TRUE,TRUE,FALSE
10,233,0.605512953353432,TRUE,TRUE,TRUE,FALSE
10,234,0.609190212440722,TRUE,TRUE,TRUE,FALSE
10,235,0.599099993987863,TRUE,TRUE,TRUE,FALSE
10,236,0.577264195421559,TRUE,TRUE,TRUE,FALSE
10,237,0.599958705341239,TRUE,TRUE,TRUE,FALSE
10,238,0.615063696771586,TRUE,TRUE,TRUE,TRUE
10,239,0.581817165995514,TRUE,TRUE,TRUE,FALSE
10,240,0.582161172846601,TRUE,TRUE,TRUE,TRUE
10,241,0.582921506715011,TRUE,TRUE,TRUE,FALSE
10,242,0.580735066122982,TRUE,TRUE,TRUE,FALSE
10,243,0.596756050460254,TRUE,TRUE,TRUE,TRUE
10,244,0.598594310247858,TRUE,TRUE,TRUE,FALSE
10,245,0.601355916316575,TRUE,TRUE,TRUE,FALSE
10,246,0.609564446751757,TRUE,TRUE,TRUE,FALSE
10,247,0.606241997004477,TRUE,TRUE,TRUE,FALSE
10,248,0.611890203237601,TRUE,TRUE,TRUE,FALSE
10,249,0.592332101315374,TRUE,TRUE,TRUE,FALSE
10,250,0.60400860544977,TRUE,TRUE,TRUE,FALSE
10,251,0.587113911698002,TRUE,TRUE,TRUE,FALSE
10,252,0.604821138878269,TRUE,TRUE,TRUE,FALSE
10,253,0.616106159778445,TRUE,TRUE,TRUE,FALSE
10,254,0.614210916927125,TRUE,TRUE,TRUE,FALSE
10,255,0.597309110519692,TRUE,TRUE,TRUE,FALSE
10,256,0.605782997410154,TRUE,TRUE,TRUE,FALSE
10,257,0.605653158185943,TRUE,TRUE,TRUE,FALSE
10,258,0.594420045910193,TRUE,TRUE,TRUE,FALSE
10,259,0.587805442830378,TRUE,TRUE,TRUE,FALSE
10,260,0.608409686334021,TRUE,TRUE,TRUE,FALSE
10,261,0.61150506284642,TRUE,TRUE,TRUE,FALSE
10,262,0.584049130612879,TRUE,TRUE,TRUE,FALSE
10,263,0.584988050251987,TRUE,TRUE,TRUE,FALSE
10,264,0.596768252042964,TRUE,TRUE,TRUE,FALSE
10,265,0.600574653337293,TRUE,TRUE,TRUE,FALSE
10,266,0.578988864929835,TRUE,TRUE,TRUE,FALSE
10,267,0.594967939119054,TRUE,TRUE,TRUE,FALSE
10,268,0.609443889405002,TRUE,TRUE,TRUE,FALSE
10,269,0.586943925999629,TRUE,TRUE,TRUE,FALSE
10,270,0.607775975600803,TRUE,TRUE,TRUE,TRUE
10,271,0.597823281373227,TRUE,TRUE,TRUE,TRUE
10,272,0.583289320562899,TRUE,TRUE,TRUE,FALSE
10,273,0.595041360447684,TRUE,TRUE,TRUE,FALSE
10,274,0.602730898114407,TRUE,TRUE,TRUE,FALSE
10,275,0.594528341017974,TRUE,TRUE,TRUE,FALSE
10,276,0.598079004892712,TRUE,TRUE,TRUE,FALSE
10,277,0.592521251319187,TRUE,TRUE,TRUE,TRUE
10,278,0.598747034989654,TRUE,TRUE,TRUE,FALSE
10,279,0.599849497672391,TRUE,TRUE,TRUE,FALSE
10,280,0.580792405847718,TRUE,TRUE,TRUE,FALSE
10,281,0.624868459987373,FALSE,TRUE,TRUE,FALSE
10,282,0.605005612206132,TRUE,TRUE,TRUE,FALSE
10,283,0.6013668407242,TRUE,TRUE,TRUE,FALSE
10,284,0.602104937204391,TRUE,TRUE,TRUE,FALSE
10,285,0.593581672674217,TRUE,TRUE,TRUE,FALSE
10,286,0.58284547290918,TRUE,TRUE,TRUE,FALSE
10,287,0.61498599119748,TRUE,TRUE,TRUE,FALSE
10,288,0.606183148500083,TRUE,TRUE,TRUE,FALSE
10,289,0.583019067911998,TRUE,TRUE,TRUE,FALSE
10,290,0.588572103326846,TRUE,TRUE,TRUE,FALSE
10,291,0.597301068012383,TRUE,TRUE,TRUE,TRUE
10,292,0.619890095417295,TRUE,TRUE,TRUE,FALSE
10,293,0.615718721450131,TRUE,TRUE,TRUE,TRUE
10,294,0.600284200643935,TRUE,TRUE,TRUE,FALSE
10,295,0.604268396314878,TRUE,TRUE,TRUE,FALSE
10,296,0.60528312993554,TRUE,TRUE,TRUE,FALSE
10,297,0.613570692099436,TRUE,TRUE,TRUE,TRUE
10,298,0.581504732024567,TRUE,TRUE,TRUE,FALSE
10,299,0.590934633503471,TRUE,TRUE,TRUE,FALSE
10,300,0.602452286984728,TRUE,TRUE,TRUE,FALSE
10,301,0.589262711802613,TRUE,TRUE,TRUE,FALSE
10,302,0.624443771609358,FALSE,TRUE,TRUE,TRUE
10,303,0.590460909515552,TRUE,TRUE,TRUE,FALSE
10,304,0.591338738396583,TRUE,TRUE,TRUE,FALSE
10,305,0.603139807616201,TRUE,TRUE,TRUE,FALSE
10,306,0.585446729033094,TRUE,TRUE,TRUE,FALSE
10,307,0.585790016131936,TRUE,TRUE,TRUE,FALSE
10,308,0.590827053120416,TRUE,TRUE,TRUE,FALSE
10,309,0.604765680943471,TRUE,TRUE,TRUE,FALSE
10,310,0.616878633149958,TRUE,TRUE,TRUE,FALSE
10,311,0.622690945412368,TRUE,TRUE,TRUE,FALSE
10,312,0.585388304695876,TRUE,TRUE,TRUE,FALSE
10,313,0.620871524745259,FALSE,TRUE,TRUE,FALSE
10,314,0.586438481654958,TRUE,TRUE,TRUE,FALSE
10,315,0.612840790977949,TRUE,TRUE,TRUE,FALSE
10,316,0.601224499261721,TRUE,TRUE,TRUE,FALSE
10,317,0.612595954570751,TRUE,TRUE,TRUE,TRUE
10,318,0.602889121212082,TRUE,TRUE,TRUE,FALSE
10,319,0.599530496324733,TRUE,TRUE,TRUE,TRUE
10,320,0.570544053922994,FALSE,TRUE,TRUE,FALSE
10,321,0.608919612996629,TRUE,TRUE,TRUE,FALSE
10,322,0.604823702825955,TRUE,TRUE,TRUE,FALSE
10,323,0.596910649980452,TRUE,TRUE,TRUE,TRUE
10,324,0.599265456950493,TRUE,TRUE,TRUE,TRUE
10,325,0.600279969847866,TRUE,TRUE,TRUE,TRUE
10,326,0.601787587280668,TRUE,TRUE,TRUE,FALSE
10,327,0.594781441850386,TRUE,TRUE,TRUE,FALSE
10,328,0.610794852957489,TRUE,TRUE,TRUE,FALSE
10,329,0.615167627586388,TRUE,TRUE,TRUE,FALSE
10,330,0.600828513183338,TRUE,TRUE,TRUE,TRUE
10,331,0.61790983023483,TRUE,TRUE,TRUE,FALSE
10,332,0.613035359834643,TRUE,TRUE,TRUE,TRUE
10,333,0.586848955574418,TRUE,TRUE,TRUE,FALSE
10,334,0.605110271708206,TRUE,TRUE,TRUE,FALSE
10,335,0.594006306089515,TRUE,TRUE,TRUE,FALSE
10,336,0.610990383398413,TRUE,TRUE,TRUE,TRUE
10,337,0.594344902459297,TRUE,TRUE,TRUE,FALSE
10,338,0.570017210524632,FALSE,TRUE,TRUE,TRUE
10,339,0.605348278984422,TRUE,TRUE,TRUE,FALSE
10,340,0.595418622535394,TRUE,TRUE,TRUE,FALSE
10,341,0.622148198275194,FALSE,TRUE,TRUE,FALSE
10,342,0.616557117971759,TRUE,TRUE,TRUE,FALSE
10,343,0.594115848881781,TRUE,TRUE,TRUE,FALSE
10,344,0.60665920287238,TRUE,TRUE,TRUE,FALSE
10,345,0.612645473033258,TRUE,TRUE,TRUE,FALSE
10,346,0.598730793695401,TRUE,TRUE,TRUE,FALSE
10,347,0.605657307107458,TRUE,TRUE,TRUE,FALSE
10,348,0.600973233907775,TRUE,TRUE,TRUE,TRUE
10,349,0.58550358008448,TRUE,TRUE,TRUE,FALSE
10,350,0.597269782417604,TRUE,TRUE,TRUE,FALSE
10,351,0.598751646027662,TRUE,TRUE,TRUE,FALSE
10,352,0.591735874601555,TRUE,TRUE,TRUE,FALSE
10,353,0.60367793480909,TRUE,TRUE,TRUE,FALSE
10,354,0.60445295341227,TRUE,TRUE,TRUE,FALSE
10,355,0.589922877191327,TRUE,TRUE,TRUE,FALSE
10,356,0.602068468972205,TRUE,TRUE,TRUE,FALSE
10,357,0.602144264698671,TRUE,TRUE,TRUE,FALSE
10,358,0.584722586314427,TRUE,TRUE,TRUE,FALSE
10,359,0.597250227484388,TRUE,TRUE,TRUE,FALSE
10,360,0.61487190267498,TRUE,TRUE,TRUE,FALSE
10,361,0.596985395548506,TRUE,TRUE,TRUE,FALSE
10,362,0.598985095743997,TRUE,TRUE,TRUE,FALSE
10,363,0.585687627581994,TRUE,TRUE,TRUE,FALSE
10,364,0.6055941209175,TRUE,TRUE,TRUE,FALSE
10,365,0.610815554162016,TRUE,TRUE,TRUE,FALSE
10,366,0.60000124671476,TRUE,TRUE,TRUE,FALSE
10,367,0.596252209109191,TRUE,TRUE,TRUE,FALSE
10,368,0.600714894332811,TRUE,TRUE,TRUE,FALSE
10,369,0.576954417259404,TRUE,TRUE,TRUE,TRUE
10,370,0.586660676544343,TRUE,TRUE,TRUE,FALSE
10,371,0.60763708891808,TRUE,TRUE,TRUE,TRUE
10,372,0.618267223132544,TRUE,TRUE,TRUE,TRUE
10,373,0.605639661015274,TRUE,TRUE,TRUE,FALSE
10,374,0.610140187573367,TRUE,TRUE,TRUE,FALSE
10,375,0.596548455176044,TRUE,TRUE,TRUE,FALSE
10,376,0.595330740568439,TRUE,TRUE,TRUE,TRUE
10,377,0.595830020153948,TRUE,TRUE,TRUE,FALSE
10,378,0.594054415546143,TRUE,TRUE,TRUE,FALSE
10,379,0.61691440314413,TRUE,TRUE,TRUE,TRUE
10,380,0.592125329520238,TRUE,TRUE,TRUE,FALSE
10,381,0.611511726512008,TRUE,TRUE,TRUE,FALSE
10,382,0.602227630375342,TRUE,TRUE,TRUE,FALSE
10,383,0.593247493251085,TRUE,TRUE,TRUE,FALSE
10,384,0.607841163691846,TRUE,TRUE,TRUE,FALSE
10,385,0.581358789565864,TRUE,TRUE,TRUE,FALSE
10,386,0.59727343356396,TRUE,TRUE,TRUE,FALSE
10,387,0.604000424597335,TRUE,TRUE,TRUE,FALSE
10,388,0.597507247395012,TRUE,TRUE,TRUE,FALSE
10,389,0.595046998655555,TRUE,TRUE,TRUE,FALSE
10,390,0.613096325047673,TRUE,TRUE,TRUE,FALSE
10,391,0.616307185971315,TRUE,TRUE,TRUE,FALSE
10,392,0.590607356827844,TRUE,TRUE,TRUE,TRUE
10,393,0.609114629618241,TRUE,TRUE,TRUE,FALSE
10,394,0.612436528086918,TRUE,TRUE,TRUE,FALSE
10,395,0.614901230297732,TRUE,TRUE,TRUE,FALSE
10,396,0.595997686840928,TRUE,TRUE,TRUE,FALSE
10,397,0.597479830786176,TRUE,TRUE,TRUE,FALSE
10,398,0.603554440065805,TRUE,TRUE,TRUE,FALSE
10,399,0.596513245762246,TRUE,TRUE,TRUE,FALSE
10,400,0.609935438860924,TRUE,TRUE,TRUE,FALSE
10,401,0.590432482400936,TRUE,TRUE,TRUE,FALSE
10,402,0.612713799498389,TRUE,TRUE,TRUE,FALSE
10,403,0.585274060305856,TRUE,TRUE,TRUE,FALSE
10,404,0.60343504105232,TRUE,TRUE,TRUE,FALSE
10,405,0.589221422388865,TRUE,TRUE,TRUE,FALSE
10,406,0.597242244608911,TRUE,TRUE,TRUE,FALSE
10,407,0.59719862952825,TRUE,TRUE,TRUE,TRUE
10,408,0.595318651505763,TRUE,TRUE,TRUE,FALSE
10,409,0.587655657613185,TRUE,TRUE,TRUE,FALSE
10,410,0.626264429462257,FALSE,TRUE,TRUE,FALSE
10,411,0.603176207038912,TRUE,TRUE,TRUE,FALSE
10,412,0.585070010634874,TRUE,TRUE,TRUE,FALSE
10,413,0.599233054230652,TRUE,TRUE,TRUE,FALSE
10,414,0.583749571503391,TRUE,TRUE,TRUE,FALSE
10,415,0.594433718093047,TRUE,TRUE,TRUE,FALSE
10,416,0.605405555423039,TRUE,TRUE,TRUE,FALSE
10,417,0.594344113367027,TRUE,TRUE,TRUE,FALSE
10,418,0.600081968738518,TRUE,TRUE,TRUE,FALSE
10,419,0.622408299824852,FALSE,TRUE,TRUE,FALSE
10,420,0.618339135603235,TRUE,TRUE,TRUE,FALSE
10,421,0.595822229232758,TRUE,TRUE,TRUE,FALSE
10,422,0.594670135997703,TRUE,TRUE,TRUE,FALSE
10,423,0.587563481093791,TRUE,TRUE,TRUE,FALSE
10,424,0.591045309637919,TRUE,TRUE,TRUE,FALSE
10,425,0.606667400200999,TRUE,TRUE,TRUE,TRUE
10,426,0.609856550238654,TRUE,TRUE,TRUE,FALSE
10,427,0.600108212611059,TRUE,TRUE,TRUE,FALSE
10,428,0.596840225000934,TRUE,TRUE,TRUE,FALSE
10,429,0.589068026938688,TRUE,TRUE,TRUE,FALSE
10,430,0.613401046499596,TRUE,TRUE,TRUE,FALSE
10,431,0.582501929222233,TRUE,TRUE,TRUE,TRUE
10,432,0.587216973948522,TRUE,TRUE,TRUE,FALSE
10,433,0.599172065251917,TRUE,TRUE,TRUE,FALSE
10,434,0.600913518964261,TRUE,TRUE,TRUE,TRUE
10,435,0.611828182084173,TRUE,TRUE,TRUE,FALSE
10,436,0.610052397719331,TRUE,TRUE,TRUE,FALSE
10,437,0.609736523845912,TRUE,TRUE,TRUE,FALSE
10,438,0.607335652080441,TRUE,TRUE,TRUE,FALSE
10,439,0.593013964428452,TRUE,TRUE,TRUE,TRUE
10,440,0.607514345221502,TRUE,TRUE,TRUE,FALSE
10,441,0.592770766000682,TRUE,TRUE,TRUE,FALSE
10,442,0.584574341769469,TRUE,TRUE,TRUE,TRUE
10,443,0.591544703423013,TRUE,TRUE,TRUE,FALSE
10,444,0.606636011833587,TRUE,TRUE,TRUE,FALSE
10,445,0.610074218827565,TRUE,TRUE,TRUE,TRUE
10,446,0.595770855444964,TRUE,TRUE,TRUE,FALSE
10,447,0.609717304905606,TRUE,TRUE,TRUE,FALSE
10,448,0.59942465041052,TRUE,TRUE,TRUE,FALSE
10,449,0.595153328731605,TRUE,TRUE,TRUE,FALSE
10,450,0.595334410632567,TRUE,TRUE,TRUE,FALSE
10,451,0.60435086674045,TRUE,TRUE,TRUE,FALSE
10,452,0.614021244538006,TRUE,TRUE,TRUE,FALSE
10,453,0.613794776628474,TRUE,TRUE,TRUE,FALSE
10,454,0.600806683302023,TRUE,TRUE,TRUE,FALSE
10,455,0.606748826930989,TRUE,TRUE,TRUE,FALSE
10,456,0.599045802467836,TRUE,TRUE,TRUE,FALSE
10,457,0.597583461100898,TRUE,TRUE,TRUE,TRUE
10,458,0.587062073532993,TRUE,TRUE,TRUE,TRUE
10,459,0.610299138858435,TRUE,TRUE,TRUE,FALSE
10,460,0.601713074648629,TRUE,TRUE,TRUE,FALSE
10,461,0.599918792726169,TRUE,TRUE,TRUE,FALSE
10,462,0.590911448178108,TRUE,TRUE,TRUE,TRUE
10,463,0.60400113804362,TRUE,TRUE,TRUE,TRUE
10,464,0.608557041467945,TRUE,TRUE,TRUE,FALSE
10,465,0.59763584045946,TRUE,TRUE,TRUE,FALSE
10,466,0.584377398296392,TRUE,TRUE,TRUE,FALSE
10,467,0.58401894291281,TRUE,TRUE,TRUE,FALSE
10,468,0.592407710028053,TRUE,TRUE,TRUE,FALSE
10,469,0.575801983785439,FALSE,TRUE,TRUE,FALSE
10,470,0.593374638815929,TRUE,TRUE,TRUE,FALSE
10,471,0.608055359638518,TRUE,TRUE,TRUE,FALSE
10,472,0.587168197990336,TRUE,TRUE,TRUE,TRUE
10,473,0.608917276003319,TRUE,TRUE,TRUE,FALSE
10,474,0.617537535877128,TRUE,TRUE,TRUE,FALSE
10,475,0.586764874026969,TRUE,TRUE,TRUE,FALSE
10,476,0.602461452129116,TRUE,TRUE,TRUE,FALSE
10,477,0.589556079846964,TRUE,TRUE,TRUE,FALSE
10,478,0.612558564825225,TRUE,TRUE,TRUE,FALSE
10,479,0.581836479966666,TRUE,TRUE,TRUE,FALSE
10,480,0.589616451806722,TRUE,TRUE,TRUE,FALSE
10,481,0.606516866361574,TRUE,TRUE,TRUE,FALSE
10,482,0.603336165720828,TRUE,TRUE,TRUE,FALSE
10,483,0.604477804565441,TRUE,TRUE,TRUE,FALSE
10,484,0.613663547205195,TRUE,TRUE,TRUE,FALSE
10,485,0.600980350951405,TRUE,TRUE,TRUE,TRUE
10,486,0.612814513291043,TRUE,TRUE,TRUE,FALSE
10,487,0.592905760045163,TRUE,TRUE,TRUE,FALSE
10,488,0.599365956224148,TRUE,TRUE,TRUE,FALSE
10,489,0.610241667126055,TRUE,TRUE,TRUE,FALSE
10,490,0.604903052471572,TRUE,TRUE,TRUE,FALSE
10,491,0.609841487869139,TRUE,TRUE,TRUE,FALSE
10,492,0.594408385121748,TRUE,TRUE,TRUE,FALSE
10,493,0.594575262554632,TRUE,TRUE,TRUE,FALSE
10,494,0.603813967937666,TRUE,TRUE,TRUE,FALSE
10,495,0.592501707102593,TRUE,TRUE,TRUE,FALSE
10,496,0.595066393656571,TRUE,TRUE,TRUE,FALSE
10,497,0.601575236379277,TRUE,TRUE,TRUE,FALSE
10,498,0.584756124864278,TRUE,TRUE,TRUE,FALSE
10,499,0.580814772533986,TRUE,TRUE,TRUE,FALSE
10,500,0.595575166435121,TRUE,TRUE,TRUE,FALSE
10,501,0.607814516960124,TRUE,TRUE,TRUE,FALSE
10,502,0.599918039538592,TRUE,TRUE,TRUE,FALSE
10,503,0.613817649844057,TRUE,TRUE,TRUE,FALSE
10,504,0.594291702243116,TRUE,TRUE,TRUE,FALSE
10,505,0.591328141562302,TRUE,TRUE,TRUE,FALSE
10,506,0.593689002707011,TRUE,TRUE,TRUE,FALSE
10,507,0.593162491608759,TRUE,TRUE,TRUE,FALSE
10,508,0.608779821167391,TRUE,TRUE,TRUE,FALSE
10,509,0.598293348916252,TRUE,TRUE,TRUE,FALSE
10,510,0.58536464379178,TRUE,TRUE,TRUE,FALSE
10,511,0.590726382766505,TRUE,TRUE,TRUE,FALSE
10,512,0.606139282291908,TRUE,TRUE,TRUE,FALSE
10,513,0.589977367629538,TRUE,TRUE,TRUE,FALSE
10,514,0.603680041453348,TRUE,TRUE,TRUE,TRUE
10,515,0.604371904920781,TRUE,TRUE,TRUE,FALSE
10,516,0.61531928444407,TRUE,TRUE,TRUE,FALSE
10,517,0.600711298109287,TRUE,TRUE,TRUE,FALSE
10,518,0.605384957058897,TRUE,TRUE,TRUE,FALSE
10,519,0.597557171930213,TRUE,TRUE,TRUE,FALSE
10,520,0.586887796282747,TRUE,TRUE,TRUE,FALSE
10,521,0.582709794478913,TRUE,TRUE,TRUE,FALSE
10,522,0.602745469080463,TRUE,TRUE,TRUE,TRUE
10,523,0.605034423595596,TRUE,TRUE,TRUE,TRUE
10,524,0.598326215050636,TRUE,TRUE,TRUE,FALSE
10,525,0.602050733165801,TRUE,TRUE,TRUE,FALSE
10,526,0.604595368983703,TRUE,TRUE,TRUE,TRUE
10,527,0.594232885846088,TRUE,TRUE,TRUE,FALSE
10,528,0.568072994725203,FALSE,TRUE,TRUE,FALSE
10,529,0.611149513770484,TRUE,TRUE,TRUE,FALSE
10,530,0.593355087746953,TRUE,TRUE,TRUE,FALSE
10,531,0.604832367510446,TRUE,TRUE,TRUE,FALSE
10,532,0.586410303572129,TRUE,TRUE,TRUE,FALSE
10,533,0.592041690685692,TRUE,TRUE,TRUE,FALSE
10,534,0.603383122219774,TRUE,TRUE,TRUE,FALSE
10,535,0.588783846313885,TRUE,TRUE,TRUE,FALSE
10,536,0.60388211460052,TRUE,TRUE,TRUE,FALSE
10,537,0.616597109699234,TRUE,TRUE,TRUE,FALSE
10,538,0.600870281327921,TRUE,TRUE,TRUE,FALSE
10,539,0.610849050180498,TRUE,TRUE,TRUE,FALSE
10,540,0.608182850463653,TRUE,TRUE,TRUE,FALSE
10,541,0.602921671998949,TRUE,TRUE,TRUE,FALSE
10,542,0.588257508432566,TRUE,TRUE,TRUE,TRUE
10,543,0.579496318556451,TRUE,TRUE,TRUE,FALSE
10,544,0.601867009183067,TRUE,TRUE,TRUE,TRUE
10,545,0.59990152777198,TRUE,TRUE,TRUE,FALSE
10,546,0.604469604752908,TRUE,TRUE,TRUE,FALSE
10,547,0.596109801610582,TRUE,TRUE,TRUE,FALSE
10,548,0.599428545119747,TRUE,TRUE,TRUE,FALSE
10,549,0.605790711686085,TRUE,TRUE,TRUE,FALSE
10,550,0.594846733387873,TRUE,TRUE,TRUE,TRUE
10,551,0.597077621244525,TRUE,TRUE,TRUE,FALSE
10,552,0.597542743235092,TRUE,TRUE,TRUE,FALSE
10,553,0.591204214131365,TRUE,TRUE,TRUE,FALSE
10,554,0.604106658796138,TRUE,TRUE,TRUE,FALSE
10,555,0.593170024481909,TRUE,TRUE,TRUE,FALSE
10,556,0.605627178931807,TRUE,TRUE,TRUE,FALSE
10,557,0.586960338653508,TRUE,TRUE,TRUE,FALSE
10,558,0.595618422281747,TRUE,TRUE,TRUE,FALSE
10,559,0.605539444817521,TRUE,TRUE,TRUE,FALSE
10,560,0.591804470468989,TRUE,TRUE,TRUE,FALSE
10,561,0.580052165965523,FALSE,TRUE,TRUE,FALSE
10,562,0.593760876690473,TRUE,TRUE,TRUE,FALSE
10,563,0.588614571835205,TRUE,TRUE,TRUE,FALSE
10,564,0.614857155815055,TRUE,TRUE,TRUE,FALSE
10,565,0.601151534545094,TRUE,TRUE,TRUE,FALSE
10,566,0.596491679585137,TRUE,TRUE,TRUE,FALSE
10,567,0.588624309283941,TRUE,TRUE,TRUE,FALSE
10,568,0.599734496410399,TRUE,TRUE,TRUE,FALSE
10,569,0.598081135893009,TRUE,TRUE,TRUE,TRUE
10,570,0.590812761985492,TRUE,TRUE,TRUE,FALSE
10,571,0.603159697796047,TRUE,TRUE,TRUE,FALSE
10,572,0.600355409632229,TRUE,TRUE,TRUE,FALSE
10,573,0.614822527585349,TRUE,TRUE,TRUE,FALSE
10,574,0.608390089159061,TRUE,TRUE,TRUE,FALSE
10,575,0.567890059981303,FALSE,TRUE,TRUE,FALSE
10,576,0.598743081248429,TRUE,TRUE,TRUE,FALSE
10,577,0.604277375722627,TRUE,TRUE,TRUE,TRUE
10,578,0.613105545959556,TRUE,TRUE,TRUE,FALSE
10,579,0.586623767857614,TRUE,TRUE,TRUE,FALSE
10,580,0.603143454849682,TRUE,TRUE,TRUE,FALSE
10,581,0.609421399745339,TRUE,TRUE,TRUE,FALSE
10,582,0.6038849362981,TRUE,TRUE,TRUE,FALSE
10,583,0.593030057700019,TRUE,TRUE,TRUE,FALSE
10,584,0.592661575533132,TRUE,TRUE,TRUE,TRUE
10,585,0.591043634952654,TRUE,TRUE,TRUE,TRUE
10,586,0.593278679279635,TRUE,TRUE,TRUE,FALSE
10,587,0.596628181910911,TRUE,TRUE,TRUE,FALSE
10,588,0.599366266613607,TRUE,TRUE,TRUE,TRUE
10,589,0.61488760217724,TRUE,TRUE,TRUE,FALSE
10,590,0.580018367350445,TRUE,TRUE,TRUE,FALSE
10,591,0.605870868531498,TRUE,TRUE,TRUE,FALSE
10,592,0.603635431335155,TRUE,TRUE,TRUE,FALSE
10,593,0.603642682556475,TRUE,TRUE,TRUE,FALSE
10,594,0.618758374836324,TRUE,TRUE,TRUE,FALSE
10,595,0.603116343051399,TRUE,TRUE,TRUE,FALSE
10,596,0.59470925440766,TRUE,TRUE,TRUE,FALSE
10,597,0.590983475403302,TRUE,TRUE,TRUE,FALSE
10,598,0.594510557914469,TRUE,TRUE,TRUE,FALSE
10,599,0.599017592096031,TRUE,TRUE,TRUE,FALSE
10,600,0.59930091569881,TRUE,TRUE,TRUE,FALSE
10,601,0.618882552497552,TRUE,TRUE,TRUE,FALSE
10,602,0.612114405451834,TRUE,TRUE,TRUE,FALSE
10,603,0.598193364965298,TRUE,TRUE,TRUE,FALSE
10,604,0.604597428453773,TRUE,TRUE,TRUE,FALSE
10,605,0.604483476210598,TRUE,TRUE,TRUE,FALSE
10,606,0.597594326414931,TRUE,TRUE,TRUE,FALSE
10,607,0.597216853085916,TRUE,TRUE,TRUE,FALSE
10,608,0.605971848912327,TRUE,TRUE,TRUE,FALSE
10,609,0.589028537347953,TRUE,TRUE,TRUE,TRUE
10,610,0.599682913396327,TRUE,TRUE,TRUE,FALSE
10,611,0.58563939428146,TRUE,TRUE,TRUE,FALSE
10,612,0.594669151928784,TRUE,TRUE,TRUE,FALSE
10,613,0.591222255691122,TRUE,TRUE,TRUE,FALSE
10,614,0.585612922093459,TRUE,TRUE,TRUE,FALSE
10,615,0.603450189003607,TRUE,TRUE,TRUE,FALSE
10,616,0.599128771304909,TRUE,TRUE,TRUE,FALSE
10,617,0.611112816631195,TRUE,TRUE,TRUE,FALSE
10,618,0.596186166658907,TRUE,TRUE,TRUE,FALSE
10,619,0.614758024697893,TRUE,TRUE,TRUE,FALSE
10,620,0.592497934384075,TRUE,TRUE,TRUE,FALSE
10,621,0.61179329335092,TRUE,TRUE,TRUE,FALSE
10,622,0.599555185500299,TRUE,TRUE,TRUE,FALSE
10,623,0.597316487082329,TRUE,TRUE,TRUE,FALSE
10,624,0.602954586332846,TRUE,TRUE,TRUE,FALSE
10,625,0.593127642536363,TRUE,TRUE,TRUE,FALSE
10,626,0.593912048222483,TRUE,TRUE,TRUE,FALSE
10,627,0.59640022999565,TRUE,TRUE,TRUE,FALSE
10,628,0.607158252306664,TRUE,TRUE,TRUE,FALSE
10,629,0.591290438924279,TRUE,TRUE,TRUE,FALSE
10,630,0.615109467359211,TRUE,TRUE,TRUE,FALSE
10,631,0.60028033055694,TRUE,TRUE,TRUE,TRUE
10,632,0.598664521526779,TRUE,TRUE,TRUE,FALSE
10,633,0.606099444286383,TRUE,TRUE,TRUE,FALSE
10,634,0.605164728940942,TRUE,TRUE,TRUE,FALSE
10,635,0.597641849544579,TRUE,TRUE,TRUE,FALSE
10,636,0.599313924420198,TRUE,TRUE,TRUE,TRUE
10,637,0.623175576223664,FALSE,TRUE,TRUE,FALSE
10,638,0.600749752231788,TRUE,TRUE,TRUE,FALSE
10,639,0.613386614139664,TRUE,TRUE,TRUE,FALSE
10,640,0.606124673200838,TRUE,TRUE,TRUE,FALSE
10,641,0.602475852971911,TRUE,TRUE,TRUE,FALSE
10,642,0.603999043183908,TRUE,TRUE,TRUE,TRUE
10,643,0.610685409150938,TRUE,TRUE,TRUE,FALSE
10,644,0.613475123386262,TRUE,TRUE,TRUE,FALSE
10,645,0.615269186206771,TRUE,TRUE,TRUE,FALSE
10,646,0.608182271575844,TRUE,TRUE,TRUE,FALSE
10,647,0.615776937574337,TRUE,TRUE,TRUE,FALSE
10,648,0.587103672550895,TRUE,TRUE,TRUE,FALSE
10,649,0.605396014858793,TRUE,TRUE,TRUE,FALSE
10,650,0.600885399748569,TRUE,TRUE,TRUE,FALSE
10,651,0.601710447746805,TRUE,TRUE,TRUE,TRUE
10,652,0.608177896916519,TRUE,TRUE,TRUE,TRUE
10,653,0.623771631908666,FALSE,TRUE,TRUE,TRUE
10,654,0.596610106939366,TRUE,TRUE,TRUE,FALSE
10,655,0.587191111046648,TRUE,TRUE,TRUE,FALSE
10,656,0.594215853278999,TRUE,TRUE,TRUE,FALSE
10,657,0.602727903042876,TRUE,TRUE,TRUE,FALSE
10,658,0.617348084328344,TRUE,TRUE,TRUE,FALSE
10,659,0.595152823815383,TRUE,TRUE,TRUE,FALSE
10,660,0.602150942712228,TRUE,TRUE,TRUE,FALSE
10,661,0.604541313052249,TRUE,TRUE,TRUE,FALSE
10,662,0.607801317477665,TRUE,TRUE,TRUE,FALSE
10,663,0.609973788860275,TRUE,TRUE,TRUE,FALSE
10,664,0.615771151023196,TRUE,TRUE,TRUE,FALSE
10,665,0.587915996584484,TRUE,TRUE,TRUE,FALSE
10,666,0.596101381199336,TRUE,TRUE,TRUE,FALSE
10,667,0.605274764230234,TRUE,TRUE,TRUE,TRUE
10,668,0.588964951029247,TRUE,TRUE,TRUE,FALSE
10,669,0.581987373998974,TRUE,TRUE,TRUE,FALSE
10,670,0.577498345670795,TRUE,TRUE,TRUE,FALSE
10,671,0.597667397452797,TRUE,TRUE,TRUE,TRUE
10,672,0.604739532261806,TRUE,TRUE,TRUE,FALSE
10,673,0.607922936479328,TRUE,TRUE,TRUE,FALSE
10,674,0.595042038176831,TRUE,TRUE,TRUE,FALSE
10,675,0.595508632388195,TRUE,TRUE,TRUE,TRUE
10,676,0.598161362990316,TRUE,TRUE,TRUE,FALSE
10,677,0.600031523689681,TRUE,TRUE,TRUE,FALSE
10,678,0.589091893423762,TRUE,TRUE,TRUE,FALSE
10,679,0.595723287749929,TRUE,TRUE,TRUE,FALSE
10,680,0.611760338746196,TRUE,TRUE,TRUE,FALSE
10,681,0.605995421833858,TRUE,TRUE,TRUE,TRUE
10,682,0.590572786642823,TRUE,TRUE,TRUE,FALSE
10,683,0.605870448328268,TRUE,TRUE,TRUE,FALSE
10,684,0.617298607646784,TRUE,TRUE,TRUE,TRUE
10,685,0.601983421316219,TRUE,TRUE,TRUE,FALSE
10,686,0.612097093547886,TRUE,TRUE,TRUE,FALSE
10,687,0.590048073137988,TRUE,TRUE,TRUE,FALSE
10,688,0.590498483870795,TRUE,TRUE,TRUE,FALSE
10,689,0.599830446199826,TRUE,TRUE,TRUE,FALSE
10,690,0.610212720081434,TRUE,TRUE,TRUE,FALSE
10,691,0.581319089684997,TRUE,TRUE,TRUE,FALSE
10,692,0.583456516940846,TRUE,TRUE,TRUE,FALSE
10,693,0.610449979915001,TRUE,TRUE,TRUE,FALSE
10,694,0.609341622142157,TRUE,TRUE,TRUE,FALSE
10,695,0.622326987452715,FALSE,TRUE,TRUE,FALSE
10,696,0.621035087549199,FALSE,TRUE,TRUE,FALSE
10,697,0.603350814410645,TRUE,TRUE,TRUE,FALSE
10,698,0.595335001287572,TRUE,TRUE,TRUE,FALSE
10,699,0.578482063109527,TRUE,TRUE,TRUE,FALSE
10,700,0.601896940868849,TRUE,TRUE,TRUE,TRUE
10,701,0.607598269613082,TRUE,TRUE,TRUE,FALSE
10,702,0.614307515475434,TRUE,TRUE,TRUE,FALSE
10,703,0.596961035697311,TRUE,TRUE,TRUE,FALSE
10,704,0.609747359028253,TRUE,TRUE,TRUE,FALSE
10,705,0.604773236543879,TRUE,TRUE,TRUE,FALSE
10,706,0.603004672491998,TRUE,TRUE,TRUE,FALSE
10,707,0.595653965702304,TRUE,TRUE,TRUE,FALSE
10,708,0.605399787223631,TRUE,TRUE,TRUE,FALSE
10,709,0.600356936087508,TRUE,TRUE,TRUE,FALSE
10,710,0.621371206382098,TRUE,TRUE,TRUE,TRUE
10,711,0.594587437279674,TRUE,TRUE,TRUE,FALSE
10,712,0.599345452915456,TRUE,TRUE,TRUE,TRUE
10,713,0.598829271253619,TRUE,TRUE,TRUE,FALSE
10,714,0.595938591031038,TRUE,TRUE,TRUE,FALSE
10,715,0.602568278929598,TRUE,TRUE,TRUE,FALSE
10,716,0.579120984685894,TRUE,TRUE,TRUE,TRUE
10,717,0.604153574512045,TRUE,TRUE,TRUE,FALSE
10,718,0.589947984740148,TRUE,TRUE,TRUE,FALSE
10,719,0.611330299086752,TRUE,TRUE,TRUE,FALSE
10,720,0.587773945494848,TRUE,TRUE,TRUE,FALSE
10,721,0.59160705541547,TRUE,TRUE,TRUE,FALSE
10,722,0.600084305614093,TRUE,TRUE,TRUE,FALSE
10,723,0.602018807557255,TRUE,TRUE,TRUE,FALSE
10,724,0.587563469647715,TRUE,TRUE,TRUE,FALSE
10,725,0.617930583295271,TRUE,TRUE,TRUE,FALSE
10,726,0.593742566332753,TRUE,TRUE,TRUE,FALSE
10,727,0.605831790667152,TRUE,TRUE,TRUE,FALSE
10,728,0.594738104148201,TRUE,TRUE,TRUE,FALSE
10,729,0.586847452142328,TRUE,TRUE,TRUE,FALSE
10,730,0.603641471348559,TRUE,TRUE,TRUE,FALSE
10,731,0.615947945795502,TRUE,TRUE,TRUE,FALSE
10,732,0.603828500173594,TRUE,TRUE,TRUE,FALSE
10,733,0.608565947159692,TRUE,TRUE,TRUE,TRUE
10,734,0.586280981371204,TRUE,TRUE,TRUE,FALSE
10,735,0.605807224323516,TRUE,TRUE,TRUE,FALSE
10,736,0.583155697441302,TRUE,TRUE,TRUE,TRUE
10,737,0.590583269950388,TRUE,TRUE,TRUE,FALSE
10,738,0.600137810803129,TRUE,TRUE,TRUE,FALSE
10,739,0.61859900690373,TRUE,TRUE,TRUE,FALSE
10,740,0.593390558715523,TRUE,TRUE,TRUE,FALSE
10,741,0.592890023464714,TRUE,TRUE,TRUE,TRUE
10,742,0.58855610284328,TRUE,TRUE,TRUE,FALSE
10,743,0.58822376826499,TRUE,TRUE,TRUE,FALSE
10,744,0.599312100595045,TRUE,TRUE,TRUE,FALSE
10,745,0.600890081352424,TRUE,TRUE,TRUE,FALSE
10,746,0.603635665033155,TRUE,TRUE,TRUE,FALSE
10,747,0.605819152717848,TRUE,TRUE,TRUE,FALSE
10,748,0.607165132636238,TRUE,TRUE,TRUE,FALSE
10,749,0.585607136333071,TRUE,TRUE,TRUE,TRUE
10,750,0.607989646752041,TRUE,TRUE,TRUE,FALSE
10,751,0.589599604204342,TRUE,TRUE,TRUE,FALSE
10,752,0.595500863503474,TRUE,TRUE,TRUE,FALSE
10,753,0.583372603177327,TRUE,TRUE,TRUE,FALSE
10,754,0.602751537429631,TRUE,TRUE,TRUE,FALSE
10,755,0.591440250971917,TRUE,TRUE,TRUE,FALSE
10,756,0.611612176029314,TRUE,TRUE,TRUE,TRUE
10,757,0.592001167733491,TRUE,TRUE,TRUE,TRUE
10,758,0.617602494659772,TRUE,TRUE,TRUE,FALSE
10,759,0.607312737735744,TRUE,TRUE,TRUE,FALSE
10,760,0.588561639022037,TRUE,TRUE,TRUE,FALSE
10,761,0.605945451412452,TRUE,TRUE,TRUE,FALSE
10,762,0.598552341548615,TRUE,TRUE,TRUE,FALSE
10,763,0.610106015210408,TRUE,TRUE,TRUE,FALSE
10,764,0.606583613484637,TRUE,TRUE,TRUE,FALSE
10,765,0.590995775616947,TRUE,TRUE,TRUE,FALSE
10,766,0.600166629840867,TRUE,TRUE,TRUE,FALSE
10,767,0.606143436868351,TRUE,TRUE,TRUE,FALSE
10,768,0.609483714757798,TRUE,TRUE,TRUE,FALSE
10,769,0.594697790056271,TRUE,TRUE,TRUE,FALSE
10,770,0.594556042333828,TRUE,TRUE,TRUE,FALSE
10,771,0.625163044994222,FALSE,TRUE,TRUE,TRUE
10,772,0.618415871597615,TRUE,TRUE,TRUE,FALSE
10,773,0.603247708960264,TRUE,TRUE,TRUE,FALSE
10,774,0.62175054798199,TRUE,TRUE,TRUE,FALSE
10,775,0.617873925948364,TRUE,TRUE,TRUE,TRUE
10,776,0.612713886965735,TRUE,TRUE,TRUE,FALSE
10,777,0.607401549361268,TRUE,TRUE,TRUE,FALSE
10,778,0.60220275214945,TRUE,TRUE,TRUE,FALSE
10,779,0.601815160350799,TRUE,TRUE,TRUE,FALSE
10,780,0.598955415307185,TRUE,TRUE,TRUE,TRUE
10,781,0.60560242315174,TRUE,TRUE,TRUE,FALSE
10,782,0.605580047738756,TRUE,TRUE,TRUE,FALSE
10,783,0.589856557706158,TRUE,TRUE,TRUE,FALSE
10,784,0.614866783152642,TRUE,TRUE,TRUE,FALSE
10,785,0.582589196286188,TRUE,TRUE,TRUE,FALSE
10,786,0.601854589280328,TRUE,TRUE,TRUE,FALSE
10,787,0.61499342183852,TRUE,TRUE,TRUE,TRUE
10,788,0.59251990861005,TRUE,TRUE,TRUE,TRUE
10,789,0.621516938570092,TRUE,TRUE,TRUE,FALSE
10,790,0.601425014806198,TRUE,TRUE,TRUE,TRUE
10,791,0.607612868625219,TRUE,TRUE,TRUE,FALSE
10,792,0.613307994105319,TRUE,TRUE,TRUE,FALSE
10,793,0.599302391575273,TRUE,TRUE,TRUE,FALSE
10,794,0.599348335682536,TRUE,TRUE,TRUE,FALSE
10,795,0.606846520935389,TRUE,TRUE,TRUE,TRUE
10,796,0.584306518531735,TRUE,TRUE,TRUE,TRUE
10,797,0.590681626166505,TRUE,TRUE,TRUE,FALSE
10,798,0.609125676154945,TRUE,TRUE,TRUE,FALSE
10,799,0.59013487594043,TRUE,TRUE,TRUE,FALSE
10,800,0.589142997413832,TRUE,TRUE,TRUE,FALSE
10,801,0.591011576091366,TRUE,TRUE,TRUE,TRUE
10,802,0.566962391724909,FALSE,TRUE,TRUE,FALSE
10,803,0.583437577603216,TRUE,TRUE,TRUE,TRUE
10,804,0.59960393756796,TRUE,TRUE,TRUE,FALSE
10,805,0.610589209600624,TRUE,TRUE,TRUE,FALSE
10,806,0.59257486753546,TRUE,TRUE,TRUE,FALSE
10,807,0.589999013202026,TRUE,TRUE,TRUE,FALSE
10,808,0.592811055475423,TRUE,TRUE,TRUE,FALSE
10,809,0.612894098628862,TRUE,TRUE,TRUE,FALSE
10,810,0.600970117395424,TRUE,TRUE,TRUE,FALSE
10,811,0.609532734252972,TRUE,TRUE,TRUE,FALSE
10,812,0.601686324327287,TRUE,TRUE,TRUE,FALSE
10,813,0.586895101775622,TRUE,TRUE,TRUE,FALSE
10,814,0.595931625698745,TRUE,TRUE,TRUE,TRUE
10,815,0.614205037275952,TRUE,TRUE,TRUE,FALSE
10,816,0.623091415931665,FALSE,TRUE,TRUE,FALSE
10,817,0.616191476451278,TRUE,TRUE,TRUE,FALSE
10,818,0.585013725322125,TRUE,TRUE,TRUE,FALSE
10,819,0.588140369537881,TRUE,TRUE,TRUE,FALSE
10,820,0.577917927338759,FALSE,TRUE,TRUE,FALSE
10,821,0.595176829326717,TRUE,TRUE,TRUE,FALSE
10,822,0.602305368216003,TRUE,TRUE,TRUE,FALSE
10,823,0.606823040068973,TRUE,TRUE,TRUE,FALSE
10,824,0.581328600421134,TRUE,TRUE,TRUE,TRUE
10,825,0.593685534725957,TRUE,TRUE,TRUE,FALSE
10,826,0.598123760978595,TRUE,TRUE,TRUE,FALSE
10,827,0.595195747271717,TRUE,TRUE,TRUE,TRUE
10,828,0.596579860880933,TRUE,TRUE,TRUE,FALSE
10,829,0.607470773917326,TRUE,TRUE,TRUE,FALSE
10,830,0.599671318653057,TRUE,TRUE,TRUE,FALSE
10,831,0.605075801657207,TRUE,TRUE,TRUE,FALSE
10,832,0.590349494116499,TRUE,TRUE,TRUE,TRUE
10,833,0.610469640344022,TRUE,TRUE,TRUE,FALSE
10,834,0.597150593629087,TRUE,TRUE,TRUE,FALSE
10,835,0.591978768048509,TRUE,TRUE,TRUE,FALSE
10,836,0.607922007501598,TRUE,TRUE,TRUE,FALSE
10,837,0.596673685374955,TRUE,TRUE,TRUE,FALSE
10,838,0.588510457642266,TRUE,TRUE,TRUE,TRUE
10,839,0.60086670014805,TRUE,TRUE,TRUE,FALSE
10,840,0.60064128746537,TRUE,TRUE,TRUE,FALSE
10,841,0.599263702376511,TRUE,TRUE,TRUE,TRUE
10,842,0.609588589262079,TRUE,TRUE,TRUE,FALSE
10,843,0.619683890911766,TRUE,TRUE,TRUE,FALSE
10,844,0.61564559088414,TRUE,TRUE,TRUE,FALSE
10,845,0.593117789155116,TRUE,TRUE,TRUE,FALSE
10,846,0.596103257459276,TRUE,TRUE,TRUE,FALSE
10,847,0.595602451046451,TRUE,TRUE,TRUE,FALSE
10,848,0.61999905657841,TRUE,TRUE,TRUE,FALSE
10,849,0.594587177822396,TRUE,TRUE,TRUE,FALSE
10,850,0.585583031939695,TRUE,TRUE,TRUE,FALSE
10,851,0.595737072055697,TRUE,TRUE,TRUE,FALSE
10,852,0.607173979415615,TRUE,TRUE,TRUE,FALSE
10,853,0.595068976838184,TRUE,TRUE,TRUE,FALSE
10,854,0.587993397930092,TRUE,TRUE,TRUE,FALSE
10,855,0.591003821687017,TRUE,TRUE,TRUE,FALSE
10,856,0.602985765816229,TRUE,TRUE,TRUE,FALSE
10,857,0.599467329836299,TRUE,TRUE,TRUE,FALSE
10,858,0.596012372256789,TRUE,TRUE,TRUE,FALSE
10,859,0.607656733155534,TRUE,TRUE,TRUE,FALSE
10,860,0.586596576044837,TRUE,TRUE,TRUE,FALSE
10,861,0.58243800765787,TRUE,TRUE,TRUE,FALSE
10,862,0.612108909969327,TRUE,TRUE,TRUE,FALSE
10,863,0.590497964376089,TRUE,TRUE,TRUE,FALSE
10,864,0.582029432350991,TRUE,TRUE,TRUE,FALSE
10,865,0.617495877979452,TRUE,TRUE,TRUE,TRUE
10,866,0.59968214486609,TRUE,TRUE,TRUE,FALSE
10,867,0.596200275298955,TRUE,TRUE,TRUE,FALSE
10,868,0.594716589079908,TRUE,TRUE,TRUE,FALSE
10,869,0.592301817084359,TRUE,TRUE,TRUE,FALSE
10,870,0.596783498605363,TRUE,TRUE,TRUE,FALSE
10,871,0.601869665707626,TRUE,TRUE,TRUE,TRUE
10,872,0.602564064316173,TRUE,TRUE,TRUE,FALSE
10,873,0.613350504920582,TRUE,TRUE,TRUE,FALSE
10,874,0.601886736164275,TRUE,TRUE,TRUE,FALSE
10,875,0.60868692743628,TRUE,TRUE,TRUE,FALSE
10,876,0.609642402818881,TRUE,TRUE,TRUE,FALSE
10,877,0.629130124916928,FALSE,TRUE,TRUE,TRUE
10,878,0.600020818862213,TRUE,TRUE,TRUE,TRUE
10,879,0.598352220036244,TRUE,TRUE,TRUE,TRUE
10,880,0.603121552736864,TRUE,TRUE,TRUE,FALSE
10,881,0.587509095245176,TRUE,TRUE,TRUE,FALSE
10,882,0.610233274457,TRUE,TRUE,TRUE,FALSE
10,883,0.612562231439396,TRUE,TRUE,TRUE,FALSE
10,884,0.621003437243151,FALSE,TRUE,TRUE,FALSE
10,885,0.585507432707674,TRUE,TRUE,TRUE,FALSE
10,886,0.584246245469227,TRUE,TRUE,TRUE,FALSE
10,887,0.588515305494743,TRUE,TRUE,TRUE,TRUE
10,888,0.613495870846864,TRUE,TRUE,TRUE,FALSE
10,889,0.59317106542446,TRUE,TRUE,TRUE,FALSE
10,890,0.581144631192991,TRUE,TRUE,TRUE,FALSE
10,891,0.581081479347783,TRUE,TRUE,TRUE,FALSE
10,892,0.588897014286867,TRUE,TRUE,TRUE,FALSE
10,893,0.604662548146065,TRUE,TRUE,TRUE,FALSE
10,894,0.604024667198156,TRUE,TRUE,TRUE,TRUE
10,895,0.605537816464934,TRUE,TRUE,TRUE,FALSE
10,896,0.596426813009781,TRUE,TRUE,TRUE,FALSE
10,897,0.598628856011706,TRUE,TRUE,TRUE,FALSE
10,898,0.586134349594067,TRUE,TRUE,TRUE,FALSE
10,899,0.600524032865619,TRUE,TRUE,TRUE,FALSE
10,900,0.601126759766087,TRUE,TRUE,TRUE,FALSE
10,901,0.615817371334601,TRUE,TRUE,TRUE,FALSE
10,902,0.594401934887496,TRUE,TRUE,TRUE,FALSE
10,903,0.602076604159445,TRUE,TRUE,TRUE,FALSE
10,904,0.612780112877169,TRUE,TRUE,TRUE,FALSE
10,905,0.592351267809256,TRUE,TRUE,TRUE,FALSE
10,906,0.61324379731595,TRUE,TRUE,TRUE,TRUE
10,907,0.58396069058209,TRUE,TRUE,TRUE,TRUE
10,908,0.610824147426837,TRUE,TRUE,TRUE,FALSE
10,909,0.582061984567695,TRUE,TRUE,TRUE,TRUE
10,910,0.614853185632047,TRUE,TRUE,TRUE,TRUE
10,911,0.588915289262047,TRUE,TRUE,TRUE,FALSE
10,912,0.604824598652449,TRUE,TRUE,TRUE,FALSE
10,913,0.597676376865759,TRUE,TRUE,TRUE,FALSE
10,914,0.604720270553298,TRUE,TRUE,TRUE,FALSE
10,915,0.591044780923646,TRUE,TRUE,TRUE,TRUE
10,916,0.594799382966685,TRUE,TRUE,TRUE,FALSE
10,917,0.589820760444945,TRUE,TRUE,TRUE,FALSE
10,918,0.622851915840446,FALSE,TRUE,TRUE,FALSE
10,919,0.587137741182333,TRUE,TRUE,TRUE,FALSE
10,920,0.596185287421868,TRUE,TRUE,TRUE,FALSE
10,921,0.580071378079944,TRUE,TRUE,TRUE,FALSE
10,922,0.591034872601646,TRUE,TRUE,TRUE,TRUE
10,923,0.616578299096181,TRUE,TRUE,TRUE,FALSE
10,924,0.615296811288269,TRUE,TRUE,TRUE,FALSE
10,925,0.620107869482367,TRUE,TRUE,TRUE,FALSE
10,926,0.589155840878313,TRUE,TRUE,TRUE,FALSE
10,927,0.589635029205547,TRUE,TRUE,TRUE,FALSE
10,928,0.584911834194103,TRUE,TRUE,TRUE,FALSE
10,929,0.619685922810397,TRUE,TRUE,TRUE,TRUE
10,930,0.610720108388818,TRUE,TRUE,TRUE,FALSE
10,931,0.61259625458686,TRUE,TRUE,TRUE,FALSE
10,932,0.598695448236615,TRUE,TRUE,TRUE,FALSE
10,933,0.60135633814625,TRUE,TRUE,TRUE,FALSE
10,934,0.600537714735153,TRUE,TRUE,TRUE,TRUE
10,935,0.608538603350647,TRUE,TRUE,TRUE,FALSE
10,936,0.610128936895749,TRUE,TRUE,TRUE,FALSE
10,937,0.595791101798102,TRUE,TRUE,TRUE,TRUE
10,938,0.584198315867182,TRUE,TRUE,TRUE,TRUE
10,939,0.592029890067137,TRUE,TRUE,TRUE,FALSE
10,940,0.604745934995742,TRUE,TRUE,TRUE,FALSE
10,941,0.603125281630452,TRUE,TRUE,TRUE,FALSE
10,942,0.590826231549713,TRUE,TRUE,TRUE,FALSE
10,943,0.608482883250056,TRUE,TRUE,TRUE,FALSE
10,944,0.587427950526343,TRUE,TRUE,TRUE,FALSE
10,945,0.595351148209832,TRUE,TRUE,TRUE,FALSE
10,946,0.61589946710168,TRUE,TRUE,TRUE,FALSE
10,947,0.600992071029741,TRUE,TRUE,TRUE,FALSE
10,948,0.594259895351151,TRUE,TRUE,TRUE,FALSE
10,949,0.59695029003365,TRUE,TRUE,TRUE,FALSE
10,950,0.590238094746072,TRUE,TRUE,TRUE,FALSE
10,951,0.573979124286398,FALSE,TRUE,TRUE,FALSE
10,952,0.602806983099592,TRUE,TRUE,TRUE,FALSE
10,953,0.621666439632181,FALSE,TRUE,TRUE,FALSE
10,954,0.597654085283182,TRUE,TRUE,TRUE,FALSE
10,955,0.580480388250962,TRUE,TRUE,TRUE,FALSE
10,956,0.60344616194639,TRUE,TRUE,TRUE,FALSE
10,957,0.622469184189879,TRUE,TRUE,TRUE,FALSE
10,958,0.618531689666372,TRUE,TRUE,TRUE,FALSE
10,959,0.583324998363872,TRUE,TRUE,TRUE,FALSE
10,960,0.613547362611478,TRUE,TRUE,TRUE,FALSE
10,961,0.590620008014313,TRUE,TRUE,TRUE,TRUE
10,962,0.585447061755133,TRUE,TRUE,TRUE,FALSE
10,963,0.57768926763498,FALSE,TRUE,TRUE,FALSE
10,964,0.579394181887459,FALSE,TRUE,TRUE,FALSE
10,965,0.589689552817713,TRUE,TRUE,TRUE,FALSE
10,966,0.599677128093559,TRUE,TRUE,TRUE,FALSE
10,967,0.5930542893441,TRUE,TRUE,TRUE,FALSE
10,968,0.585517161339967,TRUE,TRUE,TRUE,FALSE
10,969,0.59386552523723,TRUE,TRUE,TRUE,FALSE
10,970,0.583618077312445,TRUE,TRUE,TRUE,FALSE
10,971,0.59833451240874,TRUE,TRUE,TRUE,FALSE
10,972,0.591726397867368,TRUE,TRUE,TRUE,FALSE
10,973,0.598155149216668,TRUE,TRUE,TRUE,TRUE
10,974,0.594688145628016,TRUE,TRUE,TRUE,FALSE
10,975,0.611935958029485,TRUE,TRUE,TRUE,TRUE
10,976,0.597264947662922,TRUE,TRUE,TRUE,FALSE
10,977,0.593331925828003,TRUE,TRUE,TRUE,TRUE
10,978,0.598255425585879,TRUE,TRUE,TRUE,TRUE
10,979,0.595942722417822,TRUE,TRUE,TRUE,FALSE
10,980,0.617030037698943,TRUE,TRUE,TRUE,FALSE
10,981,0.608242990336251,TRUE,TRUE,TRUE,FALSE
10,982,0.613596816419969,TRUE,TRUE,TRUE,FALSE
10,983,0.604010092167316,TRUE,TRUE,TRUE,FALSE
10,984,0.596433759084463,TRUE,TRUE,TRUE,TRUE
10,985,0.600429079230133,TRUE,TRUE,TRUE,TRUE
10,986,0.613090906952923,TRUE,TRUE,TRUE,TRUE
10,987,0.591398527337885,TRUE,TRUE,TRUE,FALSE
10,988,0.614927177308829,TRUE,TRUE,TRUE,FALSE
10,989,0.615985486309378,TRUE,TRUE,TRUE,FALSE
10,990,0.587865878843869,TRUE,TRUE,TRUE,FALSE
10,991,0.594133692714305,TRUE,TRUE,TRUE,FALSE
10,992,0.596200088790585,TRUE,TRUE,TRUE,FALSE
10,993,0.593279006156736,TRUE,TRUE,TRUE,FALSE
10,994,0.595336159287443,TRUE,TRUE,TRUE,FALSE
10,995,0.594749783543914,TRUE,TRUE,TRUE,FALSE
10,996,0.591979714205657,TRUE,TRUE,TRUE,FALSE
10,997,0.600863487509775,TRUE,TRUE,TRUE,FALSE
10,998,0.586693560757884,TRUE,TRUE,TRUE,FALSE
10,999,0.597773432006781,TRUE,TRUE,TRUE,FALSE
10,1000,0.576181324724773,FALSE,TRUE,TRUE,FALSE
11,1,0.799186027043818,TRUE,TRUE,TRUE,FALSE
11,2,0.785605244879974,TRUE,TRUE,TRUE,FALSE
11,3,0.800444043920643,TRUE,TRUE,TRUE,FALSE
11,4,0.785939764164293,TRUE,TRUE,TRUE,TRUE
11,5,0.811435575671813,TRUE,TRUE,TRUE,FALSE
11,6,0.801017208748451,TRUE,TRUE,TRUE,FALSE
11,7,0.811080101115415,TRUE,TRUE,TRUE,FALSE
11,8,0.784544926544117,TRUE,TRUE,TRUE,FALSE
11,9,0.798827939358531,TRUE,TRUE,TRUE,FALSE
11,10,0.805376480382383,TRUE,TRUE,TRUE,FALSE
11,11,0.818737850907948,TRUE,TRUE,TRUE,FALSE
11,12,0.807743375925791,TRUE,TRUE,TRUE,FALSE
11,13,0.783280558645486,TRUE,TRUE,TRUE,FALSE
11,14,0.788946432478589,TRUE,TRUE,TRUE,FALSE
11,15,0.796216331858246,TRUE,TRUE,TRUE,FALSE
11,16,0.786835194507038,TRUE,TRUE,TRUE,FALSE
11,17,0.789921793156997,TRUE,TRUE,TRUE,FALSE
11,18,0.789013537351327,TRUE,TRUE,TRUE,FALSE
11,19,0.781809094003991,TRUE,TRUE,TRUE,FALSE
11,20,0.802632758765998,TRUE,TRUE,TRUE,FALSE
11,21,0.793779753000551,TRUE,TRUE,TRUE,FALSE
11,22,0.805940573570391,TRUE,TRUE,TRUE,FALSE
11,23,0.800812454815509,TRUE,TRUE,TRUE,FALSE
11,24,0.806133388057981,TRUE,TRUE,TRUE,FALSE
11,25,0.790845532615566,TRUE,TRUE,TRUE,FALSE
11,26,0.779061859406385,FALSE,TRUE,TRUE,FALSE
11,27,0.808041243471654,TRUE,TRUE,TRUE,FALSE
11,28,0.805123816871634,TRUE,TRUE,TRUE,FALSE
11,29,0.808447482926281,TRUE,TRUE,TRUE,TRUE
11,30,0.787755245823296,TRUE,TRUE,TRUE,FALSE
11,31,0.794106054378468,TRUE,TRUE,TRUE,FALSE
11,32,0.785674249025213,TRUE,TRUE,TRUE,TRUE
11,33,0.813855285515327,TRUE,TRUE,TRUE,FALSE
11,34,0.813819450426338,TRUE,TRUE,TRUE,FALSE
11,35,0.787913445705701,TRUE,TRUE,TRUE,TRUE
11,36,0.794077976231324,TRUE,TRUE,TRUE,TRUE
11,37,0.796622770810301,TRUE,TRUE,TRUE,FALSE
11,38,0.824021369091854,TRUE,TRUE,TRUE,FALSE
11,39,0.803217646183069,TRUE,TRUE,TRUE,FALSE
11,40,0.789116592076188,TRUE,TRUE,TRUE,FALSE
11,41,0.793730610493578,TRUE,TRUE,TRUE,FALSE
11,42,0.784561148552387,TRUE,TRUE,TRUE,TRUE
11,43,0.806697885300757,TRUE,TRUE,TRUE,FALSE
11,44,0.801345032984553,TRUE,TRUE,TRUE,FALSE
11,45,0.798106795134184,TRUE,TRUE,TRUE,FALSE
11,46,0.786879590316982,TRUE,TRUE,TRUE,FALSE
11,47,0.799840592092357,TRUE,TRUE,TRUE,FALSE
11,48,0.795669959527883,TRUE,TRUE,TRUE,FALSE
11,49,0.812505219712518,TRUE,TRUE,TRUE,FALSE
11,50,0.810655469783479,TRUE,TRUE,TRUE,TRUE
11,51,0.786300315740995,TRUE,TRUE,TRUE,TRUE
11,52,0.817633069094518,TRUE,TRUE,TRUE,TRUE
11,53,0.807004512925853,TRUE,TRUE,TRUE,TRUE
11,54,0.792236445628486,TRUE,TRUE,TRUE,FALSE
11,55,0.807502435769526,TRUE,TRUE,TRUE,TRUE
11,56,0.787487187161888,TRUE,TRUE,TRUE,FALSE
11,57,0.800587843944277,TRUE,TRUE,TRUE,FALSE
11,58,0.790539026698668,TRUE,TRUE,TRUE,FALSE
11,59,0.81862244981953,TRUE,TRUE,TRUE,FALSE
11,60,0.808903255365453,TRUE,TRUE,TRUE,FALSE
11,61,0.783424864183406,TRUE,TRUE,TRUE,TRUE
11,62,0.795329580408138,TRUE,TRUE,TRUE,FALSE
11,63,0.808718515122639,TRUE,TRUE,TRUE,FALSE
11,64,0.797552838865506,TRUE,TRUE,TRUE,FALSE
11,65,0.803356916142634,TRUE,TRUE,TRUE,FALSE
11,66,0.804428051925527,TRUE,TRUE,TRUE,FALSE
11,67,0.797457703578799,TRUE,TRUE,TRUE,FALSE
11,68,0.797564777246907,TRUE,TRUE,TRUE,FALSE
11,69,0.801363104672428,TRUE,TRUE,TRUE,TRUE
11,70,0.806871376126732,TRUE,TRUE,TRUE,FALSE
11,71,0.820912081221604,TRUE,TRUE,TRUE,FALSE
11,72,0.796340651315216,TRUE,TRUE,TRUE,FALSE
11,73,0.797127975303083,TRUE,TRUE,TRUE,FALSE
11,74,0.787550625250568,TRUE,TRUE,TRUE,FALSE
11,75,0.796858845343314,TRUE,TRUE,TRUE,FALSE
11,76,0.80557547404121,TRUE,TRUE,TRUE,FALSE
11,77,0.774780921039228,FALSE,TRUE,TRUE,FALSE
11,78,0.804608230122666,TRUE,TRUE,TRUE,FALSE
11,79,0.80444104442859,TRUE,TRUE,TRUE,FALSE
11,80,0.785218651791542,TRUE,TRUE,TRUE,TRUE
11,81,0.781484401870765,TRUE,TRUE,TRUE,TRUE
11,82,0.771782939069332,FALSE,TRUE,TRUE,FALSE
11,83,0.80530589996568,TRUE,TRUE,TRUE,FALSE
11,84,0.802557575244675,TRUE,TRUE,TRUE,FALSE
11,85,0.807864897381437,TRUE,TRUE,TRUE,FALSE
11,86,0.810441798859274,TRUE,TRUE,TRUE,FALSE
11,87,0.781375695361803,TRUE,TRUE,TRUE,FALSE
11,88,0.779736824069399,FALSE,TRUE,TRUE,FALSE
11,89,0.802813913763746,TRUE,TRUE,TRUE,FALSE
11,90,0.801359521228914,TRUE,TRUE,TRUE,FALSE
11,91,0.802467254639034,TRUE,TRUE,TRUE,FALSE
11,92,0.809584497687998,TRUE,TRUE,TRUE,FALSE
11,93,0.818550113015148,TRUE,TRUE,TRUE,FALSE
11,94,0.785613679074346,TRUE,TRUE,TRUE,FALSE
11,95,0.81780282225451,TRUE,TRUE,TRUE,TRUE
11,96,0.790987213339703,TRUE,TRUE,TRUE,FALSE
11,97,0.800502747869004,TRUE,TRUE,TRUE,FALSE
11,98,0.815267934968282,TRUE,TRUE,TRUE,FALSE
11,99,0.80773873985972,TRUE,TRUE,TRUE,FALSE
11,100,0.807147808671748,TRUE,TRUE,TRUE,FALSE
11,101,0.786529148867255,TRUE,TRUE,TRUE,TRUE
11,102,0.795505952748251,TRUE,TRUE,TRUE,FALSE
11,103,0.825593574987909,FALSE,TRUE,TRUE,FALSE
11,104,0.795792126362585,TRUE,TRUE,TRUE,FALSE
11,105,0.803900410519833,TRUE,TRUE,TRUE,FALSE
11,106,0.781389614130041,TRUE,TRUE,TRUE,TRUE
11,107,0.798995848584375,TRUE,TRUE,TRUE,FALSE
11,108,0.807050121194886,TRUE,TRUE,TRUE,FALSE
11,109,0.801737935529886,TRUE,TRUE,TRUE,FALSE
11,110,0.800384826567279,TRUE,TRUE,TRUE,FALSE
11,111,0.812091299462989,TRUE,TRUE,TRUE,FALSE
11,112,0.794723567407277,TRUE,TRUE,TRUE,FALSE
11,113,0.801346975196954,TRUE,TRUE,TRUE,FALSE
11,114,0.803181498874582,TRUE,TRUE,TRUE,FALSE
11,115,0.800161130729816,TRUE,TRUE,TRUE,FALSE
11,116,0.788402206782566,TRUE,TRUE,TRUE,FALSE
11,117,0.789881237215552,TRUE,TRUE,TRUE,FALSE
11,118,0.792512407386669,TRUE,TRUE,TRUE,FALSE
11,119,0.788609458886662,TRUE,TRUE,TRUE,FALSE
11,120,0.803314481091857,TRUE,TRUE,TRUE,FALSE
11,121,0.817773290222731,TRUE,TRUE,TRUE,FALSE
11,122,0.783001262248284,TRUE,TRUE,TRUE,TRUE
11,123,0.789469083912978,TRUE,TRUE,TRUE,FALSE
11,124,0.815594287974585,TRUE,TRUE,TRUE,TRUE
11,125,0.779838589426005,TRUE,TRUE,TRUE,TRUE
11,126,0.79186957945061,TRUE,TRUE,TRUE,TRUE
11,127,0.815578438612457,TRUE,TRUE,TRUE,FALSE
11,128,0.822979349869954,TRUE,TRUE,TRUE,FALSE
11,129,0.805360538937597,TRUE,TRUE,TRUE,TRUE
11,130,0.788546952676691,TRUE,TRUE,TRUE,FALSE
11,131,0.794311724827213,TRUE,TRUE,TRUE,FALSE
11,132,0.78578441058989,TRUE,TRUE,TRUE,TRUE
11,133,0.81449763192836,TRUE,TRUE,TRUE,FALSE
11,134,0.798788130654309,TRUE,TRUE,TRUE,FALSE
11,135,0.805293559950499,TRUE,TRUE,TRUE,FALSE
11,136,0.806686734633963,TRUE,TRUE,TRUE,FALSE
11,137,0.782361281308389,TRUE,TRUE,TRUE,TRUE
11,138,0.819792370577448,FALSE,TRUE,TRUE,FALSE
11,139,0.811980365614302,TRUE,TRUE,TRUE,TRUE
11,140,0.814062369777929,TRUE,TRUE,TRUE,FALSE
11,141,0.831485137086847,FALSE,TRUE,TRUE,FALSE
11,142,0.814537557501964,TRUE,TRUE,TRUE,TRUE
11,143,0.824055018024112,FALSE,TRUE,TRUE,FALSE
11,144,0.82508162220848,FALSE,TRUE,TRUE,FALSE
11,145,0.80144846410754,TRUE,TRUE,TRUE,TRUE
11,146,0.78056419811649,TRUE,TRUE,TRUE,FALSE
11,147,0.811766474401272,TRUE,TRUE,TRUE,FALSE
11,148,0.800169422266784,TRUE,TRUE,TRUE,FALSE
11,149,0.792381510224909,TRUE,TRUE,TRUE,FALSE
11,150,0.801712585122749,TRUE,TRUE,TRUE,FALSE
11,151,0.803653475376998,TRUE,TRUE,TRUE,FALSE
11,152,0.788704995890455,TRUE,TRUE,TRUE,TRUE
11,153,0.807883361927269,TRUE,TRUE,TRUE,TRUE
11,154,0.802665690271335,TRUE,TRUE,TRUE,FALSE
11,155,0.796670710398238,TRUE,TRUE,TRUE,TRUE
11,156,0.821610784981764,FALSE,TRUE,TRUE,TRUE
11,157,0.821156008626218,FALSE,TRUE,TRUE,FALSE
11,158,0.789082338315084,TRUE,TRUE,TRUE,FALSE
11,159,0.817241665365355,TRUE,TRUE,TRUE,FALSE
11,160,0.80487199189956,TRUE,TRUE,TRUE,FALSE
11,161,0.788015680985583,TRUE,TRUE,TRUE,TRUE
11,162,0.804013502638031,TRUE,TRUE,TRUE,FALSE
11,163,0.803656524603995,TRUE,TRUE,TRUE,FALSE
11,164,0.78160183396326,TRUE,TRUE,TRUE,FALSE
11,165,0.791519582747839,TRUE,TRUE,TRUE,FALSE
11,166,0.788752488076972,TRUE,TRUE,TRUE,FALSE
11,167,0.804541236566045,TRUE,TRUE,TRUE,FALSE
11,168,0.794003585075953,TRUE,TRUE,TRUE,TRUE
11,169,0.807314308083293,TRUE,TRUE,TRUE,FALSE
11,170,0.806220504103198,TRUE,TRUE,TRUE,FALSE
11,171,0.803349768776473,TRUE,TRUE,TRUE,FALSE
11,172,0.795805121816804,TRUE,TRUE,TRUE,FALSE
11,173,0.79758971612836,TRUE,TRUE,TRUE,TRUE
11,174,0.797579416674605,TRUE,TRUE,TRUE,TRUE
11,175,0.808660097527436,TRUE,TRUE,TRUE,FALSE
11,176,0.805907338864774,TRUE,TRUE,TRUE,FALSE
11,177,0.797794388968126,TRUE,TRUE,TRUE,FALSE
11,178,0.797857397273308,TRUE,TRUE,TRUE,FALSE
11,179,0.802995943406303,TRUE,TRUE,TRUE,FALSE
11,180,0.795677723496106,TRUE,TRUE,TRUE,FALSE
11,181,0.797662589160034,TRUE,TRUE,TRUE,FALSE
11,182,0.790504598733704,TRUE,TRUE,TRUE,FALSE
11,183,0.803450068165633,TRUE,TRUE,TRUE,FALSE
11,184,0.783656298081513,TRUE,TRUE,TRUE,TRUE
11,185,0.808451174770318,TRUE,TRUE,TRUE,TRUE
11,186,0.788840041507698,TRUE,TRUE,TRUE,FALSE
11,187,0.806233227670162,TRUE,TRUE,TRUE,FALSE
11,188,0.814993135460947,TRUE,TRUE,TRUE,FALSE
11,189,0.796514624658613,TRUE,TRUE,TRUE,FALSE
11,190,0.789363271287132,TRUE,TRUE,TRUE,FALSE
11,191,0.796655366818216,TRUE,TRUE,TRUE,FALSE
11,192,0.791985351342971,TRUE,TRUE,TRUE,FALSE
11,193,0.828732196795714,FALSE,TRUE,TRUE,FALSE
11,194,0.792987315009674,TRUE,TRUE,TRUE,FALSE
11,195,0.790982030851448,TRUE,TRUE,TRUE,FALSE
11,196,0.793689581227076,TRUE,TRUE,TRUE,TRUE
11,197,0.798187411449062,TRUE,TRUE,TRUE,FALSE
11,198,0.79588269535755,TRUE,TRUE,TRUE,FALSE
11,199,0.803753804235883,TRUE,TRUE,TRUE,FALSE
11,200,0.81014726454389,TRUE,TRUE,TRUE,FALSE
11,201,0.778868317045321,FALSE,TRUE,TRUE,FALSE
11,202,0.780010133859841,TRUE,TRUE,TRUE,FALSE
11,203,0.799147927260596,TRUE,TRUE,TRUE,FALSE
11,204,0.807060701918201,TRUE,TRUE,TRUE,FALSE
11,205,0.78733011459731,TRUE,TRUE,TRUE,TRUE
11,206,0.819371720670887,TRUE,TRUE,TRUE,FALSE
11,207,0.795268292406279,TRUE,TRUE,TRUE,FALSE
11,208,0.798367688510973,TRUE,TRUE,TRUE,FALSE
11,209,0.790176426795294,TRUE,TRUE,TRUE,TRUE
11,210,0.806786414671731,TRUE,TRUE,TRUE,FALSE
11,211,0.792017481512409,TRUE,TRUE,TRUE,FALSE
11,212,0.802195101595134,TRUE,TRUE,TRUE,FALSE
11,213,0.805490708853131,TRUE,TRUE,TRUE,FALSE
11,214,0.811310623748319,TRUE,TRUE,TRUE,FALSE
11,215,0.799794257596854,TRUE,TRUE,TRUE,FALSE
11,216,0.793090053104124,TRUE,TRUE,TRUE,TRUE
11,217,0.802117517505152,TRUE,TRUE,TRUE,TRUE
11,218,0.789762258246624,TRUE,TRUE,TRUE,FALSE
11,219,0.801401240616218,TRUE,TRUE,TRUE,TRUE
11,220,0.802943930197883,TRUE,TRUE,TRUE,FALSE
11,221,0.803047704866189,TRUE,TRUE,TRUE,FALSE
11,222,0.793771910559345,TRUE,TRUE,TRUE,TRUE
11,223,0.79642309565394,TRUE,TRUE,TRUE,TRUE
11,224,0.793703475776451,TRUE,TRUE,TRUE,TRUE
11,225,0.819089794151352,TRUE,TRUE,TRUE,FALSE
11,226,0.800883948732039,TRUE,TRUE,TRUE,FALSE
11,227,0.794645593831272,TRUE,TRUE,TRUE,FALSE
11,228,0.81054996405244,TRUE,TRUE,TRUE,TRUE
11,229,0.806110727774194,TRUE,TRUE,TRUE,FALSE
11,230,0.802206222569653,TRUE,TRUE,TRUE,FALSE
11,231,0.798562051765868,TRUE,TRUE,TRUE,FALSE
11,232,0.79761162116067,TRUE,TRUE,TRUE,FALSE
11,233,0.804239080229464,TRUE,TRUE,TRUE,FALSE
11,234,0.788974478748152,TRUE,TRUE,TRUE,FALSE
11,235,0.798637201069352,TRUE,TRUE,TRUE,FALSE
11,236,0.792273505363439,TRUE,TRUE,TRUE,FALSE
11,237,0.800266519715205,TRUE,TRUE,TRUE,FALSE
11,238,0.810917901359102,TRUE,TRUE,TRUE,FALSE
11,239,0.798189536721716,TRUE,TRUE,TRUE,FALSE
11,240,0.790493986935154,TRUE,TRUE,TRUE,FALSE
11,241,0.820832128028136,FALSE,TRUE,TRUE,FALSE
11,242,0.821893872582662,TRUE,TRUE,TRUE,FALSE
11,243,0.793410790433637,TRUE,TRUE,TRUE,FALSE
11,244,0.798188974906357,TRUE,TRUE,TRUE,FALSE
11,245,0.808453357994765,TRUE,TRUE,TRUE,FALSE
11,246,0.792042466579603,TRUE,TRUE,TRUE,FALSE
11,247,0.798589841218701,TRUE,TRUE,TRUE,FALSE
11,248,0.832594338813216,FALSE,TRUE,TRUE,FALSE
11,249,0.785724423122358,TRUE,TRUE,TRUE,FALSE
11,250,0.787698451273563,TRUE,TRUE,TRUE,FALSE
11,251,0.784990023342579,TRUE,TRUE,TRUE,FALSE
11,252,0.783112075595128,TRUE,TRUE,TRUE,TRUE
11,253,0.812769317300834,TRUE,TRUE,TRUE,FALSE
11,254,0.784401490266921,TRUE,TRUE,TRUE,TRUE
11,255,0.80120115107777,TRUE,TRUE,TRUE,FALSE
11,256,0.812903758056583,TRUE,TRUE,TRUE,FALSE
11,257,0.797763948792118,TRUE,TRUE,TRUE,FALSE
11,258,0.797896506718474,TRUE,TRUE,TRUE,FALSE
11,259,0.79725708488373,TRUE,TRUE,TRUE,TRUE
11,260,0.799703218305204,TRUE,TRUE,TRUE,TRUE
11,261,0.790142981847247,TRUE,TRUE,TRUE,FALSE
11,262,0.7955813301738,TRUE,TRUE,TRUE,FALSE
11,263,0.786776732717505,TRUE,TRUE,TRUE,FALSE
11,264,0.789779521596254,TRUE,TRUE,TRUE,FALSE
11,265,0.80827995185409,TRUE,TRUE,TRUE,TRUE
11,266,0.799032832464826,TRUE,TRUE,TRUE,FALSE
11,267,0.800565099829187,TRUE,TRUE,TRUE,TRUE
11,268,0.796685233704209,TRUE,TRUE,TRUE,FALSE
11,269,0.790960168006177,TRUE,TRUE,TRUE,FALSE
11,270,0.80526160029954,TRUE,TRUE,TRUE,FALSE
11,271,0.807763249342423,TRUE,TRUE,TRUE,FALSE
11,272,0.791511173092699,TRUE,TRUE,TRUE,FALSE
11,273,0.789425798057153,TRUE,TRUE,TRUE,FALSE
11,274,0.806794190482402,TRUE,TRUE,TRUE,FALSE
11,275,0.799930773058007,TRUE,TRUE,TRUE,TRUE
11,276,0.79331557509395,TRUE,TRUE,TRUE,TRUE
11,277,0.794040070864727,TRUE,TRUE,TRUE,FALSE
11,278,0.786258385389345,TRUE,TRUE,TRUE,FALSE
11,279,0.801051806927559,TRUE,TRUE,TRUE,FALSE
11,280,0.803136568692876,TRUE,TRUE,TRUE,TRUE
11,281,0.784112690651632,TRUE,TRUE,TRUE,FALSE
11,282,0.813174181801309,TRUE,TRUE,TRUE,FALSE
11,283,0.795875379836603,TRUE,TRUE,TRUE,FALSE
11,284,0.787565985924881,TRUE,TRUE,TRUE,FALSE
11,285,0.820709788072783,TRUE,TRUE,TRUE,TRUE
11,286,0.780329969100215,TRUE,TRUE,TRUE,FALSE
11,287,0.795174456247161,TRUE,TRUE,TRUE,FALSE
11,288,0.798617405010656,TRUE,TRUE,TRUE,FALSE
11,289,0.784874423951274,TRUE,TRUE,TRUE,FALSE
11,290,0.799474550965962,TRUE,TRUE,TRUE,TRUE
11,291,0.797005884752332,TRUE,TRUE,TRUE,TRUE
11,292,0.782755724528287,TRUE,TRUE,TRUE,FALSE
11,293,0.802502826731737,TRUE,TRUE,TRUE,FALSE
11,294,0.784549784986525,TRUE,TRUE,TRUE,TRUE
11,295,0.808452500172574,TRUE,TRUE,TRUE,FALSE
11,296,0.810638385731554,TRUE,TRUE,TRUE,FALSE
11,297,0.798729960805741,TRUE,TRUE,TRUE,FALSE
11,298,0.802295836998665,TRUE,TRUE,TRUE,FALSE
11,299,0.784771926546912,TRUE,TRUE,TRUE,TRUE
11,300,0.789198847709265,TRUE,TRUE,TRUE,FALSE
11,301,0.801672725554628,TRUE,TRUE,TRUE,FALSE
11,302,0.791608666771338,TRUE,TRUE,TRUE,FALSE
11,303,0.806062922850573,TRUE,TRUE,TRUE,FALSE
11,304,0.816681901324023,TRUE,TRUE,TRUE,FALSE
11,305,0.797389165610506,TRUE,TRUE,TRUE,FALSE
11,306,0.821666128777612,FALSE,TRUE,TRUE,FALSE
11,307,0.806170181607956,TRUE,TRUE,TRUE,TRUE
11,308,0.80080864659873,TRUE,TRUE,TRUE,FALSE
11,309,0.794881248071242,TRUE,TRUE,TRUE,FALSE
11,310,0.823017972780773,FALSE,TRUE,TRUE,TRUE
11,311,0.801961640534484,TRUE,TRUE,TRUE,FALSE
11,312,0.791510618117497,TRUE,TRUE,TRUE,TRUE
11,313,0.789164100700377,TRUE,TRUE,TRUE,FALSE
11,314,0.786573699586915,TRUE,TRUE,TRUE,FALSE
11,315,0.802026275053681,TRUE,TRUE,TRUE,TRUE
11,316,0.775610312885544,FALSE,TRUE,TRUE,FALSE
11,317,0.786962747773997,TRUE,TRUE,TRUE,FALSE
11,318,0.792252287817442,TRUE,TRUE,TRUE,TRUE
11,319,0.782741886708235,TRUE,TRUE,TRUE,FALSE
11,320,0.796582231987788,TRUE,TRUE,TRUE,TRUE
11,321,0.801645474273148,TRUE,TRUE,TRUE,FALSE
11,322,0.791961199494899,TRUE,TRUE,TRUE,TRUE
11,323,0.801396194557732,TRUE,TRUE,TRUE,FALSE
11,324,0.791380011763323,TRUE,TRUE,TRUE,FALSE
11,325,0.786741390684675,TRUE,TRUE,TRUE,FALSE
11,326,0.786944206477791,TRUE,TRUE,TRUE,FALSE
11,327,0.778910863153779,TRUE,TRUE,TRUE,TRUE
11,328,0.812438122631614,TRUE,TRUE,TRUE,FALSE
11,329,0.800543844593202,TRUE,TRUE,TRUE,FALSE
11,330,0.802378968095734,TRUE,TRUE,TRUE,TRUE
11,331,0.799588459339785,TRUE,TRUE,TRUE,TRUE
11,332,0.786256791029132,TRUE,TRUE,TRUE,FALSE
11,333,0.806658587615095,TRUE,TRUE,TRUE,FALSE
11,334,0.798736393463274,TRUE,TRUE,TRUE,FALSE
11,335,0.786620880566706,TRUE,TRUE,TRUE,FALSE
11,336,0.789440193636598,TRUE,TRUE,TRUE,FALSE
11,337,0.809822426239565,TRUE,TRUE,TRUE,FALSE
11,338,0.799614164813386,TRUE,TRUE,TRUE,FALSE
11,339,0.796510926627487,TRUE,TRUE,TRUE,FALSE
11,340,0.80999380208711,TRUE,TRUE,TRUE,FALSE
11,341,0.80977322619108,TRUE,TRUE,TRUE,FALSE
11,342,0.811578216955029,TRUE,TRUE,TRUE,TRUE
11,343,0.822359109316693,TRUE,TRUE,TRUE,TRUE
11,344,0.790634580083609,TRUE,TRUE,TRUE,FALSE
11,345,0.806003942394687,TRUE,TRUE,TRUE,FALSE
11,346,0.813662647789289,TRUE,TRUE,TRUE,FALSE
11,347,0.790482807847214,TRUE,TRUE,TRUE,FALSE
11,348,0.810056062227559,TRUE,TRUE,TRUE,TRUE
11,349,0.812837923567451,TRUE,TRUE,TRUE,FALSE
11,350,0.779671728870768,TRUE,TRUE,TRUE,FALSE
11,351,0.787727644131991,TRUE,TRUE,TRUE,FALSE
11,352,0.822775493277233,FALSE,TRUE,TRUE,FALSE
11,353,0.787640248959548,TRUE,TRUE,TRUE,FALSE
11,354,0.821935154844378,FALSE,TRUE,TRUE,FALSE
11,355,0.788751758076224,TRUE,TRUE,TRUE,FALSE
11,356,0.810596454607507,TRUE,TRUE,TRUE,TRUE
11,357,0.777768761900474,FALSE,TRUE,TRUE,FALSE
11,358,0.79275348681184,TRUE,TRUE,TRUE,FALSE
11,359,0.805109291216457,TRUE,TRUE,TRUE,FALSE
11,360,0.780106048793387,TRUE,TRUE,TRUE,FALSE
11,361,0.784269542367127,TRUE,TRUE,TRUE,FALSE
11,362,0.809913840542714,TRUE,TRUE,TRUE,TRUE
11,363,0.794773257910409,TRUE,TRUE,TRUE,TRUE
11,364,0.799315159737331,TRUE,TRUE,TRUE,FALSE
11,365,0.807418949894262,TRUE,TRUE,TRUE,FALSE
11,366,0.793540034054511,TRUE,TRUE,TRUE,FALSE
11,367,0.821609569070812,FALSE,TRUE,TRUE,FALSE
11,368,0.802550626813897,TRUE,TRUE,TRUE,FALSE
11,369,0.812794705432304,TRUE,TRUE,TRUE,TRUE
11,370,0.791477504782869,TRUE,TRUE,TRUE,TRUE
11,371,0.811781453375274,TRUE,TRUE,TRUE,FALSE
11,372,0.787227308387828,TRUE,TRUE,TRUE,FALSE
11,373,0.809098860204816,TRUE,TRUE,TRUE,FALSE
11,374,0.790953874470612,TRUE,TRUE,TRUE,FALSE
11,375,0.788024956316825,TRUE,TRUE,TRUE,FALSE
11,376,0.800938489972765,TRUE,TRUE,TRUE,TRUE
11,377,0.781431923182971,TRUE,TRUE,TRUE,TRUE
11,378,0.812732312987686,TRUE,TRUE,TRUE,FALSE
11,379,0.819875740128294,FALSE,TRUE,TRUE,FALSE
11,380,0.784439877789869,TRUE,TRUE,TRUE,FALSE
11,381,0.794641860144702,TRUE,TRUE,TRUE,FALSE
11,382,0.78763952898088,TRUE,TRUE,TRUE,FALSE
11,383,0.796037320134947,TRUE,TRUE,TRUE,FALSE
11,384,0.807777297379183,TRUE,TRUE,TRUE,TRUE
11,385,0.805896318558376,TRUE,TRUE,TRUE,FALSE
11,386,0.809317044319793,TRUE,TRUE,TRUE,TRUE
11,387,0.808351603458445,TRUE,TRUE,TRUE,FALSE
11,388,0.791355833936407,TRUE,TRUE,TRUE,FALSE
11,389,0.806174306769708,TRUE,TRUE,TRUE,FALSE
11,390,0.79657424062467,TRUE,TRUE,TRUE,FALSE
11,391,0.799906060807624,TRUE,TRUE,TRUE,FALSE
11,392,0.796671587023215,TRUE,TRUE,TRUE,TRUE
11,393,0.806001371681063,TRUE,TRUE,TRUE,TRUE
11,394,0.815207426385185,TRUE,TRUE,TRUE,FALSE
11,395,0.818452724034819,TRUE,TRUE,TRUE,FALSE
11,396,0.795223053619693,TRUE,TRUE,TRUE,FALSE
11,397,0.8189549435277,TRUE,TRUE,TRUE,FALSE
11,398,0.829373795376942,FALSE,TRUE,TRUE,FALSE
11,399,0.811932999936465,TRUE,TRUE,TRUE,FALSE
11,400,0.79752043863703,TRUE,TRUE,TRUE,FALSE
11,401,0.793472035578527,TRUE,TRUE,TRUE,FALSE
11,402,0.79941520674367,TRUE,TRUE,TRUE,TRUE
11,403,0.790676322548717,TRUE,TRUE,TRUE,FALSE
11,404,0.811157200230928,TRUE,TRUE,TRUE,FALSE
11,405,0.817845897004038,TRUE,TRUE,TRUE,FALSE
11,406,0.788671434746804,TRUE,TRUE,TRUE,FALSE
11,407,0.7981086854788,TRUE,TRUE,TRUE,FALSE
11,408,0.803740259379252,TRUE,TRUE,TRUE,FALSE
11,409,0.797466096739664,TRUE,TRUE,TRUE,FALSE
11,410,0.774444969044248,FALSE,TRUE,TRUE,FALSE
11,411,0.812966999967309,TRUE,TRUE,TRUE,FALSE
11,412,0.796437734420259,TRUE,TRUE,TRUE,FALSE
11,413,0.803143162300949,TRUE,TRUE,TRUE,FALSE
11,414,0.790444900985428,TRUE,TRUE,TRUE,FALSE
11,415,0.804669482610187,TRUE,TRUE,TRUE,FALSE
11,416,0.793603738790847,TRUE,TRUE,TRUE,FALSE
11,417,0.809701873969799,TRUE,TRUE,TRUE,FALSE
11,418,0.792290749121872,TRUE,TRUE,TRUE,FALSE
11,419,0.787692142900841,TRUE,TRUE,TRUE,FALSE
11,420,0.800421468335404,TRUE,TRUE,TRUE,FALSE
11,421,0.801595238491184,TRUE,TRUE,TRUE,FALSE
11,422,0.785563584916599,TRUE,TRUE,TRUE,FALSE
11,423,0.785125888852179,TRUE,TRUE,TRUE,FALSE
11,424,0.800909226029362,TRUE,TRUE,TRUE,TRUE
11,425,0.801267997001842,TRUE,TRUE,TRUE,FALSE
11,426,0.786152746877113,TRUE,TRUE,TRUE,FALSE
11,427,0.791218590039229,TRUE,TRUE,TRUE,TRUE
11,428,0.796660422630964,TRUE,TRUE,TRUE,FALSE
11,429,0.817380108129754,TRUE,TRUE,TRUE,FALSE
11,430,0.798391199637791,TRUE,TRUE,TRUE,FALSE
11,431,0.792036449493791,TRUE,TRUE,TRUE,FALSE
11,432,0.810760061577933,TRUE,TRUE,TRUE,FALSE
11,433,0.795694052641456,TRUE,TRUE,TRUE,TRUE
11,434,0.81096869487186,TRUE,TRUE,TRUE,FALSE
11,435,0.81974200940006,FALSE,TRUE,TRUE,FALSE
11,436,0.812240145902303,TRUE,TRUE,TRUE,FALSE
11,437,0.808002458112178,TRUE,TRUE,TRUE,FALSE
11,438,0.827930468810138,FALSE,TRUE,TRUE,FALSE
11,439,0.798648074567894,TRUE,TRUE,TRUE,FALSE
11,440,0.797487176257087,TRUE,TRUE,TRUE,FALSE
11,441,0.786849339769099,TRUE,TRUE,TRUE,TRUE
11,442,0.802019276819337,TRUE,TRUE,TRUE,TRUE
11,443,0.800240428200226,TRUE,TRUE,TRUE,FALSE
11,444,0.813249211656908,TRUE,TRUE,TRUE,TRUE
11,445,0.814545034235681,TRUE,TRUE,TRUE,FALSE
11,446,0.8060472140623,TRUE,TRUE,TRUE,FALSE
11,447,0.811154605337107,TRUE,TRUE,TRUE,FALSE
11,448,0.793212875966755,TRUE,TRUE,TRUE,FALSE
11,449,0.808234716598333,TRUE,TRUE,TRUE,FALSE
11,450,0.806035348401874,TRUE,TRUE,TRUE,TRUE
11,451,0.807912593716804,TRUE,TRUE,TRUE,FALSE
11,452,0.818971434342437,TRUE,TRUE,TRUE,FALSE
11,453,0.793850367869341,TRUE,TRUE,TRUE,FALSE
11,454,0.807686405889309,TRUE,TRUE,TRUE,FALSE
11,455,0.809718748784637,TRUE,TRUE,TRUE,FALSE
11,456,0.825240995104622,FALSE,TRUE,TRUE,FALSE
11,457,0.816179253165628,TRUE,TRUE,TRUE,TRUE
11,458,0.80917843737704,TRUE,TRUE,TRUE,FALSE
11,459,0.812761289054106,TRUE,TRUE,TRUE,TRUE
11,460,0.7697996384572,FALSE,TRUE,TRUE,FALSE
11,461,0.798101743688294,TRUE,TRUE,TRUE,TRUE
11,462,0.821911646320791,FALSE,TRUE,TRUE,FALSE
11,463,0.796368852044901,TRUE,TRUE,TRUE,TRUE
11,464,0.801165193172726,TRUE,TRUE,TRUE,FALSE
11,465,0.795369517427714,TRUE,TRUE,TRUE,FALSE
11,466,0.806911119305675,TRUE,TRUE,TRUE,FALSE
11,467,0.808023607656076,TRUE,TRUE,TRUE,FALSE
11,468,0.813747944104124,TRUE,TRUE,TRUE,FALSE
11,469,0.792545105535111,TRUE,TRUE,TRUE,TRUE
11,470,0.788896578669502,TRUE,TRUE,TRUE,FALSE
11,471,0.801966423043393,TRUE,TRUE,TRUE,FALSE
11,472,0.80116785490515,TRUE,TRUE,TRUE,FALSE
11,473,0.806035020076327,TRUE,TRUE,TRUE,FALSE
11,474,0.802829494485923,TRUE,TRUE,TRUE,FALSE
11,475,0.783303995497696,TRUE,TRUE,TRUE,TRUE
11,476,0.807249439181564,TRUE,TRUE,TRUE,FALSE
11,477,0.802237378655368,TRUE,TRUE,TRUE,FALSE
11,478,0.786269328991011,TRUE,TRUE,TRUE,FALSE
11,479,0.796189138060956,TRUE,TRUE,TRUE,FALSE
11,480,0.793689088736823,TRUE,TRUE,TRUE,FALSE
11,481,0.795123826610789,TRUE,TRUE,TRUE,TRUE
11,482,0.783824449697616,TRUE,TRUE,TRUE,FALSE
11,483,0.815072653923814,TRUE,TRUE,TRUE,FALSE
11,484,0.795392057060564,TRUE,TRUE,TRUE,FALSE
11,485,0.809771806125047,TRUE,TRUE,TRUE,FALSE
11,486,0.785501927551403,TRUE,TRUE,TRUE,FALSE
11,487,0.785345730143034,TRUE,TRUE,TRUE,FALSE
11,488,0.811733601316229,TRUE,TRUE,TRUE,FALSE
11,489,0.805699039523043,TRUE,TRUE,TRUE,FALSE
11,490,0.800855977995696,TRUE,TRUE,TRUE,FALSE
11,491,0.782313910358296,TRUE,TRUE,TRUE,FALSE
11,492,0.80882422838135,TRUE,TRUE,TRUE,FALSE
11,493,0.789770944962175,TRUE,TRUE,TRUE,FALSE
11,494,0.793965549459871,TRUE,TRUE,TRUE,FALSE
11,495,0.78593041754568,TRUE,TRUE,TRUE,FALSE
11,496,0.789655604859716,TRUE,TRUE,TRUE,FALSE
11,497,0.800887982686069,TRUE,TRUE,TRUE,FALSE
11,498,0.789836591440034,TRUE,TRUE,TRUE,TRUE
11,499,0.806884467300641,TRUE,TRUE,TRUE,FALSE
11,500,0.796934133265806,TRUE,TRUE,TRUE,TRUE
11,501,0.789019252024884,TRUE,TRUE,TRUE,FALSE
11,502,0.789186179796822,TRUE,TRUE,TRUE,FALSE
11,503,0.782986430057794,TRUE,TRUE,TRUE,FALSE
11,504,0.779919385198747,FALSE,TRUE,TRUE,FALSE
11,505,0.794746275368616,TRUE,TRUE,TRUE,FALSE
11,506,0.796761361053015,TRUE,TRUE,TRUE,FALSE
11,507,0.794767046695114,TRUE,TRUE,TRUE,TRUE
11,508,0.82236020161129,FALSE,TRUE,TRUE,FALSE
11,509,0.786900607735841,TRUE,TRUE,TRUE,FALSE
11,510,0.811344057954481,TRUE,TRUE,TRUE,FALSE
11,511,0.808361888069638,TRUE,TRUE,TRUE,FALSE
11,512,0.807832499010004,TRUE,TRUE,TRUE,FALSE
11,513,0.795805551852988,TRUE,TRUE,TRUE,FALSE
11,514,0.786490112787107,TRUE,TRUE,TRUE,FALSE
11,515,0.790546661664775,TRUE,TRUE,TRUE,FALSE
11,516,0.785251831112777,TRUE,TRUE,TRUE,FALSE
11,517,0.819734696945416,TRUE,TRUE,TRUE,FALSE
11,518,0.789283028661046,TRUE,TRUE,TRUE,TRUE
11,519,0.788643551129956,TRUE,TRUE,TRUE,TRUE
11,520,0.809113171282204,TRUE,TRUE,TRUE,FALSE
11,521,0.80276082071798,TRUE,TRUE,TRUE,FALSE
11,522,0.802653445763698,TRUE,TRUE,TRUE,FALSE
11,523,0.81709968420517,TRUE,TRUE,TRUE,FALSE
11,524,0.801529126199097,TRUE,TRUE,TRUE,FALSE
11,525,0.800619397826805,TRUE,TRUE,TRUE,TRUE
11,526,0.805258176189886,TRUE,TRUE,TRUE,FALSE
11,527,0.790758833976345,TRUE,TRUE,TRUE,FALSE
11,528,0.795498473899171,TRUE,TRUE,TRUE,FALSE
11,529,0.816834873836098,TRUE,TRUE,TRUE,FALSE
11,530,0.78077895833514,TRUE,TRUE,TRUE,FALSE
11,531,0.792555897406282,TRUE,TRUE,TRUE,FALSE
11,532,0.809915281244128,TRUE,TRUE,TRUE,FALSE
11,533,0.795077355551347,TRUE,TRUE,TRUE,FALSE
11,534,0.779330928524509,FALSE,TRUE,TRUE,FALSE
11,535,0.79973871629835,TRUE,TRUE,TRUE,TRUE
11,536,0.805718837286037,TRUE,TRUE,TRUE,TRUE
11,537,0.786490977580449,TRUE,TRUE,TRUE,FALSE
11,538,0.803089936602601,TRUE,TRUE,TRUE,FALSE
11,539,0.811525741817825,TRUE,TRUE,TRUE,TRUE
11,540,0.82023332690157,TRUE,TRUE,TRUE,FALSE
11,541,0.786424337516425,TRUE,TRUE,TRUE,FALSE
11,542,0.821662517748451,TRUE,TRUE,TRUE,TRUE
11,543,0.802027128177365,TRUE,TRUE,TRUE,FALSE
11,544,0.803664429167911,TRUE,TRUE,TRUE,FALSE
11,545,0.799600737202481,TRUE,TRUE,TRUE,TRUE
11,546,0.808749242914735,TRUE,TRUE,TRUE,FALSE
11,547,0.803330056916103,TRUE,TRUE,TRUE,FALSE
11,548,0.804553127941027,TRUE,TRUE,TRUE,FALSE
11,549,0.789130059719293,TRUE,TRUE,TRUE,FALSE
11,550,0.808307364939639,TRUE,TRUE,TRUE,FALSE
11,551,0.810575625281784,TRUE,TRUE,TRUE,TRUE
11,552,0.797793220526614,TRUE,TRUE,TRUE,FALSE
11,553,0.805687436399261,TRUE,TRUE,TRUE,FALSE
11,554,0.787588577017083,TRUE,TRUE,TRUE,FALSE
11,555,0.799396851963533,TRUE,TRUE,TRUE,FALSE
11,556,0.805822086202719,TRUE,TRUE,TRUE,FALSE
11,557,0.799817116947304,TRUE,TRUE,TRUE,FALSE
11,558,0.795091754819652,TRUE,TRUE,TRUE,FALSE
11,559,0.79559293467794,TRUE,TRUE,TRUE,FALSE
11,560,0.792639580187826,TRUE,TRUE,TRUE,TRUE
11,561,0.804630025576274,TRUE,TRUE,TRUE,FALSE
11,562,0.797002159064485,TRUE,TRUE,TRUE,FALSE
11,563,0.793022269689775,TRUE,TRUE,TRUE,FALSE
11,564,0.795014101046414,TRUE,TRUE,TRUE,FALSE
11,565,0.790839759715103,TRUE,TRUE,TRUE,FALSE
11,566,0.802344885366603,TRUE,TRUE,TRUE,TRUE
11,567,0.80577785125041,TRUE,TRUE,TRUE,TRUE
11,568,0.796884596040755,TRUE,TRUE,TRUE,TRUE
11,569,0.809007486260207,TRUE,TRUE,TRUE,TRUE
11,570,0.795254299811124,TRUE,TRUE,TRUE,FALSE
11,571,0.807559885748899,TRUE,TRUE,TRUE,FALSE
11,572,0.813572058797072,TRUE,TRUE,TRUE,FALSE
11,573,0.78063958463626,FALSE,TRUE,TRUE,FALSE
11,574,0.795647001600596,TRUE,TRUE,TRUE,FALSE
11,575,0.802295993596499,TRUE,TRUE,TRUE,FALSE
11,576,0.795931023684818,TRUE,TRUE,TRUE,FALSE
11,577,0.808449953487906,TRUE,TRUE,TRUE,TRUE
11,578,0.800131259482617,TRUE,TRUE,TRUE,FALSE
11,579,0.798586566845504,TRUE,TRUE,TRUE,FALSE
11,580,0.815478649201776,TRUE,TRUE,TRUE,FALSE
11,581,0.797382260022962,TRUE,TRUE,TRUE,FALSE
11,582,0.813518204901913,TRUE,TRUE,TRUE,FALSE
11,583,0.801439898166955,TRUE,TRUE,TRUE,FALSE
11,584,0.794484176873762,TRUE,TRUE,TRUE,FALSE
11,585,0.815813103322853,TRUE,TRUE,TRUE,TRUE
11,586,0.816059763594594,TRUE,TRUE,TRUE,FALSE
11,587,0.786429610585469,TRUE,TRUE,TRUE,FALSE
11,588,0.809099826738394,TRUE,TRUE,TRUE,FALSE
11,589,0.808901526627941,TRUE,TRUE,TRUE,FALSE
11,590,0.795496343406476,TRUE,TRUE,TRUE,FALSE
11,591,0.796978798729801,TRUE,TRUE,TRUE,TRUE
11,592,0.804371908580277,TRUE,TRUE,TRUE,FALSE
11,593,0.810547531653722,TRUE,TRUE,TRUE,FALSE
11,594,0.800421231941821,TRUE,TRUE,TRUE,FALSE
11,595,0.805244303028805,TRUE,TRUE,TRUE,FALSE
11,596,0.795431161317149,TRUE,TRUE,TRUE,FALSE
11,597,0.799426101682486,TRUE,TRUE,TRUE,FALSE
11,598,0.78291783657601,TRUE,TRUE,TRUE,FALSE
11,599,0.81048004811905,TRUE,TRUE,TRUE,TRUE
11,600,0.807862005661743,TRUE,TRUE,TRUE,FALSE
11,601,0.814430427169457,TRUE,TRUE,TRUE,FALSE
11,602,0.798588924051711,TRUE,TRUE,TRUE,FALSE
11,603,0.802792943010056,TRUE,TRUE,TRUE,FALSE
11,604,0.794309876846982,TRUE,TRUE,TRUE,FALSE
11,605,0.811185737054567,TRUE,TRUE,TRUE,FALSE
11,606,0.78707589457201,TRUE,TRUE,TRUE,FALSE
11,607,0.807451026331568,TRUE,TRUE,TRUE,FALSE
11,608,0.805385344667801,TRUE,TRUE,TRUE,TRUE
11,609,0.793227745478266,TRUE,TRUE,TRUE,FALSE
11,610,0.802785364199881,TRUE,TRUE,TRUE,TRUE
11,611,0.792371335095854,TRUE,TRUE,TRUE,FALSE
11,612,0.802397410434031,TRUE,TRUE,TRUE,FALSE
11,613,0.777288913438166,FALSE,TRUE,TRUE,FALSE
11,614,0.78760178752279,TRUE,TRUE,TRUE,FALSE
11,615,0.78353893984425,TRUE,TRUE,TRUE,FALSE
11,616,0.789412811030186,TRUE,TRUE,TRUE,FALSE
11,617,0.807563263390814,TRUE,TRUE,TRUE,FALSE
11,618,0.805265367681204,TRUE,TRUE,TRUE,TRUE
11,619,0.797627675865685,TRUE,TRUE,TRUE,FALSE
11,620,0.81189153575428,TRUE,TRUE,TRUE,TRUE
11,621,0.79310454505063,TRUE,TRUE,TRUE,FALSE
11,622,0.806934522516203,TRUE,TRUE,TRUE,FALSE
11,623,0.812255397410588,TRUE,TRUE,TRUE,FALSE
11,624,0.800729382667274,TRUE,TRUE,TRUE,TRUE
11,625,0.788698282625707,TRUE,TRUE,TRUE,FALSE
11,626,0.800097649136483,TRUE,TRUE,TRUE,FALSE
11,627,0.797288291865836,TRUE,TRUE,TRUE,FALSE
11,628,0.812678257857957,TRUE,TRUE,TRUE,FALSE
11,629,0.807133901336094,TRUE,TRUE,TRUE,FALSE
11,630,0.79456178167341,TRUE,TRUE,TRUE,FALSE
11,631,0.801503639177721,TRUE,TRUE,TRUE,FALSE
11,632,0.800796137334805,TRUE,TRUE,TRUE,FALSE
11,633,0.804912610366104,TRUE,TRUE,TRUE,FALSE
11,634,0.792030323522121,TRUE,TRUE,TRUE,FALSE
11,635,0.796166565402423,TRUE,TRUE,TRUE,FALSE
11,636,0.795734674949029,TRUE,TRUE,TRUE,FALSE
11,637,0.800132747550942,TRUE,TRUE,TRUE,FALSE
11,638,0.777690146793766,FALSE,TRUE,TRUE,FALSE
11,639,0.796830869390333,TRUE,TRUE,TRUE,FALSE
11,640,0.800806529640493,TRUE,TRUE,TRUE,FALSE
11,641,0.791146582069346,TRUE,TRUE,TRUE,TRUE
11,642,0.79824035051804,TRUE,TRUE,TRUE,FALSE
11,643,0.786814158005437,TRUE,TRUE,TRUE,FALSE
11,644,0.789019654757775,TRUE,TRUE,TRUE,FALSE
11,645,0.799305132431575,TRUE,TRUE,TRUE,FALSE
11,646,0.810313489766454,TRUE,TRUE,TRUE,FALSE
11,647,0.797684611398504,TRUE,TRUE,TRUE,TRUE
11,648,0.818509674443469,TRUE,TRUE,TRUE,FALSE
11,649,0.804621901241622,TRUE,TRUE,TRUE,FALSE
11,650,0.799808663915002,TRUE,TRUE,TRUE,FALSE
11,651,0.790581670171491,TRUE,TRUE,TRUE,FALSE
11,652,0.801055409588756,TRUE,TRUE,TRUE,FALSE
11,653,0.801364083369383,TRUE,TRUE,TRUE,FALSE
11,654,0.8060933037357,TRUE,TRUE,TRUE,FALSE
11,655,0.8119339862422,TRUE,TRUE,TRUE,FALSE
11,656,0.795804674354314,TRUE,TRUE,TRUE,TRUE
11,657,0.797478225730276,TRUE,TRUE,TRUE,FALSE
11,658,0.794040258867807,TRUE,TRUE,TRUE,TRUE
11,659,0.807688634706916,TRUE,TRUE,TRUE,TRUE
11,660,0.820631130970279,FALSE,TRUE,TRUE,TRUE
11,661,0.78287395694086,TRUE,TRUE,TRUE,FALSE
11,662,0.80315813819276,TRUE,TRUE,TRUE,FALSE
11,663,0.787177837009768,TRUE,TRUE,TRUE,TRUE
11,664,0.788175412552299,TRUE,TRUE,TRUE,FALSE
11,665,0.815589057890216,TRUE,TRUE,TRUE,FALSE
11,666,0.79639502482559,TRUE,TRUE,TRUE,FALSE
11,667,0.796079646502733,TRUE,TRUE,TRUE,TRUE
11,668,0.811402488750854,TRUE,TRUE,TRUE,FALSE
11,669,0.800790772475916,TRUE,TRUE,TRUE,TRUE
11,670,0.804011803603704,TRUE,TRUE,TRUE,FALSE
11,671,0.819229994243784,TRUE,TRUE,TRUE,FALSE
11,672,0.80956751768456,TRUE,TRUE,TRUE,FALSE
11,673,0.787461886825415,TRUE,TRUE,TRUE,FALSE
11,674,0.804015614951259,TRUE,TRUE,TRUE,FALSE
11,675,0.791156399352048,TRUE,TRUE,TRUE,FALSE
11,676,0.793371947839087,TRUE,TRUE,TRUE,FALSE
11,677,0.797861525546619,TRUE,TRUE,TRUE,FALSE
11,678,0.792213507856607,TRUE,TRUE,TRUE,FALSE
11,679,0.790058999026137,TRUE,TRUE,TRUE,FALSE
11,680,0.813597725118383,TRUE,TRUE,TRUE,FALSE
11,681,0.801949641494794,TRUE,TRUE,TRUE,FALSE
11,682,0.812016140372759,TRUE,TRUE,TRUE,FALSE
11,683,0.803026671373659,TRUE,TRUE,TRUE,FALSE
11,684,0.796298966626781,TRUE,TRUE,TRUE,FALSE
11,685,0.814770359711253,TRUE,TRUE,TRUE,FALSE
11,686,0.799786907619104,TRUE,TRUE,TRUE,FALSE
11,687,0.806781744898135,TRUE,TRUE,TRUE,FALSE
11,688,0.807153974248665,TRUE,TRUE,TRUE,FALSE
11,689,0.795418164839054,TRUE,TRUE,TRUE,FALSE
11,690,0.795399577135282,TRUE,TRUE,TRUE,FALSE
11,691,0.797261345707168,TRUE,TRUE,TRUE,TRUE
11,692,0.796554580529836,TRUE,TRUE,TRUE,FALSE
11,693,0.80825203195265,TRUE,TRUE,TRUE,FALSE
11,694,0.793477608962084,TRUE,TRUE,TRUE,FALSE
11,695,0.827569582608692,FALSE,TRUE,TRUE,FALSE
11,696,0.819654079123059,TRUE,TRUE,TRUE,FALSE
11,697,0.792127612831998,TRUE,TRUE,TRUE,FALSE
11,698,0.789949796376581,TRUE,TRUE,TRUE,TRUE
11,699,0.784880278038488,TRUE,TRUE,TRUE,TRUE
11,700,0.800807306626894,TRUE,TRUE,TRUE,FALSE
11,701,0.801942529724176,TRUE,TRUE,TRUE,FALSE
11,702,0.821149807498258,TRUE,TRUE,TRUE,FALSE
11,703,0.801821183960961,TRUE,TRUE,TRUE,FALSE
11,704,0.802749804254265,TRUE,TRUE,TRUE,FALSE
11,705,0.799451545365294,TRUE,TRUE,TRUE,TRUE
11,706,0.782240106857392,TRUE,TRUE,TRUE,FALSE
11,707,0.805880173824603,TRUE,TRUE,TRUE,FALSE
11,708,0.817811301302012,TRUE,TRUE,TRUE,TRUE
11,709,0.796633526854995,TRUE,TRUE,TRUE,FALSE
11,710,0.820831696723204,FALSE,TRUE,TRUE,FALSE
11,711,0.818303904457933,TRUE,TRUE,TRUE,TRUE
11,712,0.781910237522525,TRUE,TRUE,TRUE,FALSE
11,713,0.809127009136024,TRUE,TRUE,TRUE,TRUE
11,714,0.796093111195703,TRUE,TRUE,TRUE,TRUE
11,715,0.802846555121445,TRUE,TRUE,TRUE,FALSE
11,716,0.783336775478699,TRUE,TRUE,TRUE,FALSE
11,717,0.802626464359694,TRUE,TRUE,TRUE,FALSE
11,718,0.793006637940042,TRUE,TRUE,TRUE,FALSE
11,719,0.822381761160572,TRUE,TRUE,TRUE,FALSE
11,720,0.811884014269664,TRUE,TRUE,TRUE,FALSE
11,721,0.787265508803228,TRUE,TRUE,TRUE,FALSE
11,722,0.791433374418756,TRUE,TRUE,TRUE,FALSE
11,723,0.800873099459568,TRUE,TRUE,TRUE,FALSE
11,724,0.800505687550277,TRUE,TRUE,TRUE,TRUE
11,725,0.813237770474205,TRUE,TRUE,TRUE,TRUE
11,726,0.794629471959998,TRUE,TRUE,TRUE,FALSE
11,727,0.796939402980512,TRUE,TRUE,TRUE,FALSE
11,728,0.783860982830903,TRUE,TRUE,TRUE,FALSE
11,729,0.806529271167562,TRUE,TRUE,TRUE,FALSE
11,730,0.810229047165367,TRUE,TRUE,TRUE,FALSE
11,731,0.814644944094539,TRUE,TRUE,TRUE,TRUE
11,732,0.81095932860657,TRUE,TRUE,TRUE,FALSE
11,733,0.787517182960601,TRUE,TRUE,TRUE,TRUE
11,734,0.799445502722091,TRUE,TRUE,TRUE,FALSE
11,735,0.80597789489591,TRUE,TRUE,TRUE,FALSE
11,736,0.790003693666551,TRUE,TRUE,TRUE,FALSE
11,737,0.805745465383247,TRUE,TRUE,TRUE,FALSE
11,738,0.816079697471389,TRUE,TRUE,TRUE,FALSE
11,739,0.795638184041326,TRUE,TRUE,TRUE,FALSE
11,740,0.810152000374134,TRUE,TRUE,TRUE,FALSE
11,741,0.792988547903275,TRUE,TRUE,TRUE,FALSE
11,742,0.800958290699429,TRUE,TRUE,TRUE,FALSE
11,743,0.80367026985451,TRUE,TRUE,TRUE,FALSE
11,744,0.796800957315894,TRUE,TRUE,TRUE,FALSE
11,745,0.798232534089426,TRUE,TRUE,TRUE,FALSE
11,746,0.818878743357951,TRUE,TRUE,TRUE,FALSE
11,747,0.773247566158987,FALSE,TRUE,TRUE,FALSE
11,748,0.790630455975575,TRUE,TRUE,TRUE,FALSE
11,749,0.814851712926896,TRUE,TRUE,TRUE,TRUE
11,750,0.794228961274996,TRUE,TRUE,TRUE,FALSE
11,751,0.797917421836227,TRUE,TRUE,TRUE,FALSE
11,752,0.792992462118086,TRUE,TRUE,TRUE,TRUE
11,753,0.810075107892992,TRUE,TRUE,TRUE,TRUE
11,754,0.803234255946074,TRUE,TRUE,TRUE,FALSE
11,755,0.795437842474423,TRUE,TRUE,TRUE,FALSE
11,756,0.807702550503627,TRUE,TRUE,TRUE,FALSE
11,757,0.79768095642028,TRUE,TRUE,TRUE,FALSE
11,758,0.775151761098944,FALSE,TRUE,TRUE,FALSE
11,759,0.794913244497724,TRUE,TRUE,TRUE,FALSE
11,760,0.797283631872711,TRUE,TRUE,TRUE,FALSE
11,761,0.805693404328306,TRUE,TRUE,TRUE,FALSE
11,762,0.80045251658171,TRUE,TRUE,TRUE,TRUE
11,763,0.818201850243534,TRUE,TRUE,TRUE,FALSE
11,764,0.809955870544593,TRUE,TRUE,TRUE,TRUE
11,765,0.816764305396177,TRUE,TRUE,TRUE,FALSE
11,766,0.799790711235973,TRUE,TRUE,TRUE,FALSE
11,767,0.791613208299793,TRUE,TRUE,TRUE,TRUE
11,768,0.771444000158584,FALSE,TRUE,TRUE,FALSE
11,769,0.788684445553226,TRUE,TRUE,TRUE,FALSE
11,770,0.808941451086411,TRUE,TRUE,TRUE,FALSE
11,771,0.806695935433019,TRUE,TRUE,TRUE,FALSE
11,772,0.796794592161763,TRUE,TRUE,TRUE,FALSE
11,773,0.804399724929441,TRUE,TRUE,TRUE,FALSE
11,774,0.813461886202953,TRUE,TRUE,TRUE,FALSE
11,775,0.807876070691085,TRUE,TRUE,TRUE,FALSE
11,776,0.786156101819022,TRUE,TRUE,TRUE,FALSE
11,777,0.79922915807161,TRUE,TRUE,TRUE,FALSE
11,778,0.781127593542348,TRUE,TRUE,TRUE,FALSE
11,779,0.802020067747685,TRUE,TRUE,TRUE,FALSE
11,780,0.81213742019161,TRUE,TRUE,TRUE,FALSE
11,781,0.804401418928765,TRUE,TRUE,TRUE,FALSE
11,782,0.788601148062059,TRUE,TRUE,FALSE,FALSE
11,783,0.814903645816352,TRUE,TRUE,TRUE,TRUE
11,784,0.812775851071571,TRUE,TRUE,TRUE,FALSE
11,785,0.811392585880435,TRUE,TRUE,TRUE,FALSE
11,786,0.800946221745965,TRUE,TRUE,TRUE,FALSE
11,787,0.810125500608554,TRUE,TRUE,TRUE,FALSE
11,788,0.811291838288104,TRUE,TRUE,TRUE,FALSE
11,789,0.830277792960457,FALSE,TRUE,TRUE,FALSE
11,790,0.817406432316537,TRUE,TRUE,TRUE,FALSE
11,791,0.810726891097566,TRUE,TRUE,TRUE,FALSE
11,792,0.814211803247468,TRUE,TRUE,TRUE,FALSE
11,793,0.806346662967389,TRUE,TRUE,TRUE,FALSE
11,794,0.819632805094464,TRUE,TRUE,TRUE,FALSE
11,795,0.786271839760374,TRUE,TRUE,TRUE,FALSE
11,796,0.811024032814662,TRUE,TRUE,TRUE,FALSE
11,797,0.81666954223485,TRUE,TRUE,TRUE,FALSE
11,798,0.802423145745937,TRUE,TRUE,TRUE,TRUE
11,799,0.802687106330502,TRUE,TRUE,TRUE,FALSE
11,800,0.82532097560342,FALSE,TRUE,TRUE,FALSE
11,801,0.813811848535294,TRUE,TRUE,TRUE,FALSE
11,802,0.799791778172136,TRUE,TRUE,TRUE,FALSE
11,803,0.806523411846592,TRUE,TRUE,TRUE,FALSE
11,804,0.806393985884458,TRUE,TRUE,TRUE,TRUE
11,805,0.807414830598884,TRUE,TRUE,TRUE,FALSE
11,806,0.811935017038986,TRUE,TRUE,TRUE,FALSE
11,807,0.802788385230642,TRUE,TRUE,TRUE,FALSE
11,808,0.796073878234788,TRUE,TRUE,TRUE,FALSE
11,809,0.789173720777913,TRUE,TRUE,TRUE,FALSE
11,810,0.789599663292415,TRUE,TRUE,TRUE,FALSE
11,811,0.804355684101199,TRUE,TRUE,TRUE,FALSE
11,812,0.821997846751386,FALSE,TRUE,TRUE,TRUE
11,813,0.787534807017632,TRUE,TRUE,TRUE,FALSE
11,814,0.789304698367304,TRUE,TRUE,TRUE,FALSE
11,815,0.799626993354312,TRUE,TRUE,TRUE,FALSE
11,816,0.80277818093093,TRUE,TRUE,TRUE,TRUE
11,817,0.803668376333618,TRUE,TRUE,TRUE,FALSE
11,818,0.792171035973521,TRUE,TRUE,TRUE,FALSE
11,819,0.81645099629015,TRUE,TRUE,TRUE,FALSE
11,820,0.796769331328221,TRUE,TRUE,TRUE,FALSE
11,821,0.799271533663448,TRUE,TRUE,TRUE,TRUE
11,822,0.814549863155989,TRUE,TRUE,TRUE,TRUE
11,823,0.809164014594164,TRUE,TRUE,TRUE,TRUE
11,824,0.808994764042628,TRUE,TRUE,TRUE,FALSE
11,825,0.79987609809455,TRUE,TRUE,TRUE,TRUE
11,826,0.801066561008278,TRUE,TRUE,TRUE,FALSE
11,827,0.776626825111751,FALSE,TRUE,TRUE,FALSE
11,828,0.791577081145705,TRUE,TRUE,TRUE,FALSE
11,829,0.795244357436672,TRUE,TRUE,TRUE,FALSE
11,830,0.804486700030135,TRUE,TRUE,TRUE,TRUE
11,831,0.799333710109198,TRUE,TRUE,TRUE,FALSE
11,832,0.805066438576663,TRUE,TRUE,TRUE,FALSE
11,833,0.806996744498278,TRUE,TRUE,TRUE,TRUE
11,834,0.815683911646987,TRUE,TRUE,TRUE,FALSE
11,835,0.806811209442404,TRUE,TRUE,TRUE,FALSE
11,836,0.8127104025286,TRUE,TRUE,TRUE,TRUE
11,837,0.790525329286461,TRUE,TRUE,TRUE,FALSE
11,838,0.802894250962616,TRUE,TRUE,TRUE,FALSE
11,839,0.819602077676144,TRUE,TRUE,TRUE,FALSE
11,840,0.792706711495587,TRUE,TRUE,TRUE,FALSE
11,841,0.8003883138105,TRUE,TRUE,TRUE,FALSE
11,842,0.795769922177873,TRUE,TRUE,TRUE,FALSE
11,843,0.795516637253561,TRUE,TRUE,TRUE,FALSE
11,844,0.79865544328864,TRUE,TRUE,TRUE,FALSE
11,845,0.805019593380817,TRUE,TRUE,TRUE,TRUE
11,846,0.815449596917165,TRUE,TRUE,TRUE,TRUE
11,847,0.796637117119178,TRUE,TRUE,TRUE,FALSE
11,848,0.804783564277239,TRUE,TRUE,TRUE,FALSE
11,849,0.817231283571581,TRUE,TRUE,TRUE,FALSE
11,850,0.789476276273547,TRUE,TRUE,TRUE,FALSE
11,851,0.790241288583289,TRUE,TRUE,TRUE,FALSE
11,852,0.799451943390125,TRUE,TRUE,TRUE,FALSE
11,853,0.797719287315076,TRUE,TRUE,TRUE,TRUE
11,854,0.808450936157206,TRUE,TRUE,TRUE,FALSE
11,855,0.808337888761112,TRUE,TRUE,TRUE,FALSE
11,856,0.790475008239182,TRUE,TRUE,TRUE,FALSE
11,857,0.806536162598923,TRUE,TRUE,TRUE,FALSE
11,858,0.806830122096602,TRUE,TRUE,TRUE,FALSE
11,859,0.779647761235607,TRUE,TRUE,TRUE,TRUE
11,860,0.79158129913608,TRUE,TRUE,TRUE,FALSE
11,861,0.800739196616754,TRUE,TRUE,TRUE,FALSE
11,862,0.797797478620628,TRUE,TRUE,TRUE,FALSE
11,863,0.814409305111174,TRUE,TRUE,TRUE,FALSE
11,864,0.794713777047271,TRUE,TRUE,TRUE,FALSE
11,865,0.795789138577562,TRUE,TRUE,TRUE,FALSE
11,866,0.830551776983586,FALSE,TRUE,TRUE,TRUE
11,867,0.788660242171799,TRUE,TRUE,TRUE,FALSE
11,868,0.782413690570045,TRUE,TRUE,TRUE,FALSE
11,869,0.809049100432755,TRUE,TRUE,TRUE,FALSE
11,870,0.779248199316785,TRUE,TRUE,TRUE,FALSE
11,871,0.805877892743993,TRUE,TRUE,TRUE,FALSE
11,872,0.790652070803689,TRUE,TRUE,TRUE,FALSE
11,873,0.793678660565628,TRUE,TRUE,TRUE,FALSE
11,874,0.819562903648554,TRUE,TRUE,TRUE,FALSE
11,875,0.811829128760384,TRUE,TRUE,TRUE,FALSE
11,876,0.786440003588073,TRUE,TRUE,TRUE,FALSE
11,877,0.804389990941673,TRUE,TRUE,TRUE,TRUE
11,878,0.788500927768463,TRUE,TRUE,TRUE,FALSE
11,879,0.807188940231352,TRUE,TRUE,TRUE,FALSE
11,880,0.80066679049367,TRUE,TRUE,TRUE,TRUE
11,881,0.809462727461926,TRUE,TRUE,TRUE,FALSE
11,882,0.813036753864136,TRUE,TRUE,TRUE,FALSE
11,883,0.785923844312047,TRUE,TRUE,TRUE,FALSE
11,884,0.796432106828483,TRUE,TRUE,TRUE,FALSE
11,885,0.812849824243289,TRUE,TRUE,TRUE,FALSE
11,886,0.798053142871149,TRUE,TRUE,TRUE,FALSE
11,887,0.808107397417971,TRUE,TRUE,TRUE,FALSE
11,888,0.811490871675865,TRUE,TRUE,TRUE,FALSE
11,889,0.796715895432293,TRUE,TRUE,TRUE,FALSE
11,890,0.795728448880541,TRUE,TRUE,TRUE,TRUE
11,891,0.793249105271066,TRUE,TRUE,TRUE,FALSE
11,892,0.786702781198346,TRUE,TRUE,TRUE,FALSE
11,893,0.8108109381632,TRUE,TRUE,TRUE,FALSE
11,894,0.792164882088694,TRUE,TRUE,TRUE,FALSE
11,895,0.801716431059178,TRUE,TRUE,TRUE,FALSE
11,896,0.7809703612493,TRUE,TRUE,TRUE,FALSE
11,897,0.812171391752529,TRUE,TRUE,TRUE,TRUE
11,898,0.805169828302865,TRUE,TRUE,TRUE,FALSE
11,899,0.798802045147613,TRUE,TRUE,TRUE,FALSE
11,900,0.77523803955817,FALSE,TRUE,TRUE,FALSE
11,901,0.801265242919552,TRUE,TRUE,TRUE,FALSE
11,902,0.784502981549082,TRUE,TRUE,TRUE,TRUE
11,903,0.79485677990508,TRUE,TRUE,TRUE,FALSE
11,904,0.813791077094044,TRUE,TRUE,TRUE,FALSE
11,905,0.80218397983995,TRUE,TRUE,TRUE,FALSE
11,906,0.801488217219195,TRUE,TRUE,TRUE,FALSE
11,907,0.810284228490072,TRUE,TRUE,TRUE,FALSE
11,908,0.81497426495016,TRUE,TRUE,TRUE,FALSE
11,909,0.807374007956596,TRUE,TRUE,TRUE,FALSE
11,910,0.794688008014982,TRUE,TRUE,TRUE,FALSE
11,911,0.801356314112716,TRUE,TRUE,TRUE,FALSE
11,912,0.799630454221612,TRUE,TRUE,TRUE,FALSE
11,913,0.781346840139725,TRUE,TRUE,TRUE,FALSE
11,914,0.800757505365876,TRUE,TRUE,TRUE,FALSE
11,915,0.803151681484384,TRUE,TRUE,TRUE,TRUE
11,916,0.799198488547321,TRUE,TRUE,TRUE,FALSE
11,917,0.805261043345503,TRUE,TRUE,TRUE,FALSE
11,918,0.799841340201589,TRUE,TRUE,TRUE,FALSE
11,919,0.803744117805261,TRUE,TRUE,TRUE,FALSE
11,920,0.805950335833743,TRUE,TRUE,TRUE,TRUE
11,921,0.792113450579367,TRUE,TRUE,TRUE,FALSE
11,922,0.816398511566647,TRUE,TRUE,TRUE,FALSE
11,923,0.790923849771326,TRUE,TRUE,TRUE,FALSE
11,924,0.793355615128228,TRUE,TRUE,TRUE,FALSE
11,925,0.791092161184934,TRUE,TRUE,TRUE,FALSE
11,926,0.813713136814489,TRUE,TRUE,TRUE,FALSE
11,927,0.7991502475325,TRUE,TRUE,TRUE,FALSE
11,928,0.791097883722658,TRUE,TRUE,TRUE,FALSE
11,929,0.793052460371055,TRUE,TRUE,TRUE,FALSE
11,930,0.806350322952574,TRUE,TRUE,TRUE,FALSE
11,931,0.805303466107772,TRUE,TRUE,TRUE,FALSE
11,932,0.787743192792435,TRUE,TRUE,TRUE,FALSE
11,933,0.819124126071289,TRUE,TRUE,TRUE,FALSE
11,934,0.804151217671967,TRUE,TRUE,TRUE,FALSE
11,935,0.790090878710231,TRUE,TRUE,TRUE,FALSE
11,936,0.811108696114718,TRUE,TRUE,TRUE,FALSE
11,937,0.818574870984793,TRUE,TRUE,TRUE,FALSE
11,938,0.7902536698744,TRUE,TRUE,TRUE,FALSE
11,939,0.785772392655112,TRUE,TRUE,TRUE,FALSE
11,940,0.803973960967284,TRUE,TRUE,TRUE,TRUE
11,941,0.805977781011103,TRUE,TRUE,TRUE,TRUE
11,942,0.81124243953183,TRUE,TRUE,TRUE,FALSE
11,943,0.797354584208394,TRUE,TRUE,TRUE,FALSE
11,944,0.794339491817963,TRUE,TRUE,TRUE,FALSE
11,945,0.819531631943706,TRUE,TRUE,TRUE,FALSE
11,946,0.809114818818504,TRUE,TRUE,TRUE,FALSE
11,947,0.824311303647626,FALSE,TRUE,TRUE,FALSE
11,948,0.797743546166414,TRUE,TRUE,TRUE,FALSE
11,949,0.797587617435531,TRUE,TRUE,TRUE,FALSE
11,950,0.794968329385959,TRUE,TRUE,TRUE,FALSE
11,951,0.785805336175509,TRUE,TRUE,TRUE,FALSE
11,952,0.80222241681451,TRUE,TRUE,TRUE,TRUE
11,953,0.78784825568243,TRUE,TRUE,TRUE,FALSE
11,954,0.792001103923746,TRUE,TRUE,TRUE,FALSE
11,955,0.791539634333507,TRUE,TRUE,TRUE,TRUE
11,956,0.796839511481044,TRUE,TRUE,TRUE,TRUE
11,957,0.792124043334646,TRUE,TRUE,TRUE,FALSE
11,958,0.803287586591749,TRUE,TRUE,TRUE,FALSE
11,959,0.79684433602327,TRUE,TRUE,TRUE,FALSE
11,960,0.805056146212207,TRUE,TRUE,TRUE,FALSE
11,961,0.80359414123088,TRUE,TRUE,TRUE,FALSE
11,962,0.815541053353149,TRUE,TRUE,TRUE,FALSE
11,963,0.801000089712273,TRUE,TRUE,TRUE,FALSE
11,964,0.810596368196667,TRUE,TRUE,TRUE,FALSE
11,965,0.791911768871406,TRUE,TRUE,TRUE,FALSE
11,966,0.785963111638702,TRUE,TRUE,TRUE,TRUE
11,967,0.796894789964737,TRUE,TRUE,TRUE,FALSE
11,968,0.787897917751347,TRUE,TRUE,TRUE,FALSE
11,969,0.810523345125612,TRUE,TRUE,TRUE,FALSE
11,970,0.787515317566595,TRUE,TRUE,TRUE,FALSE
11,971,0.803036903393649,TRUE,TRUE,TRUE,FALSE
11,972,0.804716351834692,TRUE,TRUE,TRUE,FALSE
11,973,0.794517693375668,TRUE,TRUE,TRUE,TRUE
11,974,0.79708793839401,TRUE,TRUE,TRUE,FALSE
11,975,0.784208599130202,TRUE,TRUE,TRUE,FALSE
11,976,0.788222040737504,TRUE,TRUE,TRUE,TRUE
11,977,0.824369501457529,FALSE,TRUE,TRUE,FALSE
11,978,0.812398986641914,TRUE,TRUE,TRUE,TRUE
11,979,0.799042801929677,TRUE,TRUE,TRUE,TRUE
11,980,0.788647610918884,TRUE,TRUE,TRUE,TRUE
11,981,0.799896663585829,TRUE,TRUE,TRUE,FALSE
11,982,0.800100210904675,TRUE,TRUE,TRUE,FALSE
11,983,0.787062876650826,TRUE,TRUE,TRUE,FALSE
11,984,0.799007791575916,TRUE,TRUE,TRUE,FALSE
11,985,0.815594931196945,TRUE,TRUE,TRUE,TRUE
11,986,0.816037761469345,TRUE,TRUE,TRUE,FALSE
11,987,0.816482632063123,TRUE,TRUE,TRUE,FALSE
11,988,0.80043782283451,TRUE,TRUE,TRUE,FALSE
11,989,0.797615930882885,TRUE,TRUE,TRUE,TRUE
11,990,0.799041354642646,TRUE,TRUE,TRUE,FALSE
11,991,0.814347710856753,TRUE,TRUE,TRUE,FALSE
11,992,0.79587269557784,TRUE,TRUE,TRUE,FALSE
11,993,0.795133459930425,TRUE,TRUE,TRUE,FALSE
11,994,0.809700806850832,TRUE,TRUE,TRUE,FALSE
11,995,0.790339547918487,TRUE,TRUE,TRUE,FALSE
11,996,0.810929903930122,TRUE,TRUE,TRUE,FALSE
11,997,0.801538284200696,TRUE,TRUE,TRUE,FALSE
11,998,0.791649836696273,TRUE,TRUE,TRUE,FALSE
11,999,0.818548151093723,TRUE,TRUE,TRUE,FALSE
11,1000,0.808305921484112,TRUE,TRUE,TRUE,FALSE
12,1,0.984330173185163,TRUE,TRUE,TRUE,FALSE
12,2,1.00288666514162,TRUE,FALSE,TRUE,FALSE
12,3,1.00403984127439,TRUE,FALSE,TRUE,TRUE
12,4,1.01346375309118,TRUE,FALSE,TRUE,FALSE
12,5,1.01423309243733,TRUE,FALSE,TRUE,FALSE
12,6,0.995472356152298,TRUE,FALSE,TRUE,TRUE
12,7,1.00469211120839,TRUE,FALSE,TRUE,FALSE
12,8,1.00646659563056,TRUE,FALSE,TRUE,FALSE
12,9,1.00233217905813,TRUE,FALSE,TRUE,FALSE
12,10,0.997322508285521,TRUE,FALSE,TRUE,FALSE
12,11,0.996616005065522,TRUE,FALSE,TRUE,FALSE
12,12,1.00351515208116,TRUE,FALSE,TRUE,TRUE
12,13,1.03781074922976,FALSE,FALSE,TRUE,FALSE
12,14,0.994241784026174,TRUE,FALSE,TRUE,FALSE
12,15,1.00122491598265,TRUE,FALSE,TRUE,FALSE
12,16,1.01266829820176,TRUE,FALSE,TRUE,FALSE
12,17,1.00295781701871,TRUE,FALSE,TRUE,TRUE
12,18,0.978964367432665,TRUE,TRUE,TRUE,FALSE
12,19,1.01093835397543,TRUE,FALSE,TRUE,FALSE
12,20,1.00772674020655,TRUE,FALSE,TRUE,FALSE
12,21,0.995578459632817,TRUE,FALSE,TRUE,FALSE
12,22,0.994904264495806,TRUE,FALSE,TRUE,FALSE
12,23,1.00506824382663,TRUE,FALSE,TRUE,FALSE
12,24,1.01568963738663,TRUE,FALSE,TRUE,TRUE
12,25,0.978353278395986,FALSE,TRUE,TRUE,TRUE
12,26,0.995186806890719,TRUE,FALSE,TRUE,FALSE
12,27,0.991360568792139,TRUE,FALSE,TRUE,TRUE
12,28,0.976005449510769,FALSE,TRUE,TRUE,FALSE
12,29,0.993041101407387,TRUE,FALSE,TRUE,TRUE
12,30,0.992744232083063,TRUE,FALSE,TRUE,FALSE
12,31,1.01749422530262,TRUE,FALSE,TRUE,FALSE
12,32,1.0085619230133,TRUE,FALSE,TRUE,TRUE
12,33,0.977905973606711,FALSE,TRUE,TRUE,FALSE
12,34,1.00368683232121,TRUE,FALSE,TRUE,FALSE
12,35,0.992073840789758,TRUE,FALSE,TRUE,FALSE
12,36,0.997536085211726,TRUE,FALSE,TRUE,FALSE
12,37,1.0002802987016,TRUE,FALSE,TRUE,FALSE
12,38,1.01224085689734,TRUE,FALSE,TRUE,TRUE
12,39,0.986896652930243,TRUE,FALSE,TRUE,FALSE
12,40,0.987952257538182,TRUE,FALSE,TRUE,FALSE
12,41,0.989446677549295,TRUE,FALSE,TRUE,FALSE
12,42,1.00903172180556,TRUE,FALSE,TRUE,FALSE
12,43,1.00212129642257,TRUE,FALSE,TRUE,FALSE
12,44,0.996503840412469,TRUE,FALSE,TRUE,FALSE
12,45,1.01757393337337,TRUE,FALSE,TRUE,FALSE
12,46,1.01480927953069,TRUE,FALSE,TRUE,FALSE
12,47,0.994109582922538,TRUE,FALSE,TRUE,FALSE
12,48,1.00912093548929,TRUE,FALSE,TRUE,FALSE
12,49,0.987602845495908,TRUE,FALSE,TRUE,FALSE
12,50,0.990930454942347,TRUE,FALSE,TRUE,FALSE
12,51,1.00049227833739,TRUE,FALSE,TRUE,FALSE
12,52,0.994120277244382,TRUE,FALSE,TRUE,FALSE
12,53,1.01730452821701,TRUE,FALSE,TRUE,FALSE
12,54,1.01111711995126,TRUE,FALSE,TRUE,TRUE
12,55,1.00861528012253,TRUE,FALSE,TRUE,FALSE
12,56,0.999872989433408,TRUE,FALSE,TRUE,FALSE
12,57,0.99965622360099,TRUE,FALSE,TRUE,FALSE
12,58,0.987690029400927,TRUE,FALSE,TRUE,FALSE
12,59,1.00141430927342,TRUE,FALSE,TRUE,FALSE
12,60,1.02720831053061,FALSE,FALSE,TRUE,FALSE
12,61,0.995292546504698,TRUE,FALSE,TRUE,FALSE
12,62,0.997416746662741,TRUE,FALSE,TRUE,FALSE
12,63,0.997758102231903,TRUE,FALSE,TRUE,FALSE
12,64,1.01567784252276,TRUE,FALSE,TRUE,FALSE
12,65,1.00022224147212,TRUE,FALSE,TRUE,FALSE
12,66,1.02284202062712,FALSE,FALSE,TRUE,TRUE
12,67,1.00980854080029,TRUE,FALSE,TRUE,FALSE
12,68,1.00714520990451,TRUE,FALSE,TRUE,FALSE
12,69,1.00133528527212,TRUE,FALSE,TRUE,FALSE
12,70,0.99978068317696,TRUE,FALSE,TRUE,FALSE
12,71,0.995734505706644,TRUE,FALSE,TRUE,FALSE
12,72,1.01972906002007,TRUE,FALSE,TRUE,TRUE
12,73,1.02468367959625,FALSE,FALSE,TRUE,FALSE
12,74,0.979160925327545,TRUE,TRUE,TRUE,FALSE
12,75,0.983568818042408,TRUE,FALSE,TRUE,TRUE
12,76,1.00331130154188,TRUE,FALSE,TRUE,FALSE
12,77,0.99247915076451,TRUE,FALSE,TRUE,FALSE
12,78,0.984328214647465,TRUE,FALSE,TRUE,FALSE
12,79,1.00897389871262,TRUE,FALSE,TRUE,TRUE
12,80,1.00387684151133,TRUE,FALSE,TRUE,FALSE
12,81,1.02087515414931,TRUE,FALSE,TRUE,FALSE
12,82,0.976641740553321,FALSE,TRUE,TRUE,FALSE
12,83,0.992074159959466,TRUE,FALSE,TRUE,FALSE
12,84,1.01167616844163,TRUE,FALSE,TRUE,FALSE
12,85,0.99047885352426,TRUE,FALSE,TRUE,FALSE
12,86,0.984668113405432,TRUE,FALSE,TRUE,FALSE
12,87,1.00352788410279,TRUE,FALSE,TRUE,FALSE
12,88,1.01955130451279,TRUE,FALSE,TRUE,FALSE
12,89,1.00330469155126,TRUE,FALSE,TRUE,FALSE
12,90,0.978251488784585,TRUE,TRUE,TRUE,FALSE
12,91,1.01073014119063,TRUE,FALSE,TRUE,FALSE
12,92,1.0045814252763,TRUE,FALSE,TRUE,FALSE
12,93,1.0068423869381,TRUE,FALSE,TRUE,FALSE
12,94,0.990806175926681,TRUE,FALSE,TRUE,FALSE
12,95,0.981944571047828,TRUE,FALSE,TRUE,FALSE
12,96,0.999605357710987,TRUE,FALSE,TRUE,FALSE
12,97,0.998088547690047,TRUE,FALSE,TRUE,FALSE
12,98,1.00967937660054,TRUE,FALSE,TRUE,TRUE
12,99,1.00551339259418,TRUE,FALSE,TRUE,FALSE
12,100,1.00054571947204,TRUE,FALSE,TRUE,FALSE
12,101,1.01190435957794,TRUE,FALSE,TRUE,FALSE
12,102,1.01474624912657,TRUE,FALSE,TRUE,FALSE
12,103,0.988309888253336,TRUE,FALSE,TRUE,FALSE
12,104,1.0103171717898,TRUE,FALSE,TRUE,FALSE
12,105,0.995296076012282,TRUE,FALSE,TRUE,FALSE
12,106,1.01343167739955,TRUE,FALSE,TRUE,FALSE
12,107,1.00933718790482,TRUE,FALSE,TRUE,FALSE
12,108,0.993188182908465,TRUE,FALSE,TRUE,FALSE
12,109,0.995854449897409,TRUE,FALSE,TRUE,FALSE
12,110,0.982091859101895,TRUE,TRUE,TRUE,FALSE
12,111,1.0038140797815,TRUE,FALSE,TRUE,TRUE
12,112,0.997140438838945,TRUE,FALSE,TRUE,FALSE
12,113,0.990794389899521,TRUE,FALSE,TRUE,FALSE
12,114,0.997642735466614,TRUE,FALSE,TRUE,FALSE
12,115,0.994273690566873,TRUE,FALSE,TRUE,FALSE
12,116,1.01245870038786,TRUE,FALSE,TRUE,FALSE
12,117,1.00265998539212,TRUE,FALSE,TRUE,FALSE
12,118,1.00272326450684,TRUE,FALSE,TRUE,FALSE
12,119,0.99599530587605,TRUE,FALSE,TRUE,FALSE
12,120,1.00526326686222,TRUE,FALSE,TRUE,FALSE
12,121,1.01077525928575,TRUE,FALSE,TRUE,FALSE
12,122,1.00781976135654,TRUE,FALSE,TRUE,FALSE
12,123,1.00498439447369,TRUE,FALSE,TRUE,FALSE
12,124,1.00104819357788,TRUE,FALSE,TRUE,FALSE
12,125,1.00583090443023,TRUE,FALSE,TRUE,FALSE
12,126,1.01735830199744,TRUE,FALSE,TRUE,FALSE
12,127,0.99224707583729,TRUE,FALSE,TRUE,FALSE
12,128,0.999105341827821,TRUE,FALSE,TRUE,TRUE
12,129,0.998989577930873,TRUE,FALSE,TRUE,FALSE
12,130,0.997713225980212,TRUE,FALSE,TRUE,FALSE
12,131,1.01085287859333,TRUE,FALSE,TRUE,FALSE
12,132,1.011994979108,TRUE,FALSE,TRUE,FALSE
12,133,0.988294776973093,TRUE,FALSE,TRUE,FALSE
12,134,1.0036068767559,TRUE,FALSE,TRUE,TRUE
12,135,1.01428059853976,TRUE,FALSE,TRUE,FALSE
12,136,0.991169115775246,TRUE,FALSE,TRUE,FALSE
12,137,1.00435137057377,TRUE,FALSE,TRUE,FALSE
12,138,0.994013357681947,TRUE,FALSE,TRUE,FALSE
12,139,0.991970592003472,TRUE,FALSE,TRUE,FALSE
12,140,0.993707786899318,TRUE,FALSE,TRUE,FALSE
12,141,1.00330529359476,TRUE,FALSE,TRUE,FALSE
12,142,0.999571772911895,TRUE,FALSE,TRUE,FALSE
12,143,1.00263815398429,TRUE,FALSE,TRUE,FALSE
12,144,0.985824943661008,TRUE,FALSE,TRUE,TRUE
12,145,0.989297499877501,TRUE,FALSE,TRUE,FALSE
12,146,1.01629434740907,TRUE,FALSE,TRUE,FALSE
12,147,0.998039536776667,TRUE,FALSE,TRUE,FALSE
12,148,1.01636512559442,TRUE,FALSE,TRUE,FALSE
12,149,1.02025007542764,TRUE,FALSE,TRUE,FALSE
12,150,0.988346560341037,TRUE,FALSE,TRUE,FALSE
12,151,1.0010704253856,TRUE,FALSE,TRUE,FALSE
12,152,0.985700971197173,TRUE,FALSE,TRUE,FALSE
12,153,0.973202745550137,FALSE,TRUE,TRUE,FALSE
12,154,1.00744191722642,TRUE,FALSE,TRUE,FALSE
12,155,1.00525068004952,TRUE,FALSE,TRUE,FALSE
12,156,0.992540804043842,TRUE,FALSE,TRUE,FALSE
12,157,0.994130066031134,TRUE,FALSE,TRUE,FALSE
12,158,0.988692039116657,TRUE,FALSE,TRUE,FALSE
12,159,0.995497609941547,TRUE,FALSE,TRUE,FALSE
12,160,0.998961497955309,TRUE,FALSE,TRUE,FALSE
12,161,0.982738027379147,TRUE,TRUE,TRUE,FALSE
12,162,0.996266092054004,TRUE,FALSE,TRUE,FALSE
12,163,0.995954687804591,TRUE,FALSE,TRUE,FALSE
12,164,1.00838439578545,TRUE,FALSE,TRUE,TRUE
12,165,0.996009794840981,TRUE,FALSE,TRUE,FALSE
12,166,0.996507660141557,TRUE,FALSE,TRUE,FALSE
12,167,1.00827713968031,TRUE,FALSE,TRUE,FALSE
12,168,1.01007755174362,TRUE,FALSE,TRUE,FALSE
12,169,1.00914670467918,TRUE,FALSE,TRUE,TRUE
12,170,1.00961803984448,TRUE,FALSE,TRUE,TRUE
12,171,0.996746161950559,TRUE,FALSE,TRUE,FALSE
12,172,0.983202778135611,TRUE,FALSE,TRUE,FALSE
12,173,1.01085695969933,TRUE,FALSE,TRUE,FALSE
12,174,0.988225570388584,TRUE,FALSE,TRUE,FALSE
12,175,1.00022609055261,TRUE,FALSE,TRUE,FALSE
12,176,1.01450253591268,TRUE,FALSE,TRUE,FALSE
12,177,1.014974166992,TRUE,FALSE,TRUE,FALSE
12,178,1.00271417034758,TRUE,FALSE,TRUE,FALSE
12,179,0.987282310367653,TRUE,FALSE,TRUE,FALSE
12,180,1.00736357961182,TRUE,FALSE,TRUE,FALSE
12,181,1.00223528611063,TRUE,FALSE,TRUE,FALSE
12,182,1.00479595497404,TRUE,FALSE,TRUE,FALSE
12,183,0.988132087466743,TRUE,FALSE,TRUE,FALSE
12,184,0.985647663099428,TRUE,FALSE,TRUE,FALSE
12,185,0.983147750499671,TRUE,FALSE,TRUE,FALSE
12,186,0.984059116680826,TRUE,FALSE,TRUE,FALSE
12,187,0.999822935083181,TRUE,FALSE,TRUE,TRUE
12,188,0.99073709442034,TRUE,FALSE,TRUE,FALSE
12,189,1.00415770177099,TRUE,FALSE,TRUE,FALSE
12,190,0.992915184474131,TRUE,FALSE,TRUE,FALSE
12,191,0.97774658668995,FALSE,TRUE,TRUE,FALSE
12,192,1.01128335525229,TRUE,FALSE,TRUE,FALSE
12,193,1.00027407555196,TRUE,FALSE,TRUE,TRUE
12,194,1.01350646998082,TRUE,FALSE,TRUE,FALSE
12,195,0.993654733264672,TRUE,FALSE,TRUE,FALSE
12,196,1.0190563764073,TRUE,FALSE,TRUE,FALSE
12,197,0.998816629153165,TRUE,FALSE,TRUE,FALSE
12,198,1.01765357025187,TRUE,FALSE,TRUE,FALSE
12,199,1.0131150434213,TRUE,FALSE,TRUE,TRUE
12,200,1.04499211061139,FALSE,FALSE,TRUE,FALSE
12,201,1.02196576839294,FALSE,FALSE,TRUE,FALSE
12,202,0.993153559359927,TRUE,FALSE,TRUE,FALSE
12,203,0.994752630188853,TRUE,FALSE,TRUE,FALSE
12,204,0.992388548273664,TRUE,FALSE,TRUE,FALSE
12,205,1.00939432705288,TRUE,FALSE,TRUE,FALSE
12,206,0.989490382943368,TRUE,FALSE,TRUE,FALSE
12,207,0.989343828550887,TRUE,FALSE,TRUE,FALSE
12,208,1.00256502372159,TRUE,FALSE,TRUE,FALSE
12,209,1.01908081887509,TRUE,FALSE,TRUE,TRUE
12,210,1.00130858671809,TRUE,FALSE,TRUE,FALSE
12,211,1.00888871535676,TRUE,FALSE,TRUE,FALSE
12,212,1.00124688195659,TRUE,FALSE,TRUE,FALSE
12,213,0.98118582845612,TRUE,TRUE,TRUE,FALSE
12,214,1.00434606798261,TRUE,FALSE,TRUE,FALSE
12,215,0.992312811903142,TRUE,FALSE,TRUE,TRUE
12,216,0.996825276383213,TRUE,FALSE,TRUE,FALSE
12,217,1.01883546753369,TRUE,FALSE,TRUE,FALSE
12,218,1.00835660997306,TRUE,FALSE,TRUE,FALSE
12,219,1.00073853480847,TRUE,FALSE,TRUE,TRUE
12,220,0.993606801420022,TRUE,FALSE,TRUE,FALSE
12,221,1.00238832192447,TRUE,FALSE,TRUE,FALSE
12,222,0.993270988216968,TRUE,FALSE,TRUE,FALSE
12,223,1.00097619357981,TRUE,FALSE,TRUE,TRUE
12,224,0.988447744096657,TRUE,FALSE,TRUE,FALSE
12,225,1.0006076465192,TRUE,FALSE,TRUE,FALSE
12,226,0.972794848825898,FALSE,TRUE,TRUE,FALSE
12,227,0.989747204156768,TRUE,FALSE,TRUE,FALSE
12,228,1.00118088471957,TRUE,FALSE,TRUE,TRUE
12,229,1.000034871923,TRUE,FALSE,TRUE,FALSE
12,230,1.00135276863727,TRUE,FALSE,TRUE,FALSE
12,231,0.977302789384599,FALSE,TRUE,TRUE,FALSE
12,232,0.999427142289507,TRUE,FALSE,TRUE,FALSE
12,233,0.999297743655204,TRUE,FALSE,TRUE,TRUE
12,234,0.986722169690404,TRUE,FALSE,TRUE,FALSE
12,235,0.993319329844297,TRUE,FALSE,TRUE,FALSE
12,236,0.995466722977165,TRUE,FALSE,TRUE,FALSE
12,237,0.994967640647977,TRUE,FALSE,TRUE,FALSE
12,238,1.01590987574979,TRUE,FALSE,TRUE,FALSE
12,239,0.994810259433898,TRUE,FALSE,TRUE,FALSE
12,240,1.0009406640419,TRUE,FALSE,TRUE,FALSE
12,241,1.01390748314412,TRUE,FALSE,TRUE,FALSE
12,242,0.980481888302737,TRUE,TRUE,TRUE,FALSE
12,243,0.998927935186375,TRUE,FALSE,TRUE,FALSE
12,244,0.980482614619021,TRUE,TRUE,TRUE,FALSE
12,245,1.0110045191029,TRUE,FALSE,TRUE,TRUE
12,246,0.991182302293762,TRUE,FALSE,TRUE,TRUE
12,247,0.997554319183173,TRUE,FALSE,TRUE,FALSE
12,248,1.00479914868105,TRUE,FALSE,TRUE,FALSE
12,249,1.00200741630194,TRUE,FALSE,TRUE,FALSE
12,250,1.01086667557039,TRUE,FALSE,TRUE,FALSE
12,251,1.00133767812082,TRUE,FALSE,TRUE,FALSE
12,252,1.0018611410859,TRUE,FALSE,TRUE,FALSE
12,253,1.01424801859565,TRUE,FALSE,TRUE,FALSE
12,254,0.99979967330811,TRUE,FALSE,TRUE,FALSE
12,255,1.00677414673521,TRUE,FALSE,TRUE,FALSE
12,256,1.00317881502245,TRUE,FALSE,TRUE,FALSE
12,257,1.00133309946197,TRUE,FALSE,TRUE,FALSE
12,258,0.989674533709174,TRUE,FALSE,TRUE,FALSE
12,259,1.00547686966128,TRUE,FALSE,TRUE,TRUE
12,260,1.00147107066778,TRUE,FALSE,TRUE,FALSE
12,261,0.996681736314836,TRUE,FALSE,TRUE,FALSE
12,262,1.00293597176349,TRUE,FALSE,TRUE,FALSE
12,263,1.02247320706635,FALSE,FALSE,TRUE,FALSE
12,264,1.00475871360892,TRUE,FALSE,TRUE,FALSE
12,265,0.982195571873694,TRUE,TRUE,TRUE,FALSE
12,266,1.00593082083852,TRUE,FALSE,TRUE,FALSE
12,267,1.01067957297012,TRUE,FALSE,TRUE,FALSE
12,268,0.999868870767311,TRUE,FALSE,TRUE,TRUE
12,269,0.996451348982785,TRUE,FALSE,TRUE,FALSE
12,270,1.00217494191325,TRUE,FALSE,TRUE,FALSE
12,271,1.01179780909999,TRUE,FALSE,TRUE,FALSE
12,272,1.0126580329373,TRUE,FALSE,TRUE,FALSE
12,273,0.997664844984449,TRUE,FALSE,TRUE,FALSE
12,274,0.994934481280721,TRUE,FALSE,TRUE,FALSE
12,275,0.981230828043642,TRUE,FALSE,TRUE,TRUE
12,276,1.00526647333802,TRUE,FALSE,TRUE,FALSE
12,277,1.00696392693875,TRUE,FALSE,TRUE,FALSE
12,278,0.998443342718136,TRUE,FALSE,TRUE,TRUE
12,279,0.993731296831974,TRUE,FALSE,TRUE,TRUE
12,280,1.00663236788395,TRUE,FALSE,TRUE,FALSE
12,281,0.990124930047003,TRUE,FALSE,TRUE,FALSE
12,282,0.996447559369116,TRUE,FALSE,TRUE,TRUE
12,283,1.0250093541065,FALSE,FALSE,TRUE,FALSE
12,284,0.984908614881162,TRUE,FALSE,TRUE,TRUE
12,285,1.00511854305814,TRUE,FALSE,TRUE,FALSE
12,286,1.00164911165543,TRUE,FALSE,TRUE,FALSE
12,287,0.997132484770708,TRUE,FALSE,TRUE,FALSE
12,288,1.00204642456733,TRUE,FALSE,TRUE,FALSE
12,289,0.992402096305672,TRUE,FALSE,TRUE,FALSE
12,290,1.02134785835716,TRUE,FALSE,TRUE,TRUE
12,291,1.01055591262153,TRUE,FALSE,TRUE,FALSE
12,292,1.00137435374189,TRUE,FALSE,TRUE,FALSE
12,293,1.00545935240609,TRUE,FALSE,TRUE,FALSE
12,294,1.02794199231286,FALSE,FALSE,TRUE,FALSE
12,295,1.00529019505976,TRUE,FALSE,TRUE,FALSE
12,296,0.986692757625921,TRUE,FALSE,TRUE,FALSE
12,297,1.00905863290767,TRUE,FALSE,TRUE,FALSE
12,298,1.01315285147248,TRUE,FALSE,TRUE,FALSE
12,299,0.987278603405534,TRUE,FALSE,TRUE,FALSE
12,300,0.995645196401621,TRUE,FALSE,TRUE,FALSE
12,301,1.00677363111707,TRUE,FALSE,TRUE,TRUE
12,302,1.00780136293595,TRUE,FALSE,TRUE,FALSE
12,303,0.997072782070988,TRUE,FALSE,TRUE,FALSE
12,304,1.01539233738651,TRUE,FALSE,TRUE,FALSE
12,305,0.983413660303094,TRUE,FALSE,TRUE,FALSE
12,306,1.02322346550824,TRUE,FALSE,TRUE,FALSE
12,307,1.01061008563289,TRUE,FALSE,TRUE,FALSE
12,308,1.01410165861942,TRUE,FALSE,TRUE,FALSE
12,309,0.994355629954678,TRUE,FALSE,TRUE,FALSE
12,310,0.99224289263427,TRUE,FALSE,TRUE,FALSE
12,311,1.0118119582948,TRUE,FALSE,TRUE,FALSE
12,312,1.00725549129048,TRUE,FALSE,TRUE,FALSE
12,313,1.01267253406306,TRUE,FALSE,TRUE,FALSE
12,314,1.00103256456623,TRUE,FALSE,TRUE,TRUE
12,315,0.986169000591103,TRUE,FALSE,TRUE,FALSE
12,316,1.01063420668817,TRUE,FALSE,TRUE,FALSE
12,317,1.0191579020077,TRUE,FALSE,TRUE,TRUE
12,318,0.992465754608436,TRUE,FALSE,TRUE,FALSE
12,319,0.998664691283148,TRUE,FALSE,TRUE,FALSE
12,320,1.00227728615193,TRUE,FALSE,TRUE,FALSE
12,321,0.997793838233905,TRUE,FALSE,TRUE,FALSE
12,322,1.00026645113886,TRUE,FALSE,TRUE,FALSE
12,323,0.989000614925846,TRUE,FALSE,TRUE,TRUE
12,324,1.02872648636773,FALSE,FALSE,TRUE,TRUE
12,325,1.00467295799977,TRUE,FALSE,TRUE,FALSE
12,326,0.984975527710853,TRUE,FALSE,TRUE,FALSE
12,327,0.993193752031687,TRUE,FALSE,TRUE,FALSE
12,328,0.998825449537466,TRUE,FALSE,TRUE,FALSE
12,329,1.00646660849075,TRUE,FALSE,TRUE,TRUE
12,330,0.994352517939427,TRUE,FALSE,TRUE,FALSE
12,331,1.00284858176735,TRUE,FALSE,TRUE,TRUE
12,332,1.00023415305912,TRUE,FALSE,TRUE,FALSE
12,333,1.00668154704376,TRUE,FALSE,TRUE,FALSE
12,334,1.00879184105453,TRUE,FALSE,TRUE,FALSE
12,335,1.01234774311122,TRUE,FALSE,TRUE,FALSE
12,336,0.973290312997257,FALSE,TRUE,TRUE,FALSE
12,337,0.997863098479452,TRUE,FALSE,TRUE,FALSE
12,338,1.00721400817314,TRUE,FALSE,TRUE,FALSE
12,339,0.980423239067671,TRUE,TRUE,TRUE,TRUE
12,340,0.995983425272898,TRUE,FALSE,TRUE,FALSE
12,341,1.01738427060444,TRUE,FALSE,TRUE,TRUE
12,342,0.990940474335238,TRUE,FALSE,TRUE,FALSE
12,343,1.00959391545764,TRUE,FALSE,TRUE,TRUE
12,344,0.97523818198296,FALSE,TRUE,TRUE,TRUE
12,345,1.00549885726747,TRUE,FALSE,TRUE,FALSE
12,346,1.00900381011259,TRUE,FALSE,TRUE,FALSE
12,347,0.994092674052173,TRUE,FALSE,TRUE,FALSE
12,348,1.00474102316387,TRUE,FALSE,TRUE,FALSE
12,349,1.00756778979293,TRUE,FALSE,TRUE,FALSE
12,350,1.00411062524673,TRUE,FALSE,TRUE,FALSE
12,351,1.00796894431303,TRUE,FALSE,TRUE,FALSE
12,352,1.0095968701135,TRUE,FALSE,TRUE,FALSE
12,353,0.991745631595173,TRUE,FALSE,TRUE,TRUE
12,354,0.99884550787641,TRUE,FALSE,TRUE,FALSE
12,355,1.01353749372956,TRUE,FALSE,TRUE,FALSE
12,356,0.995158150801144,TRUE,FALSE,TRUE,FALSE
12,357,0.981600541936112,TRUE,FALSE,TRUE,FALSE
12,358,1.00683195613711,TRUE,FALSE,TRUE,FALSE
12,359,1.0274656796132,FALSE,FALSE,TRUE,FALSE
12,360,1.00923793314532,TRUE,FALSE,TRUE,TRUE
12,361,0.999523821605121,TRUE,FALSE,TRUE,TRUE
12,362,1.00708255825377,TRUE,FALSE,TRUE,FALSE
12,363,0.998545242834118,TRUE,FALSE,TRUE,FALSE
12,364,0.992062159905435,TRUE,FALSE,TRUE,FALSE
12,365,1.0293582210324,FALSE,FALSE,TRUE,FALSE
12,366,1.00581949678012,TRUE,FALSE,TRUE,FALSE
12,367,0.982547278749391,TRUE,FALSE,TRUE,FALSE
12,368,1.00927938369004,TRUE,FALSE,TRUE,FALSE
12,369,0.999089542370406,TRUE,FALSE,TRUE,FALSE
12,370,0.986896188430065,TRUE,FALSE,TRUE,FALSE
12,371,1.01843789635313,TRUE,FALSE,TRUE,TRUE
12,372,1.01201485913314,TRUE,FALSE,TRUE,FALSE
12,373,1.00493915466893,TRUE,FALSE,TRUE,FALSE
12,374,1.00340615132775,TRUE,FALSE,TRUE,FALSE
12,375,0.996037481289945,TRUE,FALSE,TRUE,FALSE
12,376,0.979997580854185,TRUE,TRUE,TRUE,TRUE
12,377,0.992835224602404,TRUE,FALSE,TRUE,FALSE
12,378,0.993270873922538,TRUE,FALSE,TRUE,FALSE
12,379,0.990557044403777,TRUE,FALSE,TRUE,FALSE
12,380,0.985078303178633,TRUE,FALSE,TRUE,FALSE
12,381,1.01377452824843,TRUE,FALSE,TRUE,TRUE
12,382,1.00663997513309,TRUE,FALSE,TRUE,FALSE
12,383,1.00736442532775,TRUE,FALSE,TRUE,TRUE
12,384,1.00465273400141,TRUE,FALSE,TRUE,FALSE
12,385,0.991433333494401,TRUE,FALSE,TRUE,FALSE
12,386,0.985231522946461,TRUE,FALSE,TRUE,FALSE
12,387,1.00799932145692,TRUE,FALSE,TRUE,FALSE
12,388,1.01341351591936,TRUE,FALSE,TRUE,FALSE
12,389,0.992812030200362,TRUE,FALSE,TRUE,FALSE
12,390,0.990688444925951,TRUE,FALSE,TRUE,FALSE
12,391,1.00405121587579,TRUE,FALSE,TRUE,FALSE
12,392,1.0019087017727,TRUE,FALSE,TRUE,FALSE
12,393,1.00889805262316,TRUE,FALSE,TRUE,FALSE
12,394,1.00527759742308,TRUE,FALSE,TRUE,FALSE
12,395,1.00581270596449,TRUE,FALSE,TRUE,TRUE
12,396,0.997421263478581,TRUE,FALSE,TRUE,FALSE
12,397,1.00814666727754,TRUE,FALSE,TRUE,FALSE
12,398,0.997636418830107,TRUE,FALSE,TRUE,FALSE
12,399,0.982633791126948,TRUE,FALSE,TRUE,FALSE
12,400,1.02498706416215,FALSE,FALSE,TRUE,FALSE
12,401,0.999449727625632,TRUE,FALSE,TRUE,FALSE
12,402,1.00229613800193,TRUE,FALSE,TRUE,FALSE
12,403,1.00492958713285,TRUE,FALSE,TRUE,TRUE
12,404,0.996925593425619,TRUE,FALSE,TRUE,TRUE
12,405,0.986278089524477,TRUE,FALSE,TRUE,FALSE
12,406,0.991890989047802,TRUE,FALSE,TRUE,FALSE
12,407,1.00025375304513,TRUE,FALSE,TRUE,FALSE
12,408,1.01124884194555,TRUE,FALSE,TRUE,FALSE
12,409,0.998238009127161,TRUE,FALSE,TRUE,FALSE
12,410,1.00487288142242,TRUE,FALSE,TRUE,TRUE
12,411,0.996967299695979,TRUE,FALSE,TRUE,FALSE
12,412,1.00038586291862,TRUE,FALSE,TRUE,FALSE
12,413,0.996927400242438,TRUE,FALSE,TRUE,FALSE
12,414,0.983027417450606,TRUE,FALSE,TRUE,FALSE
12,415,0.984915068981929,TRUE,TRUE,TRUE,TRUE
12,416,1.02202449468818,TRUE,FALSE,TRUE,FALSE
12,417,1.00424039496775,TRUE,FALSE,TRUE,FALSE
12,418,1.00545775777722,TRUE,FALSE,TRUE,FALSE
12,419,1.0019488142649,TRUE,FALSE,TRUE,FALSE
12,420,0.992570550073479,TRUE,FALSE,TRUE,FALSE
12,421,0.992711636355153,TRUE,FALSE,TRUE,FALSE
12,422,1.00057833926922,TRUE,FALSE,TRUE,FALSE
12,423,1.00211039199928,TRUE,FALSE,TRUE,FALSE
12,424,0.986860478675984,TRUE,FALSE,TRUE,FALSE
12,425,1.00151349859801,TRUE,FALSE,TRUE,FALSE
12,426,1.00420083884961,TRUE,FALSE,TRUE,FALSE
12,427,0.998456137938431,TRUE,FALSE,TRUE,TRUE
12,428,0.998607062948954,TRUE,FALSE,TRUE,FALSE
12,429,0.990964394958268,TRUE,FALSE,TRUE,FALSE
12,430,1.02163187270923,TRUE,FALSE,TRUE,FALSE
12,431,0.994123492517933,TRUE,FALSE,TRUE,FALSE
12,432,0.976277014160883,FALSE,TRUE,TRUE,FALSE
12,433,1.00805809951907,TRUE,FALSE,TRUE,TRUE
12,434,0.995790176303612,TRUE,FALSE,TRUE,TRUE
12,435,0.973011046395693,FALSE,TRUE,TRUE,FALSE
12,436,0.97666995138255,FALSE,TRUE,TRUE,FALSE
12,437,1.000278992121,TRUE,FALSE,TRUE,FALSE
12,438,0.983113243230365,TRUE,FALSE,TRUE,FALSE
12,439,1.02139794772537,TRUE,FALSE,TRUE,FALSE
12,440,0.99958295139621,TRUE,FALSE,TRUE,FALSE
12,441,0.998638531810034,TRUE,FALSE,TRUE,FALSE
12,442,1.00182937085761,TRUE,FALSE,TRUE,FALSE
12,443,0.99456039953655,TRUE,FALSE,TRUE,FALSE
12,444,0.996022179704178,TRUE,FALSE,TRUE,FALSE
12,445,0.988129543269009,TRUE,FALSE,TRUE,FALSE
12,446,1.01005568936822,TRUE,FALSE,TRUE,FALSE
12,447,1.01928549177878,FALSE,FALSE,TRUE,FALSE
12,448,0.985632787621202,TRUE,FALSE,TRUE,FALSE
12,449,0.992642566934355,TRUE,FALSE,TRUE,FALSE
12,450,1.01148874254556,TRUE,FALSE,TRUE,FALSE
12,451,0.988896547798834,TRUE,FALSE,TRUE,FALSE
12,452,1.01034121434517,TRUE,FALSE,TRUE,TRUE
12,453,0.99500228829979,TRUE,FALSE,TRUE,FALSE
12,454,0.980602131497206,TRUE,TRUE,TRUE,TRUE
12,455,1.00250270078924,TRUE,FALSE,TRUE,FALSE
12,456,0.996582821192625,TRUE,FALSE,TRUE,FALSE
12,457,0.98175176826263,TRUE,FALSE,TRUE,FALSE
12,458,1.00591532620391,TRUE,FALSE,TRUE,FALSE
12,459,0.995926406975839,TRUE,FALSE,TRUE,TRUE
12,460,0.99580278198824,TRUE,FALSE,TRUE,FALSE
12,461,1.01302789520489,TRUE,FALSE,TRUE,FALSE
12,462,0.991208173948997,TRUE,FALSE,TRUE,FALSE
12,463,1.01544227801274,TRUE,FALSE,TRUE,FALSE
12,464,0.969452085349188,FALSE,TRUE,TRUE,FALSE
12,465,0.973838008080732,FALSE,TRUE,TRUE,FALSE
12,466,0.998327174011753,TRUE,FALSE,TRUE,TRUE
12,467,0.981362583546942,TRUE,TRUE,TRUE,FALSE
12,468,1.00101258978381,TRUE,FALSE,TRUE,FALSE
12,469,1.01250324438275,TRUE,FALSE,TRUE,FALSE
12,470,1.01143740452144,TRUE,FALSE,TRUE,TRUE
12,471,1.00540483016428,TRUE,FALSE,TRUE,TRUE
12,472,1.02865467866311,FALSE,FALSE,TRUE,FALSE
12,473,0.993089060195183,TRUE,FALSE,TRUE,FALSE
12,474,1.00539997017106,TRUE,FALSE,TRUE,FALSE
12,475,0.986171238911319,TRUE,FALSE,TRUE,FALSE
12,476,0.993959390159718,TRUE,FALSE,TRUE,FALSE
12,477,1.00083970864406,TRUE,FALSE,TRUE,FALSE
12,478,0.976359960498268,FALSE,TRUE,TRUE,FALSE
12,479,1.00095175815524,TRUE,FALSE,TRUE,FALSE
12,480,0.992442996127215,TRUE,FALSE,TRUE,FALSE
12,481,0.99423197198192,TRUE,FALSE,TRUE,FALSE
12,482,1.00594094431456,TRUE,FALSE,TRUE,FALSE
12,483,0.99982985245245,TRUE,FALSE,TRUE,FALSE
12,484,1.0215691249184,TRUE,FALSE,TRUE,FALSE
12,485,0.994470629559714,TRUE,FALSE,TRUE,FALSE
12,486,0.99358209771588,TRUE,FALSE,TRUE,FALSE
12,487,1.00636631658171,TRUE,FALSE,TRUE,FALSE
12,488,0.986925059136139,TRUE,FALSE,TRUE,FALSE
12,489,0.989253794474195,TRUE,FALSE,TRUE,FALSE
12,490,0.986574651726414,TRUE,FALSE,TRUE,FALSE
12,491,0.990104390075576,TRUE,FALSE,TRUE,TRUE
12,492,1.00590392120577,TRUE,FALSE,TRUE,FALSE
12,493,1.00524120313062,TRUE,FALSE,TRUE,FALSE
12,494,0.996329131328959,TRUE,FALSE,TRUE,TRUE
12,495,0.999637004996721,TRUE,FALSE,TRUE,FALSE
12,496,0.989262581972647,TRUE,FALSE,TRUE,FALSE
12,497,0.994293315055916,TRUE,FALSE,TRUE,FALSE
12,498,1.00964229222652,TRUE,FALSE,TRUE,FALSE
12,499,0.981226372576833,TRUE,FALSE,TRUE,FALSE
12,500,0.998444014018768,TRUE,FALSE,FALSE,FALSE
12,501,1.00338606882532,TRUE,FALSE,TRUE,FALSE
12,502,0.987784538095997,TRUE,FALSE,TRUE,FALSE
12,503,1.00213605660634,TRUE,FALSE,TRUE,TRUE
12,504,0.997352436541395,TRUE,FALSE,TRUE,FALSE
12,505,1.0072214050102,TRUE,FALSE,TRUE,FALSE
12,506,1.01192823453262,TRUE,FALSE,TRUE,FALSE
12,507,1.01257955085811,TRUE,FALSE,TRUE,FALSE
12,508,1.01489706876005,TRUE,FALSE,TRUE,TRUE
12,509,0.966754740486678,FALSE,TRUE,TRUE,FALSE
12,510,1.000341208605,TRUE,FALSE,TRUE,FALSE
12,511,0.991143422894111,TRUE,FALSE,TRUE,FALSE
12,512,0.994004295935008,TRUE,FALSE,TRUE,TRUE
12,513,1.00570743185858,TRUE,FALSE,TRUE,FALSE
12,514,0.997307426532929,TRUE,FALSE,TRUE,FALSE
12,515,1.01150763483835,TRUE,FALSE,TRUE,TRUE
12,516,0.999119481545168,TRUE,FALSE,TRUE,TRUE
12,517,1.01814201713015,TRUE,FALSE,TRUE,FALSE
12,518,1.01578535479852,TRUE,FALSE,TRUE,FALSE
12,519,0.993593515468564,TRUE,FALSE,TRUE,FALSE
12,520,0.993977812697736,TRUE,FALSE,TRUE,TRUE
12,521,0.996506215345839,TRUE,FALSE,TRUE,FALSE
12,522,0.994480234878684,TRUE,FALSE,TRUE,FALSE
12,523,0.998110598533721,TRUE,FALSE,TRUE,FALSE
12,524,0.997343728416146,TRUE,FALSE,TRUE,FALSE
12,525,1.01714532123596,TRUE,FALSE,TRUE,FALSE
12,526,0.981396300432168,TRUE,FALSE,TRUE,TRUE
12,527,0.99362357986804,TRUE,FALSE,TRUE,FALSE
12,528,0.996247299863227,TRUE,FALSE,TRUE,FALSE
12,529,1.00557221906288,TRUE,FALSE,TRUE,FALSE
12,530,0.992695674074802,TRUE,FALSE,TRUE,FALSE
12,531,1.01636432396565,TRUE,FALSE,TRUE,FALSE
12,532,0.987512455819489,TRUE,FALSE,TRUE,TRUE
12,533,1.01859612346493,TRUE,FALSE,TRUE,FALSE
12,534,1.00582268219078,TRUE,FALSE,TRUE,FALSE
12,535,1.00944881690277,TRUE,FALSE,TRUE,FALSE
12,536,1.01088742453092,TRUE,FALSE,TRUE,FALSE
12,537,0.988033208355236,TRUE,FALSE,TRUE,FALSE
12,538,0.995549827174565,TRUE,FALSE,TRUE,FALSE
12,539,0.995833678378042,TRUE,FALSE,TRUE,FALSE
12,540,0.979877085322525,TRUE,TRUE,TRUE,FALSE
12,541,0.99882280466931,TRUE,FALSE,TRUE,FALSE
12,542,0.988537014975105,TRUE,FALSE,TRUE,TRUE
12,543,1.00431875311306,TRUE,FALSE,TRUE,FALSE
12,544,1.00363972990747,TRUE,FALSE,TRUE,FALSE
12,545,0.986199748985777,TRUE,FALSE,TRUE,FALSE
12,546,1.00951476676621,TRUE,FALSE,TRUE,TRUE
12,547,0.980751509395604,TRUE,TRUE,TRUE,FALSE
12,548,0.997815427856255,TRUE,FALSE,TRUE,FALSE
12,549,1.00440850254887,TRUE,FALSE,TRUE,FALSE
12,550,1.00047305218062,TRUE,FALSE,TRUE,FALSE
12,551,1.01824080572865,TRUE,FALSE,TRUE,FALSE
12,552,1.0060695528559,TRUE,FALSE,TRUE,FALSE
12,553,1.00094633408417,TRUE,FALSE,TRUE,FALSE
12,554,1.00203474314753,TRUE,FALSE,TRUE,FALSE
12,555,0.992662361530123,TRUE,FALSE,TRUE,FALSE
12,556,0.979882116730079,TRUE,TRUE,TRUE,TRUE
12,557,1.01702593007088,TRUE,FALSE,TRUE,FALSE
12,558,1.00769198324128,TRUE,FALSE,TRUE,FALSE
12,559,1.00987779332605,TRUE,FALSE,TRUE,FALSE
12,560,1.00784989506794,TRUE,FALSE,TRUE,FALSE
12,561,1.01722133152393,TRUE,FALSE,TRUE,FALSE
12,562,1.00160594053499,TRUE,FALSE,TRUE,TRUE
12,563,0.997308044147289,TRUE,FALSE,TRUE,TRUE
12,564,0.988971779542586,TRUE,FALSE,TRUE,TRUE
12,565,1.01207679875416,TRUE,FALSE,TRUE,TRUE
12,566,0.995874084032326,TRUE,FALSE,TRUE,FALSE
12,567,1.00056635280605,TRUE,FALSE,TRUE,FALSE
12,568,1.00952857545586,TRUE,FALSE,TRUE,FALSE
12,569,1.00377402888655,TRUE,FALSE,TRUE,FALSE
12,570,1.01025081153647,TRUE,FALSE,TRUE,FALSE
12,571,0.996467275922,TRUE,FALSE,TRUE,TRUE
12,572,0.995131536522711,TRUE,FALSE,TRUE,FALSE
12,573,0.989005600601636,TRUE,FALSE,TRUE,FALSE
12,574,0.985000634301066,TRUE,FALSE,TRUE,FALSE
12,575,0.996611856437054,TRUE,FALSE,TRUE,TRUE
12,576,1.00281889638721,TRUE,FALSE,TRUE,TRUE
12,577,0.996887787186355,TRUE,FALSE,TRUE,FALSE
12,578,1.00485257773945,TRUE,FALSE,TRUE,FALSE
12,579,1.00341846048164,TRUE,FALSE,TRUE,FALSE
12,580,1.00033094493536,TRUE,FALSE,TRUE,FALSE
12,581,0.995775944340635,TRUE,FALSE,TRUE,FALSE
12,582,0.999570823661699,TRUE,FALSE,TRUE,TRUE
12,583,0.997115233437479,TRUE,FALSE,TRUE,FALSE
12,584,0.989742458583067,TRUE,FALSE,TRUE,FALSE
12,585,0.991747102581668,TRUE,FALSE,TRUE,FALSE
12,586,1.01352618051176,TRUE,FALSE,TRUE,FALSE
12,587,0.998003953692584,TRUE,FALSE,TRUE,FALSE
12,588,1.00012872313752,TRUE,FALSE,TRUE,FALSE
12,589,0.999951811605652,TRUE,FALSE,TRUE,FALSE
12,590,0.985547259938897,TRUE,FALSE,TRUE,FALSE
12,591,1.00064609437886,TRUE,FALSE,TRUE,FALSE
12,592,1.00339178169488,TRUE,FALSE,TRUE,FALSE
12,593,0.995139813282368,TRUE,FALSE,TRUE,FALSE
12,594,0.998491618059467,TRUE,FALSE,TRUE,FALSE
12,595,0.992439498133896,TRUE,FALSE,TRUE,FALSE
12,596,1.01720830871118,TRUE,FALSE,TRUE,FALSE
12,597,0.99951075146965,TRUE,FALSE,TRUE,FALSE
12,598,1.01799857810369,TRUE,FALSE,TRUE,TRUE
12,599,0.976971107429389,TRUE,TRUE,TRUE,FALSE
12,600,0.998625449185051,TRUE,FALSE,TRUE,FALSE
12,601,0.991858133161928,TRUE,FALSE,TRUE,FALSE
12,602,1.00226158567189,TRUE,FALSE,TRUE,FALSE
12,603,0.971332866470706,FALSE,TRUE,TRUE,FALSE
12,604,0.99522023429487,TRUE,FALSE,TRUE,FALSE
12,605,0.995656366607667,TRUE,FALSE,TRUE,FALSE
12,606,1.01048464475249,TRUE,FALSE,TRUE,FALSE
12,607,1.00684983823118,TRUE,FALSE,TRUE,FALSE
12,608,0.996818654031896,TRUE,FALSE,TRUE,FALSE
12,609,1.00957747302165,TRUE,FALSE,TRUE,TRUE
12,610,0.980860551504436,FALSE,TRUE,TRUE,FALSE
12,611,0.996208077074069,TRUE,FALSE,TRUE,FALSE
12,612,1.00768268679433,TRUE,FALSE,TRUE,FALSE
12,613,1.00745350543142,TRUE,FALSE,TRUE,FALSE
12,614,0.986935388432518,TRUE,FALSE,TRUE,FALSE
12,615,0.993563698627929,TRUE,FALSE,TRUE,FALSE
12,616,1.01889878640249,TRUE,FALSE,TRUE,FALSE
12,617,0.988589461670106,TRUE,FALSE,TRUE,FALSE
12,618,1.00159042078841,TRUE,FALSE,TRUE,FALSE
12,619,0.991736269467181,TRUE,FALSE,TRUE,FALSE
12,620,1.00936761141619,TRUE,FALSE,TRUE,FALSE
12,621,1.01201441317177,TRUE,FALSE,TRUE,FALSE
12,622,1.01876340559993,TRUE,FALSE,TRUE,FALSE
12,623,1.00159505648224,TRUE,FALSE,TRUE,FALSE
12,624,0.99141144902093,TRUE,FALSE,TRUE,FALSE
12,625,1.02700562174442,FALSE,FALSE,TRUE,FALSE
12,626,1.00862970724138,TRUE,FALSE,TRUE,FALSE
12,627,0.987200674324838,TRUE,FALSE,TRUE,FALSE
12,628,1.00664917308104,TRUE,FALSE,TRUE,FALSE
12,629,0.991874023632505,TRUE,FALSE,TRUE,FALSE
12,630,1.01575330105402,TRUE,FALSE,TRUE,FALSE
12,631,0.999784503035423,TRUE,FALSE,TRUE,FALSE
12,632,1.00154148355974,TRUE,FALSE,TRUE,FALSE
12,633,1.0102130117939,TRUE,FALSE,TRUE,FALSE
12,634,1.00121957083708,TRUE,FALSE,TRUE,TRUE
12,635,1.00761535991536,TRUE,FALSE,TRUE,FALSE
12,636,0.997445579991111,TRUE,FALSE,TRUE,TRUE
12,637,1.01181169044166,TRUE,FALSE,TRUE,FALSE
12,638,1.01160854870238,TRUE,FALSE,TRUE,TRUE
12,639,0.989079209119562,TRUE,FALSE,TRUE,FALSE
12,640,1.00571216392051,TRUE,FALSE,TRUE,FALSE
12,641,1.00349110168801,TRUE,FALSE,TRUE,FALSE
12,642,0.993267609339206,TRUE,FALSE,TRUE,FALSE
12,643,0.977565732658706,TRUE,TRUE,TRUE,FALSE
12,644,0.998593808863103,TRUE,FALSE,TRUE,FALSE
12,645,1.00188859859594,TRUE,FALSE,TRUE,FALSE
12,646,1.00543108527376,TRUE,FALSE,TRUE,TRUE
12,647,1.00119230503169,TRUE,FALSE,TRUE,FALSE
12,648,0.99760028068268,TRUE,FALSE,TRUE,FALSE
12,649,0.995652096887388,TRUE,FALSE,TRUE,FALSE
12,650,0.981359761565974,TRUE,FALSE,TRUE,FALSE
12,651,1.01708398498065,TRUE,FALSE,TRUE,FALSE
12,652,0.993832298661963,TRUE,FALSE,TRUE,FALSE
12,653,1.00050080828474,TRUE,FALSE,TRUE,FALSE
12,654,0.998325350626433,TRUE,FALSE,TRUE,FALSE
12,655,1.00803246421137,TRUE,FALSE,TRUE,FALSE
12,656,1.0076597743148,TRUE,FALSE,TRUE,FALSE
12,657,1.00743799523977,TRUE,FALSE,TRUE,FALSE
12,658,0.992938706174606,TRUE,FALSE,TRUE,FALSE
12,659,0.989559827837865,TRUE,FALSE,TRUE,FALSE
12,660,0.990322742700945,TRUE,FALSE,TRUE,FALSE
12,661,0.992952481676038,TRUE,FALSE,TRUE,FALSE
12,662,1.01869826096611,TRUE,FALSE,TRUE,FALSE
12,663,1.00548387440779,TRUE,FALSE,TRUE,FALSE
12,664,0.992570950356683,TRUE,FALSE,TRUE,FALSE
12,665,0.999704039767547,TRUE,FALSE,TRUE,TRUE
12,666,0.997158811779348,TRUE,FALSE,TRUE,TRUE
12,667,1.0073567635233,TRUE,FALSE,TRUE,TRUE
12,668,1.01463324124039,TRUE,FALSE,TRUE,FALSE
12,669,0.997042514775316,TRUE,FALSE,TRUE,FALSE
12,670,0.982204726815829,TRUE,TRUE,TRUE,FALSE
12,671,0.98936028351344,TRUE,FALSE,TRUE,FALSE
12,672,0.979582965130212,TRUE,TRUE,TRUE,TRUE
12,673,0.999601715298451,TRUE,FALSE,TRUE,FALSE
12,674,1.00508298697925,TRUE,FALSE,TRUE,FALSE
12,675,1.01738569745109,TRUE,FALSE,TRUE,FALSE
12,676,0.992561632240637,TRUE,FALSE,TRUE,FALSE
12,677,0.997540568339498,TRUE,FALSE,TRUE,FALSE
12,678,0.993493503284408,TRUE,FALSE,TRUE,FALSE
12,679,1.01217212892439,TRUE,FALSE,TRUE,TRUE
12,680,0.999263917436265,TRUE,FALSE,TRUE,FALSE
12,681,0.993227312352339,TRUE,FALSE,TRUE,FALSE
12,682,1.00952477179247,TRUE,FALSE,TRUE,TRUE
12,683,1.00146146810842,TRUE,FALSE,TRUE,FALSE
12,684,1.01452814630835,TRUE,FALSE,TRUE,FALSE
12,685,0.994873729179764,TRUE,FALSE,TRUE,FALSE
12,686,0.985482794050769,TRUE,FALSE,TRUE,FALSE
12,687,1.01221826416847,TRUE,FALSE,TRUE,FALSE
12,688,1.01707063827027,TRUE,FALSE,TRUE,TRUE
12,689,1.02781407964567,FALSE,FALSE,TRUE,FALSE
12,690,0.988157669681074,TRUE,FALSE,TRUE,FALSE
12,691,1.02549812751831,FALSE,FALSE,TRUE,FALSE
12,692,0.99973421391348,TRUE,FALSE,TRUE,FALSE
12,693,1.0088381609518,TRUE,FALSE,TRUE,FALSE
12,694,1.00125584478602,TRUE,FALSE,TRUE,FALSE
12,695,1.00576455381517,TRUE,FALSE,TRUE,TRUE
12,696,1.01769580408589,TRUE,FALSE,TRUE,FALSE
12,697,1.00428245099839,TRUE,FALSE,TRUE,FALSE
12,698,0.985753153182255,TRUE,FALSE,TRUE,FALSE
12,699,0.998088498862253,TRUE,FALSE,TRUE,TRUE
12,700,1.00573227289833,TRUE,FALSE,TRUE,FALSE
12,701,1.00911365942647,TRUE,FALSE,TRUE,FALSE
12,702,1.01236571561302,TRUE,FALSE,TRUE,FALSE
12,703,1.00812850776769,TRUE,FALSE,TRUE,FALSE
12,704,1.00345135448151,TRUE,FALSE,TRUE,FALSE
12,705,1.01652315672242,TRUE,FALSE,TRUE,FALSE
12,706,0.995090806889677,TRUE,FALSE,TRUE,TRUE
12,707,0.996033235611565,TRUE,FALSE,TRUE,TRUE
12,708,1.0136612066719,TRUE,FALSE,TRUE,TRUE
12,709,0.97338739290899,FALSE,TRUE,TRUE,FALSE
12,710,1.00782330297435,TRUE,FALSE,TRUE,TRUE
12,711,1.00835276721984,TRUE,FALSE,TRUE,FALSE
12,712,1.00175819095931,TRUE,FALSE,TRUE,FALSE
12,713,0.99384975020241,TRUE,FALSE,TRUE,FALSE
12,714,1.00374633106522,TRUE,FALSE,TRUE,FALSE
12,715,1.01228919117429,TRUE,FALSE,TRUE,FALSE
12,716,0.982614718458759,TRUE,FALSE,TRUE,FALSE
12,717,0.996686847207675,TRUE,FALSE,TRUE,FALSE
12,718,1.00527836047729,TRUE,FALSE,TRUE,FALSE
12,719,0.995277798507306,TRUE,FALSE,TRUE,FALSE
12,720,0.979883278900373,TRUE,TRUE,TRUE,FALSE
12,721,0.982080030976446,TRUE,FALSE,TRUE,FALSE
12,722,1.00431290519289,TRUE,FALSE,TRUE,TRUE
12,723,0.979107009553942,FALSE,TRUE,TRUE,FALSE
12,724,0.995346660394792,TRUE,FALSE,TRUE,FALSE
12,725,1.01916963719101,TRUE,FALSE,TRUE,FALSE
12,726,0.991817346995778,TRUE,FALSE,TRUE,FALSE
12,727,1.00706817261063,TRUE,FALSE,TRUE,FALSE
12,728,1.00513067958651,TRUE,FALSE,TRUE,FALSE
12,729,0.997075432244507,TRUE,FALSE,TRUE,FALSE
12,730,0.993116691595531,TRUE,FALSE,TRUE,FALSE
12,731,0.996902717350085,TRUE,FALSE,TRUE,FALSE
12,732,0.996752551539276,TRUE,FALSE,TRUE,FALSE
12,733,0.994665026536678,TRUE,FALSE,TRUE,FALSE
12,734,1.01155266624088,TRUE,FALSE,TRUE,FALSE
12,735,1.0099212806659,TRUE,FALSE,TRUE,FALSE
12,736,1.00377810512858,TRUE,FALSE,TRUE,FALSE
12,737,0.980399617286393,TRUE,TRUE,TRUE,FALSE
12,738,0.994352297173582,TRUE,FALSE,TRUE,TRUE
12,739,0.96070029754164,FALSE,TRUE,TRUE,FALSE
12,740,0.996063905568266,TRUE,FALSE,TRUE,TRUE
12,741,1.01721001341486,TRUE,FALSE,TRUE,FALSE
12,742,0.986611918547093,TRUE,FALSE,TRUE,TRUE
12,743,0.990196337685059,TRUE,FALSE,TRUE,FALSE
12,744,0.999185093744062,TRUE,FALSE,TRUE,TRUE
12,745,1.00301963255591,TRUE,FALSE,TRUE,FALSE
12,746,0.996381189340389,TRUE,FALSE,TRUE,FALSE
12,747,0.988517097545225,TRUE,FALSE,TRUE,TRUE
12,748,0.992004240826986,TRUE,FALSE,TRUE,FALSE
12,749,0.994108894680468,TRUE,FALSE,TRUE,FALSE
12,750,0.995860479630574,TRUE,FALSE,TRUE,FALSE
12,751,1.01106805149373,TRUE,FALSE,TRUE,FALSE
12,752,1.00126399499287,TRUE,FALSE,TRUE,FALSE
12,753,0.985976242700035,TRUE,TRUE,TRUE,FALSE
12,754,1.0006948512517,TRUE,FALSE,TRUE,TRUE
12,755,1.01152712589486,TRUE,FALSE,TRUE,FALSE
12,756,1.00612167885039,TRUE,FALSE,TRUE,FALSE
12,757,1.00542074138278,TRUE,FALSE,TRUE,FALSE
12,758,0.996146021389044,TRUE,FALSE,TRUE,FALSE
12,759,0.98999484510733,TRUE,FALSE,TRUE,FALSE
12,760,1.00570642654911,TRUE,FALSE,TRUE,FALSE
12,761,0.99026690774892,TRUE,FALSE,TRUE,FALSE
12,762,1.01168248922141,TRUE,FALSE,TRUE,FALSE
12,763,1.01028792571646,TRUE,FALSE,TRUE,FALSE
12,764,0.985900366085654,TRUE,FALSE,TRUE,FALSE
12,765,1.00300540587383,TRUE,FALSE,TRUE,FALSE
12,766,1.00979700728369,TRUE,FALSE,TRUE,FALSE
12,767,1.00656254506132,TRUE,FALSE,TRUE,FALSE
12,768,0.992557680298482,TRUE,FALSE,TRUE,FALSE
12,769,0.998069808959857,TRUE,FALSE,TRUE,FALSE
12,770,1.0191468485319,TRUE,FALSE,TRUE,FALSE
12,771,0.998784267221264,TRUE,FALSE,TRUE,FALSE
12,772,0.992773928448386,TRUE,FALSE,TRUE,FALSE
12,773,0.979320231612809,FALSE,TRUE,TRUE,FALSE
12,774,0.98536512048003,TRUE,FALSE,TRUE,FALSE
12,775,1.00837417016918,TRUE,FALSE,TRUE,FALSE
12,776,1.00259872777096,TRUE,FALSE,TRUE,FALSE
12,777,1.01213606038218,TRUE,FALSE,TRUE,FALSE
12,778,1.00795670742084,TRUE,FALSE,TRUE,FALSE
12,779,1.0212150250176,FALSE,FALSE,TRUE,TRUE
12,780,1.00346631531011,TRUE,FALSE,TRUE,FALSE
12,781,0.992045905223583,TRUE,FALSE,TRUE,FALSE
12,782,0.99401166078173,TRUE,FALSE,TRUE,FALSE
12,783,1.00536982124221,TRUE,FALSE,TRUE,FALSE
12,784,1.00822931347417,TRUE,FALSE,TRUE,FALSE
12,785,0.989696531251757,TRUE,FALSE,TRUE,FALSE
12,786,1.00179164884721,TRUE,FALSE,TRUE,FALSE
12,787,1.01000969487668,TRUE,FALSE,TRUE,TRUE
12,788,0.986819001974533,TRUE,FALSE,TRUE,FALSE
12,789,0.998543618402475,TRUE,FALSE,TRUE,FALSE
12,790,0.996317168331455,TRUE,FALSE,TRUE,FALSE
12,791,1.00224022029908,TRUE,FALSE,TRUE,FALSE
12,792,1.0142250726563,TRUE,FALSE,TRUE,FALSE
12,793,0.998710599646868,TRUE,FALSE,TRUE,FALSE
12,794,1.0180881755603,TRUE,FALSE,TRUE,FALSE
12,795,1.00103872652992,TRUE,FALSE,TRUE,FALSE
12,796,0.994547849148481,TRUE,FALSE,TRUE,FALSE
12,797,0.995715787376298,TRUE,FALSE,TRUE,FALSE
12,798,0.992755086573479,TRUE,FALSE,TRUE,FALSE
12,799,0.990496087704753,TRUE,FALSE,TRUE,FALSE
12,800,1.01250532524577,TRUE,FALSE,TRUE,FALSE
12,801,1.00084995602029,TRUE,FALSE,TRUE,FALSE
12,802,1.00856491782598,TRUE,FALSE,TRUE,TRUE
12,803,1.01378951052724,TRUE,FALSE,TRUE,FALSE
12,804,0.988635808046303,TRUE,FALSE,TRUE,FALSE
12,805,0.986937757432814,TRUE,FALSE,TRUE,FALSE
12,806,0.984884537962351,TRUE,FALSE,TRUE,FALSE
12,807,1.00393279712691,TRUE,FALSE,TRUE,FALSE
12,808,0.991563611225577,TRUE,FALSE,TRUE,FALSE
12,809,0.983111093312484,TRUE,TRUE,TRUE,FALSE
12,810,0.994187494708916,TRUE,FALSE,TRUE,FALSE
12,811,0.973726642379183,FALSE,TRUE,TRUE,TRUE
12,812,1.00680248604623,TRUE,FALSE,TRUE,FALSE
12,813,0.994076021089286,TRUE,FALSE,TRUE,FALSE
12,814,0.98691949050457,TRUE,FALSE,TRUE,FALSE
12,815,1.00785948609533,TRUE,FALSE,TRUE,FALSE
12,816,1.00553619683622,TRUE,FALSE,TRUE,FALSE
12,817,1.00152176809865,TRUE,FALSE,TRUE,FALSE
12,818,1.00442578182375,TRUE,FALSE,TRUE,FALSE
12,819,0.998679691790484,TRUE,FALSE,TRUE,FALSE
12,820,1.01077733167492,TRUE,FALSE,TRUE,FALSE
12,821,1.00320488776254,TRUE,FALSE,TRUE,FALSE
12,822,1.01107922715907,TRUE,FALSE,TRUE,FALSE
12,823,1.00497498089432,TRUE,FALSE,TRUE,FALSE
12,824,1.00190240464488,TRUE,FALSE,TRUE,FALSE
12,825,0.995400570329461,TRUE,FALSE,TRUE,TRUE
12,826,1.00381620285715,TRUE,FALSE,TRUE,FALSE
12,827,1.01354318645662,TRUE,FALSE,TRUE,TRUE
12,828,1.0151850271975,TRUE,FALSE,TRUE,FALSE
12,829,1.00325631413944,TRUE,FALSE,TRUE,FALSE
12,830,0.986252645900552,TRUE,FALSE,TRUE,FALSE
12,831,1.00173930986451,TRUE,FALSE,TRUE,TRUE
12,832,1.00034639503864,TRUE,FALSE,TRUE,FALSE
12,833,0.995730277400275,TRUE,FALSE,TRUE,FALSE
12,834,0.998227915591808,TRUE,FALSE,TRUE,FALSE
12,835,0.973036547055652,FALSE,TRUE,TRUE,FALSE
12,836,1.01845028178697,TRUE,FALSE,TRUE,FALSE
12,837,1.00857823962064,TRUE,FALSE,TRUE,FALSE
12,838,1.01359757676258,TRUE,FALSE,TRUE,TRUE
12,839,0.999677633221561,TRUE,FALSE,TRUE,TRUE
12,840,0.99633180147123,TRUE,FALSE,TRUE,FALSE
12,841,0.995432261638249,TRUE,FALSE,TRUE,FALSE
12,842,1.00310445687493,TRUE,FALSE,TRUE,FALSE
12,843,1.00684888932612,TRUE,FALSE,TRUE,FALSE
12,844,1.00335753295383,TRUE,FALSE,TRUE,FALSE
12,845,1.01641515894742,TRUE,FALSE,TRUE,FALSE
12,846,0.990049536009139,TRUE,FALSE,TRUE,TRUE
12,847,1.00659212886498,TRUE,FALSE,TRUE,FALSE
12,848,0.991756747393294,TRUE,FALSE,TRUE,FALSE
12,849,0.99636169369493,TRUE,FALSE,TRUE,FALSE
12,850,1.00995079255019,TRUE,FALSE,TRUE,FALSE
12,851,1.00275207163513,TRUE,FALSE,TRUE,FALSE
12,852,1.01319238396782,TRUE,FALSE,TRUE,FALSE
12,853,1.00738174362695,TRUE,FALSE,TRUE,FALSE
12,854,0.991278006629279,TRUE,FALSE,TRUE,FALSE
12,855,0.99506496857727,TRUE,FALSE,TRUE,FALSE
12,856,0.998127470291622,TRUE,FALSE,TRUE,FALSE
12,857,1.00695385117081,TRUE,FALSE,TRUE,FALSE
12,858,0.998648897139258,TRUE,FALSE,TRUE,FALSE
12,859,1.00789408328707,TRUE,FALSE,TRUE,FALSE
12,860,1.00928545414636,TRUE,FALSE,TRUE,TRUE
12,861,0.98466618592448,TRUE,FALSE,TRUE,FALSE
12,862,1.01074100187409,TRUE,FALSE,TRUE,FALSE
12,863,1.00626048320913,TRUE,FALSE,TRUE,FALSE
12,864,1.02201877368176,TRUE,FALSE,TRUE,FALSE
12,865,0.992937053435004,TRUE,FALSE,TRUE,FALSE
12,866,0.997505354933747,TRUE,FALSE,TRUE,TRUE
12,867,0.98145532240812,TRUE,FALSE,TRUE,FALSE
12,868,1.00456103668883,TRUE,FALSE,TRUE,FALSE
12,869,0.993176962588955,TRUE,FALSE,TRUE,FALSE
12,870,1.00608307964344,TRUE,FALSE,TRUE,FALSE
12,871,1.00494950331449,TRUE,FALSE,TRUE,FALSE
12,872,0.996633240588161,TRUE,FALSE,TRUE,TRUE
12,873,1.01458347682488,TRUE,FALSE,TRUE,FALSE
12,874,0.987584543826256,TRUE,FALSE,TRUE,FALSE
12,875,0.996271375648559,TRUE,FALSE,TRUE,TRUE
12,876,1.01674414262355,TRUE,FALSE,TRUE,FALSE
12,877,0.990340405491996,TRUE,FALSE,TRUE,FALSE
12,878,0.990176586253242,TRUE,FALSE,TRUE,FALSE
12,879,1.00185291721889,TRUE,FALSE,TRUE,FALSE
12,880,1.00188639228399,TRUE,FALSE,TRUE,TRUE
12,881,1.00168957752868,TRUE,FALSE,TRUE,FALSE
12,882,0.983940704574082,TRUE,FALSE,TRUE,FALSE
12,883,1.01790543064378,TRUE,FALSE,TRUE,FALSE
12,884,0.994953229209395,TRUE,FALSE,TRUE,FALSE
12,885,1.00956237421617,TRUE,FALSE,TRUE,FALSE
12,886,1.00689632749581,TRUE,FALSE,TRUE,FALSE
12,887,0.982945639794256,TRUE,TRUE,TRUE,FALSE
12,888,1.00450538250095,TRUE,FALSE,TRUE,TRUE
12,889,1.00257004157564,TRUE,FALSE,TRUE,FALSE
12,890,1.00024637050613,TRUE,FALSE,TRUE,FALSE
12,891,0.984672095423905,TRUE,FALSE,TRUE,TRUE
12,892,1.00064315745667,TRUE,FALSE,TRUE,FALSE
12,893,1.0020859955132,TRUE,FALSE,TRUE,TRUE
12,894,0.98479488703127,TRUE,FALSE,TRUE,FALSE
12,895,0.996384532466043,TRUE,FALSE,TRUE,FALSE
12,896,1.01154328675679,TRUE,FALSE,TRUE,FALSE
12,897,0.989646813727377,TRUE,FALSE,TRUE,FALSE
12,898,0.995562907412992,TRUE,FALSE,TRUE,FALSE
12,899,0.984525420895221,TRUE,FALSE,TRUE,FALSE
12,900,0.992111747222466,TRUE,FALSE,TRUE,FALSE
12,901,0.977694361917289,TRUE,TRUE,TRUE,FALSE
12,902,0.988378054107831,TRUE,FALSE,TRUE,FALSE
12,903,0.995812243965551,TRUE,FALSE,TRUE,TRUE
12,904,1.01560593373871,TRUE,FALSE,TRUE,FALSE
12,905,0.99877095357213,TRUE,FALSE,TRUE,FALSE
12,906,1.00617087168959,TRUE,FALSE,TRUE,FALSE
12,907,0.983963514350061,TRUE,FALSE,TRUE,FALSE
12,908,0.995782431342326,TRUE,FALSE,TRUE,FALSE
12,909,0.994422654134546,TRUE,FALSE,TRUE,TRUE
12,910,0.988325385655935,TRUE,FALSE,TRUE,FALSE
12,911,1.00281459424814,TRUE,FALSE,TRUE,FALSE
12,912,0.996798444947649,TRUE,FALSE,TRUE,FALSE
12,913,0.99640068337441,TRUE,FALSE,TRUE,FALSE
12,914,0.995832316676158,TRUE,FALSE,TRUE,FALSE
12,915,1.01463489883996,TRUE,FALSE,TRUE,TRUE
12,916,1.0085715382645,TRUE,FALSE,TRUE,FALSE
12,917,1.0029403507247,TRUE,FALSE,TRUE,FALSE
12,918,1.0022958473195,TRUE,FALSE,TRUE,FALSE
12,919,1.0021081400918,TRUE,FALSE,TRUE,FALSE
12,920,0.983972054542996,TRUE,FALSE,TRUE,FALSE
12,921,0.994500940168188,TRUE,FALSE,TRUE,FALSE
12,922,1.00587723967465,TRUE,FALSE,TRUE,FALSE
12,923,1.0018547993956,TRUE,FALSE,TRUE,TRUE
12,924,0.986425232630443,TRUE,FALSE,TRUE,TRUE
12,925,0.986908799881713,TRUE,FALSE,TRUE,FALSE
12,926,0.985165674670807,TRUE,FALSE,TRUE,FALSE
12,927,1.00007326298038,TRUE,FALSE,TRUE,TRUE
12,928,0.993266973687286,TRUE,FALSE,TRUE,FALSE
12,929,0.995920557430717,TRUE,FALSE,TRUE,TRUE
12,930,0.999055111530418,TRUE,FALSE,TRUE,FALSE
12,931,1.00772383458895,TRUE,FALSE,TRUE,FALSE
12,932,0.974841199036161,TRUE,TRUE,TRUE,FALSE
12,933,0.990972885343759,TRUE,FALSE,TRUE,FALSE
12,934,1.00547110209786,TRUE,FALSE,TRUE,FALSE
12,935,0.993444982964565,TRUE,FALSE,TRUE,FALSE
12,936,0.989070161651665,TRUE,FALSE,TRUE,FALSE
12,937,1.00221958380742,TRUE,FALSE,TRUE,TRUE
12,938,1.01313415245492,TRUE,FALSE,TRUE,FALSE
12,939,1.00327811188109,TRUE,FALSE,TRUE,FALSE
12,940,1.0227478557141,TRUE,FALSE,TRUE,TRUE
12,941,1.00601981889106,TRUE,FALSE,TRUE,FALSE
12,942,0.990301775108463,TRUE,FALSE,TRUE,FALSE
12,943,1.01268455839081,TRUE,FALSE,TRUE,FALSE
12,944,0.985252720431444,TRUE,FALSE,TRUE,FALSE
12,945,0.995689608332131,TRUE,FALSE,TRUE,FALSE
12,946,0.984574184838356,TRUE,FALSE,TRUE,TRUE
12,947,0.996747214244414,TRUE,FALSE,TRUE,FALSE
12,948,1.01362623355058,TRUE,FALSE,TRUE,FALSE
12,949,1.00034354615303,TRUE,FALSE,TRUE,FALSE
12,950,1.00444038449796,TRUE,FALSE,TRUE,FALSE
12,951,0.987851115238671,TRUE,FALSE,TRUE,TRUE
12,952,1.01734603967832,TRUE,FALSE,TRUE,TRUE
12,953,0.995335183375488,TRUE,FALSE,TRUE,FALSE
12,954,0.999142716675755,TRUE,FALSE,TRUE,FALSE
12,955,1.01178032888078,TRUE,FALSE,TRUE,TRUE
12,956,0.987807975227568,TRUE,FALSE,TRUE,FALSE
12,957,0.996220383728046,TRUE,FALSE,TRUE,FALSE
12,958,0.988709428327182,TRUE,FALSE,TRUE,FALSE
12,959,0.995507904827854,TRUE,FALSE,TRUE,FALSE
12,960,1.02151917744522,FALSE,FALSE,TRUE,FALSE
12,961,0.995330319517021,TRUE,FALSE,TRUE,FALSE
12,962,1.0142365977061,TRUE,FALSE,TRUE,FALSE
12,963,1.00392781339857,TRUE,FALSE,TRUE,FALSE
12,964,1.01377215961541,TRUE,FALSE,TRUE,FALSE
12,965,1.00063921003142,TRUE,FALSE,TRUE,FALSE
12,966,1.00784688601299,TRUE,FALSE,TRUE,FALSE
12,967,0.990027557008001,TRUE,FALSE,TRUE,TRUE
12,968,1.00950464202484,TRUE,FALSE,TRUE,FALSE
12,969,0.997911647131372,TRUE,FALSE,TRUE,FALSE
12,970,0.99769485549947,TRUE,FALSE,TRUE,FALSE
12,971,1.01320326754071,TRUE,FALSE,TRUE,FALSE
12,972,1.01170692921043,TRUE,FALSE,TRUE,FALSE
12,973,0.993207396539273,TRUE,FALSE,TRUE,FALSE
12,974,0.980655106847938,TRUE,TRUE,TRUE,FALSE
12,975,1.00132394987874,TRUE,FALSE,TRUE,TRUE
12,976,1.01151134773436,TRUE,FALSE,TRUE,FALSE
12,977,1.01308930498458,TRUE,FALSE,TRUE,FALSE
12,978,1.01094715708803,TRUE,FALSE,TRUE,FALSE
12,979,0.992986002529505,TRUE,FALSE,TRUE,TRUE
12,980,0.994664811396056,TRUE,FALSE,TRUE,FALSE
12,981,0.991875298570338,TRUE,FALSE,TRUE,TRUE
12,982,0.972385219980301,FALSE,TRUE,TRUE,FALSE
12,983,1.01197056088654,TRUE,FALSE,TRUE,FALSE
12,984,1.00035810216096,TRUE,FALSE,TRUE,FALSE
12,985,0.993111212317719,TRUE,FALSE,TRUE,FALSE
12,986,0.988933187798545,TRUE,FALSE,TRUE,FALSE
12,987,1.01710979733935,TRUE,FALSE,TRUE,FALSE
12,988,0.994753211629177,TRUE,FALSE,TRUE,FALSE
12,989,1.01089947407585,TRUE,FALSE,TRUE,FALSE
12,990,0.992851648074982,TRUE,FALSE,TRUE,FALSE
12,991,1.00611440285235,TRUE,FALSE,TRUE,FALSE
12,992,1.00337749916419,TRUE,FALSE,TRUE,TRUE
12,993,0.999413467725646,TRUE,FALSE,TRUE,FALSE
12,994,0.994840052620147,TRUE,FALSE,TRUE,FALSE
12,995,1.0085278877096,TRUE,FALSE,TRUE,FALSE
12,996,0.997930027286915,TRUE,FALSE,TRUE,FALSE
12,997,0.98602564004515,TRUE,FALSE,TRUE,FALSE
12,998,0.996438409433382,TRUE,FALSE,TRUE,FALSE
12,999,1.00899712134845,TRUE,FALSE,TRUE,TRUE
12,1000,1.00097802786748,TRUE,FALSE,TRUE,FALSE
13,1,0.593420852694069,TRUE,TRUE,TRUE,FALSE
13,2,0.597294657799382,TRUE,TRUE,TRUE,FALSE
13,3,0.584566251874226,TRUE,TRUE,TRUE,TRUE
13,4,0.60261815290044,TRUE,TRUE,TRUE,FALSE
13,5,0.6015149228989,TRUE,TRUE,TRUE,FALSE
13,6,0.602155558786868,TRUE,TRUE,TRUE,FALSE
13,7,0.605958740262746,TRUE,TRUE,TRUE,FALSE
13,8,0.61722906660085,TRUE,TRUE,TRUE,FALSE
13,9,0.588045601174568,TRUE,TRUE,TRUE,FALSE
13,10,0.595648051963817,TRUE,TRUE,TRUE,FALSE
13,11,0.609079965344137,TRUE,TRUE,TRUE,FALSE
13,12,0.617821560563472,TRUE,TRUE,TRUE,FALSE
13,13,0.605092998182937,TRUE,TRUE,TRUE,FALSE
13,14,0.587851208474588,TRUE,TRUE,TRUE,FALSE
13,15,0.611880020661381,TRUE,TRUE,TRUE,FALSE
13,16,0.579899761879034,FALSE,TRUE,TRUE,FALSE
13,17,0.60816780291868,TRUE,TRUE,TRUE,FALSE
13,18,0.600856807676815,TRUE,TRUE,TRUE,FALSE
13,19,0.601476902985851,TRUE,TRUE,TRUE,FALSE
13,20,0.613528072942682,TRUE,TRUE,TRUE,FALSE
13,21,0.586181411159663,TRUE,TRUE,TRUE,FALSE
13,22,0.592415479255358,TRUE,TRUE,TRUE,FALSE
13,23,0.60658022372725,TRUE,TRUE,TRUE,FALSE
13,24,0.582397401734682,TRUE,TRUE,TRUE,FALSE
13,25,0.614987339043562,TRUE,TRUE,TRUE,FALSE
13,26,0.609634291764403,TRUE,TRUE,TRUE,FALSE
13,27,0.605793728753493,TRUE,TRUE,TRUE,FALSE
13,28,0.610608649220605,TRUE,TRUE,TRUE,FALSE
13,29,0.615931069265996,TRUE,TRUE,TRUE,FALSE
13,30,0.613160843618624,TRUE,TRUE,TRUE,FALSE
13,31,0.599937472535775,TRUE,TRUE,TRUE,FALSE
13,32,0.604612316153296,TRUE,TRUE,TRUE,FALSE
13,33,0.610031502406157,TRUE,TRUE,TRUE,FALSE
13,34,0.607649581568011,TRUE,TRUE,TRUE,FALSE
13,35,0.597770565953744,TRUE,TRUE,TRUE,FALSE
13,36,0.61161908706735,TRUE,TRUE,TRUE,TRUE
13,37,0.606167014944567,TRUE,TRUE,TRUE,FALSE
13,38,0.585653644451836,TRUE,TRUE,TRUE,FALSE
13,39,0.603639253433181,TRUE,TRUE,TRUE,FALSE
13,40,0.600969792262445,TRUE,TRUE,TRUE,FALSE
13,41,0.609870610165546,TRUE,TRUE,TRUE,FALSE
13,42,0.597498223512816,TRUE,TRUE,TRUE,FALSE
13,43,0.61970108580106,FALSE,TRUE,TRUE,FALSE
13,44,0.6017204029323,TRUE,TRUE,TRUE,FALSE
13,45,0.602985888306583,TRUE,TRUE,TRUE,FALSE
13,46,0.594895947386688,TRUE,TRUE,TRUE,FALSE
13,47,0.60155906990034,TRUE,TRUE,TRUE,FALSE
13,48,0.583882493397042,TRUE,TRUE,TRUE,FALSE
13,49,0.595551570076674,TRUE,TRUE,TRUE,FALSE
13,50,0.606083936067345,TRUE,TRUE,TRUE,FALSE
13,51,0.604629690068922,TRUE,TRUE,TRUE,FALSE
13,52,0.584332947609031,TRUE,TRUE,TRUE,FALSE
13,53,0.60235045165229,TRUE,TRUE,TRUE,FALSE
13,54,0.606369803784435,TRUE,TRUE,TRUE,FALSE
13,55,0.582034351371007,TRUE,TRUE,TRUE,FALSE
13,56,0.599038985070893,TRUE,TRUE,TRUE,FALSE
13,57,0.611863524926281,TRUE,TRUE,TRUE,FALSE
13,58,0.582812706432467,TRUE,TRUE,TRUE,FALSE
13,59,0.607155653868051,TRUE,TRUE,TRUE,FALSE
13,60,0.589598005444848,TRUE,TRUE,TRUE,FALSE
13,61,0.615010713120732,TRUE,TRUE,TRUE,FALSE
13,62,0.598528122555345,TRUE,TRUE,TRUE,FALSE
13,63,0.605629447633757,TRUE,TRUE,TRUE,FALSE
13,64,0.604223032989855,TRUE,TRUE,TRUE,FALSE
13,65,0.604065046254786,TRUE,TRUE,TRUE,FALSE
13,66,0.608544246356715,TRUE,TRUE,TRUE,FALSE
13,67,0.601465199787769,TRUE,TRUE,TRUE,FALSE
13,68,0.596266920289441,TRUE,TRUE,TRUE,FALSE
13,69,0.585992056428788,TRUE,TRUE,TRUE,FALSE
13,70,0.618909173891058,TRUE,TRUE,TRUE,FALSE
13,71,0.609796409657766,TRUE,TRUE,TRUE,FALSE
13,72,0.593721185106689,TRUE,TRUE,TRUE,FALSE
13,73,0.60354242168469,TRUE,TRUE,TRUE,FALSE
13,74,0.595699280929746,TRUE,TRUE,TRUE,FALSE
13,75,0.606694827896062,TRUE,TRUE,TRUE,FALSE
13,76,0.597452487431909,TRUE,TRUE,TRUE,FALSE
13,77,0.603730676867837,TRUE,TRUE,TRUE,FALSE
13,78,0.605694792850464,TRUE,TRUE,TRUE,FALSE
13,79,0.59518030604277,TRUE,TRUE,TRUE,FALSE
13,80,0.599375695355156,TRUE,TRUE,TRUE,FALSE
13,81,0.608061501504882,TRUE,TRUE,TRUE,FALSE
13,82,0.616698947343622,TRUE,TRUE,TRUE,FALSE
13,83,0.596854472625741,TRUE,TRUE,TRUE,FALSE
13,84,0.609592454267593,TRUE,TRUE,TRUE,FALSE
13,85,0.584772921072862,TRUE,TRUE,TRUE,FALSE
13,86,0.594234783704698,TRUE,TRUE,TRUE,FALSE
13,87,0.594897193065978,TRUE,TRUE,TRUE,FALSE
13,88,0.598772271679794,TRUE,TRUE,TRUE,FALSE
13,89,0.59264685185824,TRUE,TRUE,TRUE,FALSE
13,90,0.589793847996307,TRUE,TRUE,TRUE,FALSE
13,91,0.588478093384083,TRUE,TRUE,TRUE,FALSE
13,92,0.613758327217111,TRUE,TRUE,TRUE,FALSE
13,93,0.598711986431255,TRUE,TRUE,TRUE,FALSE
13,94,0.592276951034157,TRUE,TRUE,TRUE,FALSE
13,95,0.606413665022434,TRUE,TRUE,TRUE,FALSE
13,96,0.600784441880547,TRUE,TRUE,TRUE,FALSE
13,97,0.579090249078091,FALSE,TRUE,TRUE,FALSE
13,98,0.613200136607712,TRUE,TRUE,TRUE,FALSE
13,99,0.588402942366031,TRUE,TRUE,TRUE,FALSE
13,100,0.588555670592716,TRUE,TRUE,TRUE,FALSE
13,101,0.585828818062255,TRUE,TRUE,TRUE,FALSE
13,102,0.601236494844465,TRUE,TRUE,TRUE,FALSE
13,103,0.599662822369648,TRUE,TRUE,TRUE,FALSE
13,104,0.616662447064986,TRUE,TRUE,TRUE,FALSE
13,105,0.584355120665863,TRUE,TRUE,TRUE,FALSE
13,106,0.589378809663118,TRUE,TRUE,TRUE,FALSE
13,107,0.60676362392514,TRUE,TRUE,TRUE,FALSE
13,108,0.583149248586679,TRUE,TRUE,TRUE,FALSE
13,109,0.607739422789533,TRUE,TRUE,TRUE,FALSE
13,110,0.587386490814063,TRUE,TRUE,TRUE,FALSE
13,111,0.593801500434544,TRUE,TRUE,TRUE,FALSE
13,112,0.618375238724489,TRUE,TRUE,TRUE,FALSE
13,113,0.602647409001025,TRUE,TRUE,TRUE,FALSE
13,114,0.602347806358156,TRUE,TRUE,TRUE,FALSE
13,115,0.6201005131437,TRUE,TRUE,TRUE,FALSE
13,116,0.598126663210898,TRUE,TRUE,TRUE,FALSE
13,117,0.584458903567758,TRUE,TRUE,TRUE,FALSE
13,118,0.60006937480427,TRUE,TRUE,TRUE,FALSE
13,119,0.608667949632525,TRUE,TRUE,TRUE,FALSE
13,120,0.609169956947422,TRUE,TRUE,TRUE,FALSE
13,121,0.5826013647987,TRUE,TRUE,TRUE,FALSE
13,122,0.611567792385602,TRUE,TRUE,TRUE,FALSE
13,123,0.605194083307687,TRUE,TRUE,TRUE,FALSE
13,124,0.598637692983344,TRUE,TRUE,TRUE,FALSE
13,125,0.593332167179465,TRUE,TRUE,TRUE,TRUE
13,126,0.599398402888019,TRUE,TRUE,TRUE,FALSE
13,127,0.578066522583898,FALSE,TRUE,TRUE,FALSE
13,128,0.589028963459501,TRUE,TRUE,TRUE,FALSE
13,129,0.608739753654309,TRUE,TRUE,TRUE,FALSE
13,130,0.597695007409369,TRUE,TRUE,TRUE,FALSE
13,131,0.599556297308066,TRUE,TRUE,TRUE,FALSE
13,132,0.616031250430765,TRUE,TRUE,TRUE,FALSE
13,133,0.593836806662665,TRUE,TRUE,TRUE,TRUE
13,134,0.615060022749278,TRUE,TRUE,TRUE,FALSE
13,135,0.592155910233061,TRUE,TRUE,TRUE,FALSE
13,136,0.587021836154949,TRUE,TRUE,TRUE,FALSE
13,137,0.574927640854791,FALSE,TRUE,TRUE,FALSE
13,138,0.608954494911667,TRUE,TRUE,TRUE,FALSE
13,139,0.604449662602367,TRUE,TRUE,TRUE,FALSE
13,140,0.606049300475135,TRUE,TRUE,TRUE,FALSE
13,141,0.607894564860699,TRUE,TRUE,TRUE,FALSE
13,142,0.614803042587771,TRUE,TRUE,TRUE,FALSE
13,143,0.594379120880997,TRUE,TRUE,TRUE,FALSE
13,144,0.598786399364353,TRUE,TRUE,TRUE,FALSE
13,145,0.599755919434167,TRUE,TRUE,TRUE,FALSE
13,146,0.600346827411271,TRUE,TRUE,TRUE,FALSE
13,147,0.585401861129552,TRUE,TRUE,TRUE,FALSE
13,148,0.577169993809498,FALSE,TRUE,TRUE,FALSE
13,149,0.595383670288048,TRUE,TRUE,TRUE,FALSE
13,150,0.605765870690566,TRUE,TRUE,TRUE,FALSE
13,151,0.583992753894525,TRUE,TRUE,TRUE,FALSE
13,152,0.602681373854944,TRUE,TRUE,TRUE,FALSE
13,153,0.590830173298928,TRUE,TRUE,TRUE,FALSE
13,154,0.589638818918082,TRUE,TRUE,TRUE,FALSE
13,155,0.594176583843534,TRUE,TRUE,TRUE,FALSE
13,156,0.596895733928376,TRUE,TRUE,TRUE,FALSE
13,157,0.588987691892112,TRUE,TRUE,TRUE,FALSE
13,158,0.593906298508418,TRUE,TRUE,TRUE,FALSE
13,159,0.587464753436374,TRUE,TRUE,TRUE,FALSE
13,160,0.597661931118041,TRUE,TRUE,TRUE,FALSE
13,161,0.602028685463952,TRUE,TRUE,TRUE,FALSE
13,162,0.615265792602041,TRUE,TRUE,TRUE,FALSE
13,163,0.606208628163813,TRUE,TRUE,TRUE,FALSE
13,164,0.571165098416533,FALSE,TRUE,TRUE,FALSE
13,165,0.610784015884497,TRUE,TRUE,TRUE,FALSE
13,166,0.599985506135109,TRUE,TRUE,TRUE,FALSE
13,167,0.595146985814279,TRUE,TRUE,TRUE,FALSE
13,168,0.600060204463162,TRUE,TRUE,TRUE,FALSE
13,169,0.591355200632776,TRUE,TRUE,TRUE,FALSE
13,170,0.599535101667366,TRUE,TRUE,TRUE,FALSE
13,171,0.604562567672851,TRUE,TRUE,TRUE,FALSE
13,172,0.603294619015041,TRUE,TRUE,TRUE,FALSE
13,173,0.613471116705502,TRUE,TRUE,TRUE,FALSE
13,174,0.596883566764872,TRUE,TRUE,TRUE,FALSE
13,175,0.597308175221907,TRUE,TRUE,TRUE,FALSE
13,176,0.59603330504817,TRUE,TRUE,TRUE,FALSE
13,177,0.604524800720852,TRUE,TRUE,TRUE,FALSE
13,178,0.584744991760422,TRUE,TRUE,TRUE,FALSE
13,179,0.602534718266332,TRUE,TRUE,TRUE,FALSE
13,180,0.584159948886272,TRUE,TRUE,TRUE,FALSE
13,181,0.60056724143974,TRUE,TRUE,FALSE,FALSE
13,182,0.62023755036863,TRUE,TRUE,TRUE,FALSE
13,183,0.608165486479553,TRUE,TRUE,TRUE,FALSE
13,184,0.601869776478336,TRUE,TRUE,TRUE,FALSE
13,185,0.599337907920961,TRUE,TRUE,TRUE,FALSE
13,186,0.610040352234693,TRUE,TRUE,TRUE,FALSE
13,187,0.60145186147835,TRUE,TRUE,TRUE,FALSE
13,188,0.608752620248747,TRUE,TRUE,TRUE,FALSE
13,189,0.592383198696812,TRUE,TRUE,TRUE,FALSE
13,190,0.602261611446295,TRUE,TRUE,TRUE,FALSE
13,191,0.59884828058836,TRUE,TRUE,TRUE,FALSE
13,192,0.603959371764864,TRUE,TRUE,TRUE,FALSE
13,193,0.590619894963441,TRUE,TRUE,TRUE,FALSE
13,194,0.601524030844774,TRUE,TRUE,TRUE,FALSE
13,195,0.606394662375076,TRUE,TRUE,TRUE,FALSE
13,196,0.601340100059913,TRUE,TRUE,TRUE,FALSE
13,197,0.594961850208575,TRUE,TRUE,TRUE,FALSE
13,198,0.60437821725309,TRUE,TRUE,TRUE,FALSE
13,199,0.600456626095748,TRUE,TRUE,TRUE,FALSE
13,200,0.603861577177607,TRUE,TRUE,TRUE,FALSE
13,201,0.60485606436914,TRUE,TRUE,TRUE,FALSE
13,202,0.601158731110619,TRUE,TRUE,TRUE,FALSE
13,203,0.603172637880174,TRUE,TRUE,TRUE,FALSE
13,204,0.612835758115231,TRUE,TRUE,TRUE,FALSE
13,205,0.582564783948507,TRUE,TRUE,TRUE,FALSE
13,206,0.620290982147485,TRUE,TRUE,TRUE,FALSE
13,207,0.606208554936978,TRUE,TRUE,TRUE,FALSE
13,208,0.597375749980178,TRUE,TRUE,TRUE,FALSE
13,209,0.591248483984286,TRUE,TRUE,TRUE,FALSE
13,210,0.602136794293564,TRUE,TRUE,TRUE,FALSE
13,211,0.583776303687395,TRUE,TRUE,TRUE,FALSE
13,212,0.618055936978717,TRUE,TRUE,TRUE,FALSE
13,213,0.596878223946601,TRUE,TRUE,TRUE,FALSE
13,214,0.621971648184005,FALSE,TRUE,TRUE,FALSE
13,215,0.598864794146198,TRUE,TRUE,TRUE,FALSE
13,216,0.594255549669397,TRUE,TRUE,TRUE,FALSE
13,217,0.580600489857923,TRUE,TRUE,TRUE,FALSE
13,218,0.609104651304076,TRUE,TRUE,TRUE,FALSE
13,219,0.591946623626631,TRUE,TRUE,TRUE,FALSE
13,220,0.611499020208419,TRUE,TRUE,TRUE,FALSE
13,221,0.593170451988555,TRUE,TRUE,TRUE,FALSE
13,222,0.595495046482296,TRUE,TRUE,TRUE,FALSE
13,223,0.592225067454538,TRUE,TRUE,TRUE,FALSE
13,224,0.588392062364634,TRUE,TRUE,TRUE,FALSE
13,225,0.60170424249011,TRUE,TRUE,TRUE,FALSE
13,226,0.613980122803197,TRUE,TRUE,TRUE,TRUE
13,227,0.611357480275319,TRUE,TRUE,TRUE,FALSE
13,228,0.583450392207944,TRUE,TRUE,TRUE,FALSE
13,229,0.616929277289645,TRUE,TRUE,TRUE,FALSE
13,230,0.607032676121918,TRUE,TRUE,TRUE,FALSE
13,231,0.590279188288238,TRUE,TRUE,TRUE,FALSE
13,232,0.591509248966893,TRUE,TRUE,TRUE,FALSE
13,233,0.594148051582726,TRUE,TRUE,TRUE,FALSE
13,234,0.582956703632482,TRUE,TRUE,TRUE,FALSE
13,235,0.606678882804187,TRUE,TRUE,TRUE,FALSE
13,236,0.617386144401717,TRUE,TRUE,TRUE,FALSE
13,237,0.578789338033363,FALSE,TRUE,TRUE,FALSE
13,238,0.613619317321547,TRUE,TRUE,TRUE,FALSE
13,239,0.609570061717227,TRUE,TRUE,TRUE,FALSE
13,240,0.580544668393361,TRUE,TRUE,TRUE,FALSE
13,241,0.604915856742464,TRUE,TRUE,TRUE,FALSE
13,242,0.606759806171563,TRUE,TRUE,TRUE,FALSE
13,243,0.608387370551139,TRUE,TRUE,TRUE,FALSE
13,244,0.594215554279091,TRUE,TRUE,TRUE,FALSE
13,245,0.599434870669588,TRUE,TRUE,TRUE,FALSE
13,246,0.600251410427635,TRUE,TRUE,TRUE,FALSE
13,247,0.605901947917834,TRUE,TRUE,TRUE,FALSE
13,248,0.594461302875941,TRUE,TRUE,TRUE,FALSE
13,249,0.601126952275196,TRUE,TRUE,TRUE,FALSE
13,250,0.584680044148198,TRUE,TRUE,TRUE,FALSE
13,251,0.585587283183514,TRUE,TRUE,TRUE,FALSE
13,252,0.607050854074614,TRUE,TRUE,TRUE,FALSE
13,253,0.596953443376938,TRUE,TRUE,TRUE,FALSE
13,254,0.60431619486837,TRUE,TRUE,TRUE,FALSE
13,255,0.594208871499621,TRUE,TRUE,TRUE,FALSE
13,256,0.609141828380795,TRUE,TRUE,TRUE,FALSE
13,257,0.600851027339179,TRUE,TRUE,TRUE,FALSE
13,258,0.590848113571002,TRUE,TRUE,TRUE,FALSE
13,259,0.600218173422595,TRUE,TRUE,TRUE,FALSE
13,260,0.578417325527475,FALSE,TRUE,TRUE,FALSE
13,261,0.582147764675708,TRUE,TRUE,TRUE,FALSE
13,262,0.620495044416829,TRUE,TRUE,TRUE,FALSE
13,263,0.588069298233466,TRUE,TRUE,TRUE,FALSE
13,264,0.580666058371621,TRUE,TRUE,TRUE,FALSE
13,265,0.610105325062273,TRUE,TRUE,TRUE,FALSE
13,266,0.589308208893795,TRUE,TRUE,TRUE,FALSE
13,267,0.579679707708832,TRUE,TRUE,TRUE,FALSE
13,268,0.599373953677361,TRUE,TRUE,TRUE,FALSE
13,269,0.608635915099894,TRUE,TRUE,TRUE,FALSE
13,270,0.599757311714928,TRUE,TRUE,TRUE,FALSE
13,271,0.603339579218157,TRUE,TRUE,TRUE,FALSE
13,272,0.590009021614573,TRUE,TRUE,TRUE,FALSE
13,273,0.618969045501787,TRUE,TRUE,TRUE,FALSE
13,274,0.605108338511665,TRUE,TRUE,TRUE,FALSE
13,275,0.595341393482209,TRUE,TRUE,TRUE,FALSE
13,276,0.610008798713547,TRUE,TRUE,TRUE,FALSE
13,277,0.595278162113004,TRUE,TRUE,TRUE,FALSE
13,278,0.599072740437863,TRUE,TRUE,TRUE,FALSE
13,279,0.601585409692899,TRUE,TRUE,TRUE,FALSE
13,280,0.594031261899936,TRUE,TRUE,TRUE,FALSE
13,281,0.603082254323506,TRUE,TRUE,TRUE,FALSE
13,282,0.600171895831951,TRUE,TRUE,TRUE,FALSE
13,283,0.599186825046683,TRUE,TRUE,TRUE,FALSE
13,284,0.591724962972704,TRUE,TRUE,TRUE,FALSE
13,285,0.615764896497499,TRUE,TRUE,TRUE,FALSE
13,286,0.584097018295968,TRUE,TRUE,TRUE,FALSE
13,287,0.603029781967155,TRUE,TRUE,TRUE,FALSE
13,288,0.604982960978134,TRUE,TRUE,TRUE,FALSE
13,289,0.596919593407441,TRUE,TRUE,TRUE,FALSE
13,290,0.598351151397328,TRUE,TRUE,TRUE,FALSE
13,291,0.596096161686885,TRUE,TRUE,TRUE,FALSE
13,292,0.617210463183015,TRUE,TRUE,TRUE,FALSE
13,293,0.599432205854821,TRUE,TRUE,TRUE,FALSE
13,294,0.595655385633552,TRUE,TRUE,TRUE,FALSE
13,295,0.593105751059264,TRUE,TRUE,TRUE,FALSE
13,296,0.590736700652778,TRUE,TRUE,TRUE,FALSE
13,297,0.579340132943562,TRUE,TRUE,TRUE,FALSE
13,298,0.604787838966084,TRUE,TRUE,TRUE,FALSE
13,299,0.611745096241754,TRUE,TRUE,TRUE,FALSE
13,300,0.597889692500038,TRUE,TRUE,TRUE,FALSE
13,301,0.605377251509285,TRUE,TRUE,TRUE,FALSE
13,302,0.608175072595032,TRUE,TRUE,TRUE,FALSE
13,303,0.606962397827771,TRUE,TRUE,TRUE,FALSE
13,304,0.586774498067223,TRUE,TRUE,TRUE,FALSE
13,305,0.590852954765437,TRUE,TRUE,TRUE,FALSE
13,306,0.606896595785335,TRUE,TRUE,TRUE,FALSE
13,307,0.60493234561858,TRUE,TRUE,TRUE,FALSE
13,308,0.616492556887135,TRUE,TRUE,TRUE,FALSE
13,309,0.5864128603898,TRUE,TRUE,TRUE,FALSE
13,310,0.598876122669067,TRUE,TRUE,TRUE,FALSE
13,311,0.588167896014127,TRUE,TRUE,TRUE,FALSE
13,312,0.593280139835872,TRUE,TRUE,TRUE,FALSE
13,313,0.588039669394789,TRUE,TRUE,TRUE,FALSE
13,314,0.601569163151534,TRUE,TRUE,TRUE,FALSE
13,315,0.59806417606704,TRUE,TRUE,TRUE,FALSE
13,316,0.618986367784514,TRUE,TRUE,TRUE,FALSE
13,317,0.588223064019558,TRUE,TRUE,TRUE,FALSE
13,318,0.60181392088925,TRUE,TRUE,TRUE,FALSE
13,319,0.588469106124766,TRUE,TRUE,TRUE,FALSE
13,320,0.601184836703996,TRUE,TRUE,TRUE,TRUE
13,321,0.62216631404809,TRUE,TRUE,TRUE,FALSE
13,322,0.623315578608198,FALSE,TRUE,TRUE,FALSE
13,323,0.596898654623723,TRUE,TRUE,TRUE,FALSE
13,324,0.594056862158401,TRUE,TRUE,TRUE,FALSE
13,325,0.601422928564719,TRUE,TRUE,TRUE,FALSE
13,326,0.613861228221696,TRUE,TRUE,TRUE,FALSE
13,327,0.600141439101068,TRUE,TRUE,TRUE,FALSE
13,328,0.589504520210537,TRUE,TRUE,TRUE,FALSE
13,329,0.606164455470421,TRUE,TRUE,TRUE,FALSE
13,330,0.591284770524748,TRUE,TRUE,TRUE,FALSE
13,331,0.610461749908083,TRUE,TRUE,TRUE,FALSE
13,332,0.610510586809201,TRUE,TRUE,TRUE,FALSE
13,333,0.595713099014044,TRUE,TRUE,TRUE,FALSE
13,334,0.588407220589235,TRUE,TRUE,TRUE,FALSE
13,335,0.592136576897832,TRUE,TRUE,TRUE,FALSE
13,336,0.592678641908981,TRUE,TRUE,TRUE,FALSE
13,337,0.598676477727476,TRUE,TRUE,TRUE,FALSE
13,338,0.611474952698788,TRUE,TRUE,TRUE,FALSE
13,339,0.592116331202571,TRUE,TRUE,TRUE,FALSE
13,340,0.615656563818049,TRUE,TRUE,TRUE,FALSE
13,341,0.612241132427326,TRUE,TRUE,TRUE,FALSE
13,342,0.585018567118367,TRUE,TRUE,TRUE,FALSE
13,343,0.613356775082139,TRUE,TRUE,TRUE,FALSE
13,344,0.617154340424717,TRUE,TRUE,TRUE,FALSE
13,345,0.606511989169463,TRUE,TRUE,TRUE,FALSE
13,346,0.584060151033174,TRUE,TRUE,TRUE,FALSE
13,347,0.580518461802187,TRUE,TRUE,TRUE,FALSE
13,348,0.586707477273267,TRUE,TRUE,TRUE,FALSE
13,349,0.602649209321524,TRUE,TRUE,TRUE,FALSE
13,350,0.594929264267849,TRUE,TRUE,TRUE,FALSE
13,351,0.582637274312196,TRUE,TRUE,TRUE,FALSE
13,352,0.603747710567472,TRUE,TRUE,TRUE,FALSE
13,353,0.616297114364141,TRUE,TRUE,TRUE,FALSE
13,354,0.616754789383241,TRUE,TRUE,TRUE,FALSE
13,355,0.591983795411118,TRUE,TRUE,TRUE,FALSE
13,356,0.600109753696038,TRUE,TRUE,TRUE,FALSE
13,357,0.614450424488595,TRUE,TRUE,TRUE,FALSE
13,358,0.590034475081732,TRUE,TRUE,TRUE,FALSE
13,359,0.58906066139772,TRUE,TRUE,TRUE,FALSE
13,360,0.607427310304158,TRUE,TRUE,TRUE,FALSE
13,361,0.601840214692513,TRUE,TRUE,TRUE,FALSE
13,362,0.612310936949893,TRUE,TRUE,TRUE,FALSE
13,363,0.605386375451075,TRUE,TRUE,TRUE,FALSE
13,364,0.585323690285496,TRUE,TRUE,TRUE,FALSE
13,365,0.584770555509977,TRUE,TRUE,TRUE,FALSE
13,366,0.586950755722942,TRUE,TRUE,TRUE,FALSE
13,367,0.622570995263742,TRUE,TRUE,TRUE,FALSE
13,368,0.614416316820137,TRUE,TRUE,TRUE,FALSE
13,369,0.600981136531484,TRUE,TRUE,TRUE,FALSE
13,370,0.590112615049142,TRUE,TRUE,TRUE,FALSE
13,371,0.60832040898748,TRUE,TRUE,TRUE,FALSE
13,372,0.619789712507545,FALSE,TRUE,TRUE,FALSE
13,373,0.61917670394902,TRUE,TRUE,TRUE,FALSE
13,374,0.602592243388784,TRUE,TRUE,TRUE,FALSE
13,375,0.603765229785569,TRUE,TRUE,TRUE,FALSE
13,376,0.609577424799094,TRUE,TRUE,TRUE,FALSE
13,377,0.60413555013495,TRUE,TRUE,TRUE,FALSE
13,378,0.589411999535086,TRUE,TRUE,TRUE,FALSE
13,379,0.593427457324436,TRUE,TRUE,TRUE,FALSE
13,380,0.599208819657741,TRUE,TRUE,TRUE,FALSE
13,381,0.600275745983856,TRUE,TRUE,TRUE,FALSE
13,382,0.611542553870199,TRUE,TRUE,TRUE,FALSE
13,383,0.603430430734397,TRUE,TRUE,TRUE,FALSE
13,384,0.60679928713323,TRUE,TRUE,TRUE,FALSE
13,385,0.610548991458303,TRUE,TRUE,TRUE,FALSE
13,386,0.598558716840813,TRUE,TRUE,TRUE,FALSE
13,387,0.601199233721813,TRUE,TRUE,TRUE,FALSE
13,388,0.606616282664025,TRUE,TRUE,TRUE,FALSE
13,389,0.596590479773206,TRUE,TRUE,TRUE,FALSE
13,390,0.596111341835328,TRUE,TRUE,TRUE,FALSE
13,391,0.605798063140299,TRUE,TRUE,TRUE,FALSE
13,392,0.61228032727609,TRUE,TRUE,TRUE,FALSE
13,393,0.615850499609314,TRUE,TRUE,TRUE,FALSE
13,394,0.608363992729165,TRUE,TRUE,TRUE,FALSE
13,395,0.606205641821547,TRUE,TRUE,TRUE,FALSE
13,396,0.610318346815307,TRUE,TRUE,TRUE,FALSE
13,397,0.605402894553769,TRUE,TRUE,TRUE,FALSE
13,398,0.586122319669035,TRUE,TRUE,TRUE,FALSE
13,399,0.594796088446992,TRUE,TRUE,TRUE,FALSE
13,400,0.596630588568286,TRUE,TRUE,TRUE,FALSE
13,401,0.584572054736639,TRUE,TRUE,TRUE,FALSE
13,402,0.594089170995772,TRUE,TRUE,TRUE,FALSE
13,403,0.600171010473254,TRUE,TRUE,TRUE,FALSE
13,404,0.606924087614208,TRUE,TRUE,TRUE,FALSE
13,405,0.584765337777771,TRUE,TRUE,TRUE,FALSE
13,406,0.598910523581499,TRUE,TRUE,TRUE,FALSE
13,407,0.599999358518495,TRUE,TRUE,TRUE,FALSE
13,408,0.598845012476097,TRUE,TRUE,TRUE,TRUE
13,409,0.591718821009782,TRUE,TRUE,TRUE,FALSE
13,410,0.589451607963872,TRUE,TRUE,TRUE,FALSE
13,411,0.595091523158555,TRUE,TRUE,TRUE,FALSE
13,412,0.587395912691746,TRUE,TRUE,TRUE,FALSE
13,413,0.606827259074813,TRUE,TRUE,TRUE,FALSE
13,414,0.607742183674869,TRUE,TRUE,TRUE,FALSE
13,415,0.617671374474744,TRUE,TRUE,TRUE,FALSE
13,416,0.618122885922788,TRUE,TRUE,TRUE,FALSE
13,417,0.621364097255996,TRUE,TRUE,TRUE,FALSE
13,418,0.60252252877743,TRUE,TRUE,TRUE,FALSE
13,419,0.603186416377895,TRUE,TRUE,TRUE,FALSE
13,420,0.599772751271104,TRUE,TRUE,TRUE,FALSE
13,421,0.594399802308507,TRUE,TRUE,TRUE,FALSE
13,422,0.605557974778046,TRUE,TRUE,TRUE,FALSE
13,423,0.605447146447161,TRUE,TRUE,TRUE,FALSE
13,424,0.601874024399909,TRUE,TRUE,TRUE,FALSE
13,425,0.599009927649668,TRUE,TRUE,TRUE,FALSE
13,426,0.60207160032163,TRUE,TRUE,TRUE,FALSE
13,427,0.603694300635025,TRUE,TRUE,TRUE,FALSE
13,428,0.596312875956176,TRUE,TRUE,TRUE,FALSE
13,429,0.579012006313395,FALSE,TRUE,TRUE,FALSE
13,430,0.611158409364476,TRUE,TRUE,TRUE,FALSE
13,431,0.598177510282566,TRUE,TRUE,TRUE,FALSE
13,432,0.60029450233932,TRUE,TRUE,TRUE,FALSE
13,433,0.583291425453228,TRUE,TRUE,TRUE,FALSE
13,434,0.599003744338366,TRUE,TRUE,TRUE,FALSE
13,435,0.615602463933636,TRUE,TRUE,TRUE,FALSE
13,436,0.615607346519645,TRUE,TRUE,TRUE,FALSE
13,437,0.61654145557635,TRUE,TRUE,TRUE,FALSE
13,438,0.609413857561544,TRUE,TRUE,TRUE,FALSE
13,439,0.588785325611794,TRUE,TRUE,TRUE,FALSE
13,440,0.601654111373285,TRUE,TRUE,TRUE,FALSE
13,441,0.592348314222783,TRUE,TRUE,TRUE,FALSE
13,442,0.571392388949664,FALSE,TRUE,TRUE,FALSE
13,443,0.58967115946589,TRUE,TRUE,TRUE,FALSE
13,444,0.593361003219072,TRUE,TRUE,TRUE,FALSE
13,445,0.613139053915358,TRUE,TRUE,TRUE,FALSE
13,446,0.60089643537563,TRUE,TRUE,TRUE,FALSE
13,447,0.607338523603184,TRUE,TRUE,TRUE,FALSE
13,448,0.603399107238288,TRUE,TRUE,TRUE,FALSE
13,449,0.604502577824473,TRUE,TRUE,TRUE,FALSE
13,450,0.605436032762318,TRUE,TRUE,TRUE,FALSE
13,451,0.599741794761819,TRUE,TRUE,TRUE,FALSE
13,452,0.59876235633067,TRUE,TRUE,TRUE,TRUE
13,453,0.607640246962358,TRUE,TRUE,TRUE,FALSE
13,454,0.584003995698053,TRUE,TRUE,TRUE,FALSE
13,455,0.594262783817816,TRUE,TRUE,TRUE,FALSE
13,456,0.604903124976802,TRUE,TRUE,TRUE,FALSE
13,457,0.588017382372714,TRUE,TRUE,TRUE,FALSE
13,458,0.580096232112341,FALSE,TRUE,TRUE,FALSE
13,459,0.618599237835677,FALSE,TRUE,TRUE,FALSE
13,460,0.598076088017753,TRUE,TRUE,TRUE,FALSE
13,461,0.618872831766174,TRUE,TRUE,TRUE,FALSE
13,462,0.606081525199663,TRUE,TRUE,TRUE,FALSE
13,463,0.609188287778397,TRUE,TRUE,TRUE,FALSE
13,464,0.603393619115511,TRUE,TRUE,TRUE,FALSE
13,465,0.596827523251643,TRUE,TRUE,TRUE,FALSE
13,466,0.603061024762178,TRUE,TRUE,TRUE,FALSE
13,467,0.592560675718592,TRUE,TRUE,TRUE,FALSE
13,468,0.597615974596858,TRUE,TRUE,TRUE,FALSE
13,469,0.608034191490248,TRUE,TRUE,TRUE,FALSE
13,470,0.612218475419624,TRUE,TRUE,TRUE,FALSE
13,471,0.589555835566635,TRUE,TRUE,TRUE,FALSE
13,472,0.607097945579776,TRUE,TRUE,TRUE,FALSE
13,473,0.607921276034848,TRUE,TRUE,TRUE,FALSE
13,474,0.583689511377521,TRUE,TRUE,TRUE,FALSE
13,475,0.597118254063185,TRUE,TRUE,TRUE,FALSE
13,476,0.594916206542908,TRUE,TRUE,TRUE,FALSE
13,477,0.5975260411036,TRUE,TRUE,TRUE,FALSE
13,478,0.590212688538881,TRUE,TRUE,TRUE,FALSE
13,479,0.589681890511352,TRUE,TRUE,TRUE,FALSE
13,480,0.585501291133949,TRUE,TRUE,TRUE,FALSE
13,481,0.603326234418317,TRUE,TRUE,TRUE,FALSE
13,482,0.607284461010594,TRUE,TRUE,TRUE,FALSE
13,483,0.598644527298657,TRUE,TRUE,TRUE,FALSE
13,484,0.609093979399984,TRUE,TRUE,TRUE,FALSE
13,485,0.598631389196638,TRUE,TRUE,TRUE,FALSE
13,486,0.603374753958326,TRUE,TRUE,TRUE,FALSE
13,487,0.599570038911756,TRUE,TRUE,TRUE,FALSE
13,488,0.61891729626499,TRUE,TRUE,TRUE,FALSE
13,489,0.60352306564542,TRUE,TRUE,TRUE,FALSE
13,490,0.612569720127758,TRUE,TRUE,TRUE,FALSE
13,491,0.605011128275604,TRUE,TRUE,TRUE,FALSE
13,492,0.57498945413449,FALSE,TRUE,TRUE,FALSE
13,493,0.606340213248991,TRUE,TRUE,TRUE,FALSE
13,494,0.614005639074275,TRUE,TRUE,TRUE,FALSE
13,495,0.587061770582986,TRUE,TRUE,TRUE,FALSE
13,496,0.585321888984829,TRUE,TRUE,TRUE,FALSE
13,497,0.592939138330216,TRUE,TRUE,TRUE,FALSE
13,498,0.596381727942743,TRUE,TRUE,TRUE,FALSE
13,499,0.597896260085435,TRUE,TRUE,TRUE,FALSE
13,500,0.597877999934979,TRUE,TRUE,TRUE,FALSE
13,501,0.585803204521083,TRUE,TRUE,TRUE,FALSE
13,502,0.600637047107802,TRUE,TRUE,TRUE,FALSE
13,503,0.600029750980823,TRUE,TRUE,TRUE,TRUE
13,504,0.589873602272819,TRUE,TRUE,TRUE,FALSE
13,505,0.614847031796884,TRUE,TRUE,TRUE,FALSE
13,506,0.586148335844779,TRUE,TRUE,TRUE,FALSE
13,507,0.606437675770552,TRUE,TRUE,TRUE,FALSE
13,508,0.574877533299733,FALSE,TRUE,TRUE,FALSE
13,509,0.597609292371551,TRUE,TRUE,TRUE,FALSE
13,510,0.614905689648615,TRUE,TRUE,TRUE,FALSE
13,511,0.606839016643374,TRUE,TRUE,TRUE,FALSE
13,512,0.612276254550207,TRUE,TRUE,TRUE,FALSE
13,513,0.591038884745839,TRUE,TRUE,TRUE,FALSE
13,514,0.599062023041143,TRUE,TRUE,TRUE,FALSE
13,515,0.588907869104826,TRUE,TRUE,TRUE,FALSE
13,516,0.604534881993864,TRUE,TRUE,TRUE,FALSE
13,517,0.593542376627737,TRUE,TRUE,TRUE,TRUE
13,518,0.584030377631348,TRUE,TRUE,TRUE,FALSE
13,519,0.606324989283491,TRUE,TRUE,TRUE,FALSE
13,520,0.592630301518076,TRUE,TRUE,TRUE,FALSE
13,521,0.592975466121729,TRUE,TRUE,TRUE,FALSE
13,522,0.603111209092509,TRUE,TRUE,TRUE,FALSE
13,523,0.615846258124893,TRUE,TRUE,TRUE,FALSE
13,524,0.604627670600981,TRUE,TRUE,TRUE,FALSE
13,525,0.608379675747229,TRUE,TRUE,TRUE,FALSE
13,526,0.623338845773511,FALSE,TRUE,TRUE,FALSE
13,527,0.614415832938231,TRUE,TRUE,TRUE,FALSE
13,528,0.603503900016261,TRUE,TRUE,TRUE,FALSE
13,529,0.605139045773672,TRUE,TRUE,TRUE,FALSE
13,530,0.593483241397166,TRUE,TRUE,TRUE,FALSE
13,531,0.599883616586,TRUE,TRUE,TRUE,FALSE
13,532,0.602700608032304,TRUE,TRUE,TRUE,FALSE
13,533,0.610281965704531,TRUE,TRUE,TRUE,FALSE
13,534,0.59575686292825,TRUE,TRUE,TRUE,FALSE
13,535,0.610905931333923,TRUE,TRUE,TRUE,FALSE
13,536,0.619886371841635,FALSE,TRUE,TRUE,FALSE
13,537,0.616445342292088,TRUE,TRUE,TRUE,FALSE
13,538,0.626633187307404,FALSE,TRUE,TRUE,FALSE
13,539,0.613445746572557,TRUE,TRUE,TRUE,FALSE
13,540,0.625445320867915,FALSE,TRUE,TRUE,FALSE
13,541,0.607572533087176,TRUE,TRUE,TRUE,FALSE
13,542,0.579126009278034,FALSE,TRUE,TRUE,FALSE
13,543,0.596146785189612,TRUE,TRUE,TRUE,FALSE
13,544,0.603401156516968,TRUE,TRUE,TRUE,FALSE
13,545,0.594915819560285,TRUE,TRUE,TRUE,FALSE
13,546,0.608250721295172,TRUE,TRUE,TRUE,FALSE
13,547,0.603898562541827,TRUE,TRUE,TRUE,FALSE
13,548,0.584612789597069,TRUE,TRUE,TRUE,FALSE
13,549,0.585834791174752,TRUE,TRUE,TRUE,FALSE
13,550,0.597800846443026,TRUE,TRUE,TRUE,FALSE
13,551,0.61096092677828,TRUE,TRUE,TRUE,FALSE
13,552,0.617086649643351,TRUE,TRUE,TRUE,FALSE
13,553,0.605856020210222,TRUE,TRUE,TRUE,FALSE
13,554,0.615392083835987,TRUE,TRUE,TRUE,FALSE
13,555,0.612761214760059,TRUE,TRUE,TRUE,FALSE
13,556,0.583875754950097,TRUE,TRUE,TRUE,FALSE
13,557,0.613592860801983,TRUE,TRUE,TRUE,FALSE
13,558,0.580731443436897,TRUE,TRUE,TRUE,FALSE
13,559,0.609976465129041,TRUE,TRUE,TRUE,FALSE
13,560,0.60512129364268,TRUE,TRUE,TRUE,FALSE
13,561,0.59128430565598,TRUE,TRUE,TRUE,FALSE
13,562,0.608340301175665,TRUE,TRUE,TRUE,FALSE
13,563,0.594869572736795,TRUE,TRUE,TRUE,FALSE
13,564,0.60614189424554,TRUE,TRUE,TRUE,FALSE
13,565,0.59937608011576,TRUE,TRUE,TRUE,FALSE
13,566,0.613002133705623,TRUE,TRUE,TRUE,FALSE
13,567,0.580566038528382,TRUE,TRUE,TRUE,FALSE
13,568,0.589546299038455,TRUE,TRUE,TRUE,FALSE
13,569,0.613531365539385,TRUE,TRUE,TRUE,FALSE
13,570,0.610504486869973,TRUE,TRUE,TRUE,FALSE
13,571,0.591211136197102,TRUE,TRUE,TRUE,FALSE
13,572,0.59080778926172,TRUE,TRUE,TRUE,FALSE
13,573,0.604687332982691,TRUE,TRUE,TRUE,FALSE
13,574,0.60362916352007,TRUE,TRUE,TRUE,FALSE
13,575,0.596503860469181,TRUE,TRUE,TRUE,FALSE
13,576,0.591920140536213,TRUE,TRUE,TRUE,FALSE
13,577,0.606594098429485,TRUE,TRUE,TRUE,FALSE
13,578,0.605627913785232,TRUE,TRUE,TRUE,FALSE
13,579,0.601770362412739,TRUE,TRUE,TRUE,FALSE
13,580,0.598050222699501,TRUE,TRUE,TRUE,FALSE
13,581,0.618960604184608,FALSE,TRUE,TRUE,FALSE
13,582,0.605343895906681,TRUE,TRUE,TRUE,FALSE
13,583,0.606421398879393,TRUE,TRUE,TRUE,FALSE
13,584,0.603831102268017,TRUE,TRUE,TRUE,FALSE
13,585,0.601801120409007,TRUE,TRUE,TRUE,FALSE
13,586,0.59387739705339,TRUE,TRUE,TRUE,FALSE
13,587,0.585236008138388,TRUE,TRUE,TRUE,FALSE
13,588,0.591099265313643,TRUE,TRUE,TRUE,FALSE
13,589,0.593192784878253,TRUE,TRUE,TRUE,FALSE
13,590,0.609564603316136,TRUE,TRUE,TRUE,FALSE
13,591,0.589737608275803,TRUE,TRUE,TRUE,FALSE
13,592,0.603024026221905,TRUE,TRUE,TRUE,FALSE
13,593,0.592398249792328,TRUE,TRUE,TRUE,FALSE
13,594,0.602187122051383,TRUE,TRUE,TRUE,FALSE
13,595,0.582804004804709,TRUE,TRUE,TRUE,FALSE
13,596,0.614763308711658,TRUE,TRUE,TRUE,FALSE
13,597,0.617848626681511,TRUE,TRUE,TRUE,FALSE
13,598,0.595781995995284,TRUE,TRUE,TRUE,FALSE
13,599,0.598959900923666,TRUE,TRUE,TRUE,FALSE
13,600,0.600702960911797,TRUE,TRUE,TRUE,FALSE
13,601,0.58993826391543,TRUE,TRUE,TRUE,FALSE
13,602,0.599212568837461,TRUE,TRUE,TRUE,FALSE
13,603,0.600438245572632,TRUE,TRUE,TRUE,FALSE
13,604,0.602332784391675,TRUE,TRUE,TRUE,FALSE
13,605,0.584796806660507,TRUE,TRUE,TRUE,FALSE
13,606,0.599903714939734,TRUE,TRUE,TRUE,FALSE
13,607,0.616885985670852,TRUE,TRUE,TRUE,FALSE
13,608,0.591922440421265,TRUE,TRUE,TRUE,FALSE
13,609,0.591317014101131,TRUE,TRUE,TRUE,FALSE
13,610,0.597284468884374,TRUE,TRUE,TRUE,FALSE
13,611,0.579544011444912,TRUE,TRUE,TRUE,FALSE
13,612,0.597131558842285,TRUE,TRUE,TRUE,FALSE
13,613,0.595525471720597,TRUE,TRUE,TRUE,FALSE
13,614,0.616365967152672,TRUE,TRUE,TRUE,FALSE
13,615,0.619434701792326,TRUE,TRUE,TRUE,FALSE
13,616,0.598536899534221,TRUE,TRUE,TRUE,FALSE
13,617,0.590425950251741,TRUE,TRUE,TRUE,FALSE
13,618,0.599034347763565,TRUE,TRUE,TRUE,FALSE
13,619,0.597381781920281,TRUE,TRUE,TRUE,FALSE
13,620,0.602243353479718,TRUE,TRUE,TRUE,FALSE
13,621,0.590668477867148,TRUE,TRUE,TRUE,FALSE
13,622,0.608583405709631,TRUE,TRUE,TRUE,FALSE
13,623,0.5858817318884,TRUE,TRUE,TRUE,FALSE
13,624,0.585697582837241,TRUE,TRUE,TRUE,FALSE
13,625,0.605793738552892,TRUE,TRUE,TRUE,FALSE
13,626,0.598020769986961,TRUE,TRUE,TRUE,FALSE
13,627,0.606438467090854,TRUE,TRUE,TRUE,FALSE
13,628,0.610522877707797,TRUE,TRUE,TRUE,FALSE
13,629,0.60108737635297,TRUE,TRUE,TRUE,FALSE
13,630,0.602081624153019,TRUE,TRUE,TRUE,FALSE
13,631,0.605294225384183,TRUE,TRUE,TRUE,FALSE
13,632,0.585717424296343,TRUE,TRUE,TRUE,FALSE
13,633,0.59813892689054,TRUE,TRUE,TRUE,FALSE
13,634,0.609215572105334,TRUE,TRUE,TRUE,FALSE
13,635,0.579277499146485,TRUE,TRUE,TRUE,FALSE
13,636,0.590751727840946,TRUE,TRUE,TRUE,TRUE
13,637,0.593419672985182,TRUE,TRUE,TRUE,FALSE
13,638,0.589725826814206,TRUE,TRUE,TRUE,FALSE
13,639,0.580851561621936,TRUE,TRUE,TRUE,FALSE
13,640,0.613811415402035,TRUE,TRUE,TRUE,FALSE
13,641,0.611529169744589,TRUE,TRUE,TRUE,FALSE
13,642,0.601120128683619,TRUE,TRUE,TRUE,FALSE
13,643,0.600961540942117,TRUE,TRUE,TRUE,FALSE
13,644,0.590002689488782,TRUE,TRUE,TRUE,FALSE
13,645,0.599216114586095,TRUE,TRUE,TRUE,FALSE
13,646,0.598551022833933,TRUE,TRUE,TRUE,FALSE
13,647,0.599213941465483,TRUE,TRUE,TRUE,FALSE
13,648,0.61093513205692,TRUE,TRUE,TRUE,FALSE
13,649,0.605916225108763,TRUE,TRUE,TRUE,FALSE
13,650,0.60826927308644,TRUE,TRUE,TRUE,FALSE
13,651,0.613409098628495,TRUE,TRUE,TRUE,FALSE
13,652,0.606789741376198,TRUE,TRUE,TRUE,FALSE
13,653,0.593905462427895,TRUE,TRUE,TRUE,FALSE
13,654,0.607359404963709,TRUE,TRUE,TRUE,FALSE
13,655,0.617332610924181,TRUE,TRUE,TRUE,FALSE
13,656,0.589157655367581,TRUE,TRUE,TRUE,FALSE
13,657,0.598234440162028,TRUE,TRUE,TRUE,FALSE
13,658,0.578518481821484,TRUE,TRUE,TRUE,FALSE
13,659,0.590963285599502,TRUE,TRUE,TRUE,FALSE
13,660,0.59156055949601,TRUE,TRUE,TRUE,FALSE
13,661,0.589339809408676,TRUE,TRUE,TRUE,FALSE
13,662,0.589519130590755,TRUE,TRUE,TRUE,FALSE
13,663,0.61571084656966,TRUE,TRUE,TRUE,FALSE
13,664,0.575914668700016,FALSE,TRUE,TRUE,FALSE
13,665,0.614919223182486,TRUE,TRUE,TRUE,FALSE
13,666,0.608670917943989,TRUE,TRUE,TRUE,FALSE
13,667,0.589062858948172,TRUE,TRUE,TRUE,FALSE
13,668,0.605433340724706,TRUE,TRUE,TRUE,FALSE
13,669,0.606957806251016,TRUE,TRUE,TRUE,FALSE
13,670,0.609070528680085,TRUE,TRUE,TRUE,FALSE
13,671,0.598918259067806,TRUE,TRUE,TRUE,FALSE
13,672,0.607521201694624,TRUE,TRUE,TRUE,FALSE
13,673,0.61415886253847,TRUE,TRUE,TRUE,FALSE
13,674,0.587721605641996,TRUE,TRUE,TRUE,FALSE
13,675,0.608453557701702,TRUE,TRUE,TRUE,FALSE
13,676,0.601472124729172,TRUE,TRUE,TRUE,FALSE
13,677,0.586597298444413,TRUE,TRUE,TRUE,FALSE
13,678,0.572915746543569,FALSE,TRUE,TRUE,FALSE
13,679,0.611438892627703,TRUE,TRUE,TRUE,FALSE
13,680,0.586085279770924,TRUE,TRUE,TRUE,FALSE
13,681,0.610236751882961,TRUE,TRUE,TRUE,FALSE
13,682,0.60280135822059,TRUE,TRUE,TRUE,FALSE
13,683,0.587820204553328,TRUE,TRUE,TRUE,FALSE
13,684,0.598858483737874,TRUE,TRUE,TRUE,FALSE
13,685,0.590689897008507,TRUE,TRUE,TRUE,FALSE
13,686,0.607464646307497,TRUE,TRUE,TRUE,FALSE
13,687,0.606221585194782,TRUE,TRUE,TRUE,FALSE
13,688,0.592246564049056,TRUE,TRUE,TRUE,FALSE
13,689,0.610060335010602,TRUE,TRUE,TRUE,FALSE
13,690,0.597354933413122,TRUE,TRUE,TRUE,FALSE
13,691,0.619910648544146,FALSE,TRUE,TRUE,TRUE
13,692,0.597783093232783,TRUE,TRUE,TRUE,FALSE
13,693,0.603072817549198,TRUE,TRUE,TRUE,FALSE
13,694,0.595429980051397,TRUE,TRUE,TRUE,FALSE
13,695,0.588138241397079,TRUE,TRUE,TRUE,FALSE
13,696,0.607563800607226,TRUE,TRUE,TRUE,FALSE
13,697,0.606736838336282,TRUE,TRUE,TRUE,FALSE
13,698,0.602819067826888,TRUE,TRUE,TRUE,FALSE
13,699,0.583044441292028,TRUE,TRUE,TRUE,FALSE
13,700,0.592863584001288,TRUE,TRUE,TRUE,FALSE
13,701,0.597206404041417,TRUE,TRUE,TRUE,FALSE
13,702,0.586811899659787,TRUE,TRUE,TRUE,FALSE
13,703,0.603186274625209,TRUE,TRUE,TRUE,FALSE
13,704,0.61553602454282,TRUE,TRUE,TRUE,FALSE
13,705,0.600312194929368,TRUE,TRUE,TRUE,FALSE
13,706,0.607011447150782,TRUE,TRUE,TRUE,FALSE
13,707,0.592504475913386,TRUE,TRUE,TRUE,FALSE
13,708,0.605480203520261,TRUE,TRUE,TRUE,FALSE
13,709,0.596798146664975,TRUE,TRUE,TRUE,FALSE
13,710,0.596704990151422,TRUE,TRUE,TRUE,FALSE
13,711,0.579060932510091,TRUE,TRUE,TRUE,FALSE
13,712,0.613293141386443,TRUE,TRUE,TRUE,FALSE
13,713,0.601198455221933,TRUE,TRUE,TRUE,FALSE
13,714,0.58858620063755,TRUE,TRUE,TRUE,FALSE
13,715,0.598316148609594,TRUE,TRUE,TRUE,FALSE
13,716,0.602481962772878,TRUE,TRUE,TRUE,FALSE
13,717,0.60067235377391,TRUE,TRUE,TRUE,FALSE
13,718,0.58958301684017,TRUE,TRUE,TRUE,FALSE
13,719,0.590309127227318,TRUE,TRUE,TRUE,FALSE
13,720,0.621100823910602,FALSE,TRUE,TRUE,FALSE
13,721,0.603202437980902,TRUE,TRUE,TRUE,TRUE
13,722,0.601483669490422,TRUE,TRUE,TRUE,FALSE
13,723,0.603142656714156,TRUE,TRUE,TRUE,FALSE
13,724,0.58898086466753,TRUE,TRUE,TRUE,FALSE
13,725,0.590294164113184,TRUE,TRUE,TRUE,FALSE
13,726,0.603595559218753,TRUE,TRUE,TRUE,FALSE
13,727,0.60603870623816,TRUE,TRUE,TRUE,FALSE
13,728,0.607083173467805,TRUE,TRUE,TRUE,FALSE
13,729,0.59586703794204,TRUE,TRUE,TRUE,FALSE
13,730,0.601840211719366,TRUE,TRUE,TRUE,FALSE
13,731,0.601045069439125,TRUE,TRUE,TRUE,FALSE
13,732,0.611847458732983,TRUE,TRUE,TRUE,FALSE
13,733,0.621754790389057,TRUE,TRUE,TRUE,FALSE
13,734,0.593008592039566,TRUE,TRUE,TRUE,FALSE
13,735,0.608303866526096,TRUE,TRUE,TRUE,FALSE
13,736,0.61364219086225,TRUE,TRUE,TRUE,FALSE
13,737,0.597336077624073,TRUE,TRUE,TRUE,FALSE
13,738,0.577909532214155,FALSE,TRUE,TRUE,FALSE
13,739,0.611627745879787,TRUE,TRUE,TRUE,FALSE
13,740,0.60606770826379,TRUE,TRUE,TRUE,FALSE
13,741,0.592832428829157,TRUE,TRUE,TRUE,FALSE
13,742,0.601950286980499,TRUE,TRUE,TRUE,FALSE
13,743,0.615000935208483,TRUE,TRUE,TRUE,FALSE
13,744,0.604223219855231,TRUE,TRUE,TRUE,FALSE
13,745,0.603417104191355,TRUE,TRUE,TRUE,FALSE
13,746,0.592844887236756,TRUE,TRUE,TRUE,FALSE
13,747,0.609914129328934,TRUE,TRUE,TRUE,FALSE
13,748,0.599875106517717,TRUE,TRUE,TRUE,FALSE
13,749,0.611409070519334,TRUE,TRUE,TRUE,FALSE
13,750,0.622990914209752,TRUE,TRUE,TRUE,FALSE
13,751,0.591742505199648,TRUE,TRUE,TRUE,FALSE
13,752,0.589307927139568,TRUE,TRUE,TRUE,FALSE
13,753,0.603275825181541,TRUE,TRUE,TRUE,FALSE
13,754,0.607434746040005,TRUE,TRUE,TRUE,FALSE
13,755,0.602072629789305,TRUE,TRUE,TRUE,FALSE
13,756,0.615723508064904,TRUE,TRUE,TRUE,FALSE
13,757,0.6091441305919,TRUE,TRUE,TRUE,FALSE
13,758,0.586246446127661,TRUE,TRUE,TRUE,FALSE
13,759,0.617028891270433,TRUE,TRUE,TRUE,FALSE
13,760,0.613603052872966,TRUE,TRUE,TRUE,FALSE
13,761,0.614241705020245,TRUE,TRUE,TRUE,FALSE
13,762,0.580941742157517,TRUE,TRUE,TRUE,FALSE
13,763,0.61722997305856,TRUE,TRUE,TRUE,FALSE
13,764,0.607351851876866,TRUE,TRUE,TRUE,FALSE
13,765,0.601774565059334,TRUE,TRUE,TRUE,FALSE
13,766,0.616268306746771,TRUE,TRUE,TRUE,FALSE
13,767,0.579086930067404,FALSE,TRUE,TRUE,FALSE
13,768,0.573273905143993,FALSE,TRUE,TRUE,FALSE
13,769,0.601792077943756,TRUE,TRUE,TRUE,FALSE
13,770,0.60944521509499,TRUE,TRUE,TRUE,FALSE
13,771,0.597093256000211,TRUE,TRUE,TRUE,FALSE
13,772,0.605706073554562,TRUE,TRUE,TRUE,FALSE
13,773,0.5873606222585,TRUE,TRUE,TRUE,FALSE
13,774,0.598404996157678,TRUE,TRUE,TRUE,FALSE
13,775,0.60478255986974,TRUE,TRUE,TRUE,FALSE
13,776,0.612999410941959,TRUE,TRUE,TRUE,FALSE
13,777,0.618608030771296,TRUE,TRUE,TRUE,FALSE
13,778,0.586817227614213,TRUE,TRUE,TRUE,FALSE
13,779,0.595336947369143,TRUE,TRUE,TRUE,FALSE
13,780,0.575852153031371,FALSE,TRUE,TRUE,FALSE
13,781,0.595252429458493,TRUE,TRUE,TRUE,FALSE
13,782,0.594308355036753,TRUE,TRUE,TRUE,FALSE
13,783,0.606094243939363,TRUE,TRUE,TRUE,FALSE
13,784,0.60116414310156,TRUE,TRUE,TRUE,FALSE
13,785,0.604691090100495,TRUE,TRUE,TRUE,FALSE
13,786,0.622912252776839,FALSE,TRUE,TRUE,FALSE
13,787,0.613830471367063,TRUE,TRUE,TRUE,FALSE
13,788,0.594054313159178,TRUE,TRUE,TRUE,FALSE
13,789,0.58590532191117,TRUE,TRUE,TRUE,FALSE
13,790,0.603051308176651,TRUE,TRUE,TRUE,FALSE
13,791,0.589432640409108,TRUE,TRUE,TRUE,FALSE
13,792,0.583240654473016,TRUE,TRUE,TRUE,FALSE
13,793,0.606976143272046,TRUE,TRUE,TRUE,FALSE
13,794,0.608445917748556,TRUE,TRUE,TRUE,FALSE
13,795,0.599614307472415,TRUE,TRUE,TRUE,FALSE
13,796,0.601156945413838,TRUE,TRUE,TRUE,FALSE
13,797,0.61042683663637,TRUE,TRUE,TRUE,FALSE
13,798,0.596192564855983,TRUE,TRUE,TRUE,FALSE
13,799,0.605833362642026,TRUE,TRUE,TRUE,FALSE
13,800,0.595678143678979,TRUE,TRUE,TRUE,FALSE
13,801,0.595211226958041,TRUE,TRUE,TRUE,FALSE
13,802,0.616284650384534,TRUE,TRUE,TRUE,FALSE
13,803,0.599611123117464,TRUE,TRUE,TRUE,FALSE
13,804,0.624608346966724,TRUE,TRUE,TRUE,FALSE
13,805,0.600256749670343,TRUE,TRUE,TRUE,FALSE
13,806,0.613985840495596,TRUE,TRUE,TRUE,FALSE
13,807,0.590476099941833,TRUE,TRUE,TRUE,FALSE
13,808,0.615391536786524,TRUE,TRUE,TRUE,FALSE
13,809,0.589687719631855,TRUE,TRUE,TRUE,FALSE
13,810,0.599200137273457,TRUE,TRUE,TRUE,FALSE
13,811,0.595870847953429,TRUE,TRUE,TRUE,FALSE
13,812,0.57616578310744,FALSE,TRUE,TRUE,FALSE
13,813,0.596603116008856,TRUE,TRUE,TRUE,FALSE
13,814,0.591056178495053,TRUE,TRUE,TRUE,FALSE
13,815,0.60145282831063,TRUE,TRUE,TRUE,FALSE
13,816,0.612924885369213,TRUE,TRUE,TRUE,FALSE
13,817,0.58927068676324,TRUE,TRUE,TRUE,FALSE
13,818,0.597203088924368,TRUE,TRUE,TRUE,FALSE
13,819,0.606707508900462,TRUE,TRUE,TRUE,FALSE
13,820,0.608788720585094,TRUE,TRUE,TRUE,FALSE
13,821,0.611240330646436,TRUE,TRUE,TRUE,FALSE
13,822,0.603517538791317,TRUE,TRUE,TRUE,FALSE
13,823,0.605134684596438,TRUE,TRUE,TRUE,FALSE
13,824,0.592082726016851,TRUE,TRUE,TRUE,FALSE
13,825,0.596154503702424,TRUE,TRUE,TRUE,FALSE
13,826,0.607839807712195,TRUE,TRUE,TRUE,FALSE
13,827,0.598836710297209,TRUE,TRUE,TRUE,FALSE
13,828,0.584182479314517,TRUE,TRUE,TRUE,FALSE
13,829,0.601426842454646,TRUE,TRUE,TRUE,FALSE
13,830,0.620747527762962,TRUE,TRUE,TRUE,FALSE
13,831,0.590248313221053,TRUE,TRUE,TRUE,FALSE
13,832,0.608220622606948,TRUE,TRUE,TRUE,FALSE
13,833,0.600377720678956,TRUE,TRUE,TRUE,FALSE
13,834,0.594326333934594,TRUE,TRUE,TRUE,FALSE
13,835,0.593696567691178,TRUE,TRUE,TRUE,FALSE
13,836,0.593092505489698,TRUE,TRUE,TRUE,FALSE
13,837,0.586861658977552,TRUE,TRUE,TRUE,FALSE
13,838,0.606051005586617,TRUE,TRUE,TRUE,FALSE
13,839,0.587165650518187,TRUE,TRUE,TRUE,FALSE
13,840,0.607567371867767,TRUE,TRUE,TRUE,FALSE
13,841,0.59870877131315,TRUE,TRUE,TRUE,FALSE
13,842,0.589936004145155,TRUE,TRUE,TRUE,FALSE
13,843,0.587588050008555,TRUE,TRUE,TRUE,FALSE
13,844,0.60792959956288,TRUE,TRUE,TRUE,FALSE
13,845,0.599221431854387,TRUE,TRUE,TRUE,FALSE
13,846,0.585698772346071,TRUE,TRUE,TRUE,FALSE
13,847,0.5966146561377,TRUE,TRUE,TRUE,FALSE
13,848,0.609918266048111,TRUE,TRUE,TRUE,FALSE
13,849,0.591591856127081,TRUE,TRUE,TRUE,FALSE
13,850,0.603443037669556,TRUE,TRUE,TRUE,FALSE
13,851,0.606462568522806,TRUE,TRUE,TRUE,FALSE
13,852,0.589372296508056,TRUE,TRUE,TRUE,FALSE
13,853,0.606515308955587,TRUE,TRUE,TRUE,FALSE
13,854,0.584890541511087,TRUE,TRUE,TRUE,FALSE
13,855,0.604454249534287,TRUE,TRUE,TRUE,FALSE
13,856,0.600997268023818,TRUE,TRUE,TRUE,FALSE
13,857,0.598890251398077,TRUE,TRUE,TRUE,FALSE
13,858,0.578633090820338,TRUE,TRUE,TRUE,FALSE
13,859,0.610702926832531,TRUE,TRUE,TRUE,FALSE
13,860,0.593270601686893,TRUE,TRUE,TRUE,FALSE
13,861,0.595681539604235,TRUE,TRUE,TRUE,FALSE
13,862,0.603876495737192,TRUE,TRUE,TRUE,FALSE
13,863,0.596341352174821,TRUE,TRUE,TRUE,FALSE
13,864,0.620907443970699,TRUE,TRUE,TRUE,FALSE
13,865,0.611929983135868,TRUE,TRUE,TRUE,FALSE
13,866,0.595683126152735,TRUE,TRUE,TRUE,FALSE
13,867,0.597407380448674,TRUE,TRUE,TRUE,FALSE
13,868,0.61582713816414,TRUE,TRUE,TRUE,TRUE
13,869,0.596291322295571,TRUE,TRUE,TRUE,FALSE
13,870,0.601106787386397,TRUE,TRUE,TRUE,FALSE
13,871,0.606503066845132,TRUE,TRUE,TRUE,FALSE
13,872,0.606325543352913,TRUE,TRUE,TRUE,FALSE
13,873,0.617099719488508,TRUE,TRUE,TRUE,FALSE
13,874,0.586253936416778,TRUE,TRUE,TRUE,FALSE
13,875,0.611284740556243,TRUE,TRUE,TRUE,FALSE
13,876,0.607626259331019,TRUE,TRUE,TRUE,FALSE
13,877,0.600928148874011,TRUE,TRUE,TRUE,FALSE
13,878,0.587981731626966,TRUE,TRUE,TRUE,FALSE
13,879,0.60212563459469,TRUE,TRUE,TRUE,FALSE
13,880,0.596342973016702,TRUE,TRUE,TRUE,FALSE
13,881,0.610774553573507,TRUE,TRUE,TRUE,FALSE
13,882,0.598728837133624,TRUE,TRUE,TRUE,FALSE
13,883,0.587083184516364,TRUE,TRUE,TRUE,FALSE
13,884,0.572665927424577,FALSE,TRUE,TRUE,FALSE
13,885,0.602032964485824,TRUE,TRUE,TRUE,FALSE
13,886,0.591052238662723,TRUE,TRUE,TRUE,FALSE
13,887,0.609262510843801,TRUE,TRUE,TRUE,FALSE
13,888,0.589413721393787,TRUE,TRUE,TRUE,FALSE
13,889,0.584032933568519,TRUE,TRUE,TRUE,FALSE
13,890,0.601104242318339,TRUE,TRUE,TRUE,FALSE
13,891,0.603145262184049,TRUE,TRUE,TRUE,FALSE
13,892,0.603297477538561,TRUE,TRUE,TRUE,FALSE
13,893,0.607738608189486,TRUE,TRUE,TRUE,FALSE
13,894,0.593057759620413,TRUE,TRUE,TRUE,FALSE
13,895,0.604698394650024,TRUE,TRUE,TRUE,FALSE
13,896,0.595061109980233,TRUE,TRUE,TRUE,FALSE
13,897,0.594058471356438,TRUE,TRUE,TRUE,FALSE
13,898,0.586618431798902,TRUE,TRUE,TRUE,FALSE
13,899,0.621113017146746,TRUE,TRUE,TRUE,FALSE
13,900,0.58643966486481,TRUE,TRUE,TRUE,FALSE
13,901,0.609763208834792,TRUE,TRUE,TRUE,FALSE
13,902,0.595092709255613,TRUE,TRUE,TRUE,FALSE
13,903,0.583691862230688,TRUE,TRUE,TRUE,FALSE
13,904,0.600020583972113,TRUE,TRUE,TRUE,FALSE
13,905,0.599256264812751,TRUE,TRUE,TRUE,FALSE
13,906,0.610736803244453,TRUE,TRUE,TRUE,FALSE
13,907,0.619891422694367,FALSE,TRUE,TRUE,FALSE
13,908,0.601027145156707,TRUE,TRUE,TRUE,FALSE
13,909,0.599472252597832,TRUE,TRUE,TRUE,FALSE
13,910,0.608656868161888,TRUE,TRUE,TRUE,FALSE
13,911,0.578980920747798,FALSE,TRUE,TRUE,FALSE
13,912,0.601711258713633,TRUE,TRUE,TRUE,FALSE
13,913,0.603417911588044,TRUE,TRUE,TRUE,FALSE
13,914,0.59311066424484,TRUE,TRUE,TRUE,FALSE
13,915,0.578559231084851,FALSE,TRUE,TRUE,FALSE
13,916,0.614942775082814,TRUE,TRUE,TRUE,FALSE
13,917,0.607261937831974,TRUE,TRUE,TRUE,FALSE
13,918,0.60473434218172,TRUE,TRUE,TRUE,FALSE
13,919,0.582817012593091,TRUE,TRUE,TRUE,FALSE
13,920,0.595200847439678,TRUE,TRUE,TRUE,FALSE
13,921,0.59698040857764,TRUE,TRUE,TRUE,FALSE
13,922,0.591793589474093,TRUE,TRUE,TRUE,FALSE
13,923,0.599851273162307,TRUE,TRUE,TRUE,FALSE
13,924,0.599603728311475,TRUE,TRUE,TRUE,FALSE
13,925,0.622421344604508,TRUE,TRUE,TRUE,FALSE
13,926,0.588704329292243,TRUE,TRUE,TRUE,FALSE
13,927,0.603324800171653,TRUE,TRUE,TRUE,FALSE
13,928,0.611542760453168,TRUE,TRUE,TRUE,FALSE
13,929,0.596810634558744,TRUE,TRUE,TRUE,FALSE
13,930,0.594365027351127,TRUE,TRUE,TRUE,FALSE
13,931,0.590517320644197,TRUE,TRUE,TRUE,FALSE
13,932,0.575961799569389,FALSE,TRUE,TRUE,FALSE
13,933,0.59549453373218,TRUE,TRUE,TRUE,FALSE
13,934,0.611875933531985,TRUE,TRUE,TRUE,FALSE
13,935,0.612601210866723,TRUE,TRUE,TRUE,FALSE
13,936,0.5973648815787,TRUE,TRUE,TRUE,FALSE
13,937,0.605498062490603,TRUE,TRUE,TRUE,FALSE
13,938,0.600384669765439,TRUE,TRUE,TRUE,FALSE
13,939,0.596926019512833,TRUE,TRUE,TRUE,FALSE
13,940,0.6035303298865,TRUE,TRUE,TRUE,FALSE
13,941,0.598376761625952,TRUE,TRUE,TRUE,FALSE
13,942,0.60490645177827,TRUE,TRUE,TRUE,FALSE
13,943,0.594994476469718,TRUE,TRUE,TRUE,FALSE
13,944,0.60356621524408,TRUE,TRUE,TRUE,FALSE
13,945,0.592794813251534,TRUE,TRUE,TRUE,FALSE
13,946,0.621633674045304,TRUE,TRUE,TRUE,FALSE
13,947,0.599291915541884,TRUE,TRUE,TRUE,FALSE
13,948,0.596387373064602,TRUE,TRUE,TRUE,FALSE
13,949,0.590084220527409,TRUE,TRUE,TRUE,FALSE
13,950,0.593737706375184,TRUE,TRUE,TRUE,TRUE
13,951,0.601582993758708,TRUE,TRUE,TRUE,FALSE
13,952,0.607591896564341,TRUE,TRUE,TRUE,FALSE
13,953,0.601178293189131,TRUE,TRUE,TRUE,FALSE
13,954,0.609799233096749,TRUE,TRUE,TRUE,FALSE
13,955,0.595019428108998,TRUE,TRUE,TRUE,FALSE
13,956,0.618917541496232,TRUE,TRUE,TRUE,FALSE
13,957,0.592869387455428,TRUE,TRUE,TRUE,FALSE
13,958,0.595146519833299,TRUE,TRUE,TRUE,FALSE
13,959,0.602563322473946,TRUE,TRUE,TRUE,FALSE
13,960,0.594678831350462,TRUE,TRUE,TRUE,FALSE
13,961,0.588649183994883,TRUE,TRUE,TRUE,FALSE
13,962,0.597830796135239,TRUE,TRUE,TRUE,FALSE
13,963,0.579514911098284,TRUE,TRUE,TRUE,FALSE
13,964,0.615183854772591,TRUE,TRUE,TRUE,FALSE
13,965,0.594998756708274,TRUE,TRUE,TRUE,FALSE
13,966,0.602917859968026,TRUE,TRUE,TRUE,FALSE
13,967,0.603823109663378,TRUE,TRUE,TRUE,FALSE
13,968,0.615631289219174,TRUE,TRUE,TRUE,FALSE
13,969,0.598783377904028,TRUE,TRUE,TRUE,FALSE
13,970,0.593532555071858,TRUE,TRUE,TRUE,FALSE
13,971,0.605445747316295,TRUE,TRUE,TRUE,FALSE
13,972,0.599460208807918,TRUE,TRUE,TRUE,FALSE
13,973,0.612281278706294,TRUE,TRUE,TRUE,FALSE
13,974,0.592362673543578,TRUE,TRUE,TRUE,FALSE
13,975,0.593503030216514,TRUE,TRUE,TRUE,FALSE
13,976,0.615018129825409,TRUE,TRUE,TRUE,FALSE
13,977,0.601474000225636,TRUE,TRUE,TRUE,FALSE
13,978,0.609335703825901,TRUE,TRUE,TRUE,FALSE
13,979,0.6117967533069,TRUE,TRUE,TRUE,FALSE
13,980,0.598340788841175,TRUE,TRUE,TRUE,FALSE
13,981,0.608407064687258,TRUE,TRUE,TRUE,FALSE
13,982,0.588304952178218,TRUE,TRUE,TRUE,FALSE
13,983,0.592008286733584,TRUE,TRUE,TRUE,FALSE
13,984,0.604565685477587,TRUE,TRUE,TRUE,FALSE
13,985,0.570709265871055,FALSE,TRUE,TRUE,FALSE
13,986,0.605764522615143,TRUE,TRUE,TRUE,FALSE
13,987,0.596702134161599,TRUE,TRUE,TRUE,FALSE
13,988,0.600160973039034,TRUE,TRUE,TRUE,FALSE
13,989,0.600309076455402,TRUE,TRUE,TRUE,FALSE
13,990,0.612511221841511,TRUE,TRUE,TRUE,FALSE
13,991,0.610436183247721,TRUE,TRUE,TRUE,FALSE
13,992,0.596134453906201,TRUE,TRUE,TRUE,FALSE
13,993,0.597810035721374,TRUE,TRUE,TRUE,FALSE
13,994,0.589525876467407,TRUE,TRUE,TRUE,FALSE
13,995,0.618356842799943,TRUE,TRUE,TRUE,FALSE
13,996,0.603481605350634,TRUE,TRUE,TRUE,FALSE
13,997,0.591547628904966,TRUE,TRUE,TRUE,FALSE
13,998,0.593664276076196,TRUE,TRUE,TRUE,FALSE
13,999,0.60358229947617,TRUE,TRUE,TRUE,FALSE
13,1000,0.591044877553851,TRUE,TRUE,TRUE,FALSE
14,1,0.815351906200609,TRUE,TRUE,TRUE,FALSE
14,2,0.798562534320724,TRUE,TRUE,TRUE,FALSE
14,3,0.782950130505317,TRUE,TRUE,TRUE,FALSE
14,4,0.795060392505474,TRUE,TRUE,TRUE,FALSE
14,5,0.796426723022243,TRUE,TRUE,TRUE,FALSE
14,6,0.797157784795242,TRUE,TRUE,TRUE,FALSE
14,7,0.794412919218927,TRUE,TRUE,TRUE,FALSE
14,8,0.79199713989624,TRUE,TRUE,TRUE,FALSE
14,9,0.80856266585963,TRUE,TRUE,TRUE,FALSE
14,10,0.773999669316674,FALSE,TRUE,TRUE,FALSE
14,11,0.785565991750224,TRUE,TRUE,TRUE,FALSE
14,12,0.785448024432179,TRUE,TRUE,TRUE,FALSE
14,13,0.803992186706047,TRUE,TRUE,TRUE,FALSE
14,14,0.793007174361038,TRUE,TRUE,TRUE,FALSE
14,15,0.793442403597517,TRUE,TRUE,TRUE,FALSE
14,16,0.799005801457027,TRUE,TRUE,TRUE,FALSE
14,17,0.818082916560059,TRUE,TRUE,TRUE,FALSE
14,18,0.815375989859862,TRUE,TRUE,TRUE,FALSE
14,19,0.799387256133077,TRUE,TRUE,TRUE,FALSE
14,20,0.815652162388347,TRUE,TRUE,TRUE,FALSE
14,21,0.803589213823141,TRUE,TRUE,TRUE,FALSE
14,22,0.811006913124583,TRUE,TRUE,TRUE,FALSE
14,23,0.811621164273071,TRUE,TRUE,TRUE,FALSE
14,24,0.794466542784409,TRUE,TRUE,TRUE,FALSE
14,25,0.810303521322114,TRUE,TRUE,TRUE,FALSE
14,26,0.789051421696671,TRUE,TRUE,TRUE,FALSE
14,27,0.779702651155884,TRUE,TRUE,TRUE,FALSE
14,28,0.800440766157579,TRUE,TRUE,TRUE,FALSE
14,29,0.805946774868856,TRUE,TRUE,TRUE,FALSE
14,30,0.783660308357203,TRUE,TRUE,TRUE,FALSE
14,31,0.782045621220757,TRUE,TRUE,TRUE,FALSE
14,32,0.800242321302791,TRUE,TRUE,TRUE,FALSE
14,33,0.798267293563517,TRUE,TRUE,TRUE,FALSE
14,34,0.817649455431366,TRUE,TRUE,TRUE,FALSE
14,35,0.802663771399498,TRUE,TRUE,TRUE,FALSE
14,36,0.809766739238661,TRUE,TRUE,TRUE,FALSE
14,37,0.811777400915811,TRUE,TRUE,TRUE,FALSE
14,38,0.794536968816952,TRUE,TRUE,TRUE,FALSE
14,39,0.788289884048815,TRUE,TRUE,TRUE,FALSE
14,40,0.806681587849366,TRUE,TRUE,TRUE,FALSE
14,41,0.798449796210051,TRUE,TRUE,TRUE,FALSE
14,42,0.809761536472533,TRUE,TRUE,TRUE,FALSE
14,43,0.809981486093812,TRUE,TRUE,TRUE,FALSE
14,44,0.794224908212429,TRUE,TRUE,TRUE,FALSE
14,45,0.808908487666817,TRUE,TRUE,TRUE,FALSE
14,46,0.809708619140856,TRUE,TRUE,TRUE,FALSE
14,47,0.806698834805276,TRUE,TRUE,TRUE,FALSE
14,48,0.791923602929487,TRUE,TRUE,TRUE,FALSE
14,49,0.816978018197363,TRUE,TRUE,TRUE,FALSE
14,50,0.800964192570974,TRUE,TRUE,TRUE,FALSE
14,51,0.793483181745678,TRUE,TRUE,TRUE,FALSE
14,52,0.813963682595378,TRUE,TRUE,TRUE,FALSE
14,53,0.79403887914731,TRUE,TRUE,TRUE,FALSE
14,54,0.807775861977279,TRUE,TRUE,TRUE,FALSE
14,55,0.789195789408272,TRUE,TRUE,TRUE,FALSE
14,56,0.811274398348159,TRUE,TRUE,TRUE,TRUE
14,57,0.795361449492589,TRUE,TRUE,TRUE,FALSE
14,58,0.805413259287981,TRUE,TRUE,TRUE,FALSE
14,59,0.804512371546256,TRUE,TRUE,TRUE,FALSE
14,60,0.800405265988446,TRUE,TRUE,TRUE,FALSE
14,61,0.802770947092772,TRUE,TRUE,TRUE,FALSE
14,62,0.800631004161667,TRUE,TRUE,TRUE,FALSE
14,63,0.790742822580124,TRUE,TRUE,TRUE,FALSE
14,64,0.805063233237851,TRUE,TRUE,TRUE,FALSE
14,65,0.79603119735142,TRUE,TRUE,TRUE,FALSE
14,66,0.794528658651368,TRUE,TRUE,TRUE,FALSE
14,67,0.796403775837769,TRUE,TRUE,TRUE,FALSE
14,68,0.795770739250963,TRUE,TRUE,TRUE,FALSE
14,69,0.807524966976302,TRUE,TRUE,TRUE,FALSE
14,70,0.787186409575832,TRUE,TRUE,TRUE,FALSE
14,71,0.783751305592867,TRUE,TRUE,TRUE,FALSE
14,72,0.794933224722551,TRUE,TRUE,TRUE,FALSE
14,73,0.796266434764982,TRUE,TRUE,TRUE,FALSE
14,74,0.779910159937905,TRUE,TRUE,TRUE,FALSE
14,75,0.800344324024935,TRUE,TRUE,TRUE,FALSE
14,76,0.792523016366482,TRUE,TRUE,TRUE,FALSE
14,77,0.80479270251714,TRUE,TRUE,TRUE,FALSE
14,78,0.816265274009938,TRUE,TRUE,TRUE,FALSE
14,79,0.800609162785137,TRUE,TRUE,TRUE,FALSE
14,80,0.806635754818825,TRUE,TRUE,TRUE,FALSE
14,81,0.808630433148983,TRUE,TRUE,TRUE,FALSE
14,82,0.79860991877386,TRUE,TRUE,TRUE,FALSE
14,83,0.799077241102075,TRUE,TRUE,TRUE,FALSE
14,84,0.800692917037927,TRUE,TRUE,TRUE,FALSE
14,85,0.807986456810349,TRUE,TRUE,TRUE,FALSE
14,86,0.797168688346735,TRUE,TRUE,TRUE,FALSE
14,87,0.806134685597191,TRUE,TRUE,TRUE,FALSE
14,88,0.813595839918742,TRUE,TRUE,TRUE,FALSE
14,89,0.823399950654176,FALSE,TRUE,TRUE,FALSE
14,90,0.807582686933151,TRUE,TRUE,TRUE,FALSE
14,91,0.803137012462714,TRUE,TRUE,TRUE,FALSE
14,92,0.810736319418773,TRUE,TRUE,TRUE,FALSE
14,93,0.803194960549961,TRUE,TRUE,TRUE,FALSE
14,94,0.819552868877436,TRUE,TRUE,TRUE,FALSE
14,95,0.798555003190127,TRUE,TRUE,TRUE,FALSE
14,96,0.787996526768585,TRUE,TRUE,TRUE,FALSE
14,97,0.788484647817316,TRUE,TRUE,TRUE,FALSE
14,98,0.800149359035069,TRUE,TRUE,TRUE,FALSE
14,99,0.804872198205735,TRUE,TRUE,TRUE,FALSE
14,100,0.792328868609577,TRUE,TRUE,TRUE,FALSE
14,101,0.830612328158693,FALSE,TRUE,TRUE,FALSE
14,102,0.812488536251814,TRUE,TRUE,TRUE,FALSE
14,103,0.808005080129506,TRUE,TRUE,TRUE,FALSE
14,104,0.794726233118495,TRUE,TRUE,TRUE,FALSE
14,105,0.808127206701168,TRUE,TRUE,TRUE,FALSE
14,106,0.798268733011181,TRUE,TRUE,TRUE,FALSE
14,107,0.799142293640752,TRUE,TRUE,TRUE,FALSE
14,108,0.805946050786264,TRUE,TRUE,TRUE,FALSE
14,109,0.805387795301834,TRUE,TRUE,TRUE,FALSE
14,110,0.798683269290463,TRUE,TRUE,TRUE,FALSE
14,111,0.789533822801503,TRUE,TRUE,TRUE,FALSE
14,112,0.795119498417998,TRUE,TRUE,TRUE,FALSE
14,113,0.803750286464201,TRUE,TRUE,TRUE,FALSE
14,114,0.792608420447044,TRUE,TRUE,TRUE,FALSE
14,115,0.815743390444558,TRUE,TRUE,TRUE,FALSE
14,116,0.816172825834884,TRUE,TRUE,TRUE,FALSE
14,117,0.779310492752831,TRUE,TRUE,TRUE,FALSE
14,118,0.796753001027627,TRUE,TRUE,TRUE,FALSE
14,119,0.791178157734946,TRUE,TRUE,TRUE,FALSE
14,120,0.79864362329948,TRUE,TRUE,TRUE,FALSE
14,121,0.801026718707507,TRUE,TRUE,TRUE,FALSE
14,122,0.794045914803157,TRUE,TRUE,TRUE,FALSE
14,123,0.809379629810651,TRUE,TRUE,TRUE,FALSE
14,124,0.795006588342897,TRUE,TRUE,TRUE,FALSE
14,125,0.785826336125693,TRUE,TRUE,TRUE,TRUE
14,126,0.801447167167838,TRUE,TRUE,TRUE,FALSE
14,127,0.7901799353917,TRUE,TRUE,TRUE,FALSE
14,128,0.812130156951604,TRUE,TRUE,TRUE,FALSE
14,129,0.792887441924283,TRUE,TRUE,TRUE,FALSE
14,130,0.800392943798996,TRUE,TRUE,TRUE,FALSE
14,131,0.814304456468052,TRUE,TRUE,TRUE,FALSE
14,132,0.78934235103171,TRUE,TRUE,TRUE,FALSE
14,133,0.798846375548132,TRUE,TRUE,TRUE,FALSE
14,134,0.777902226447471,FALSE,TRUE,TRUE,FALSE
14,135,0.808465588341891,TRUE,TRUE,TRUE,FALSE
14,136,0.79649417210778,TRUE,TRUE,TRUE,TRUE
14,137,0.795057542651034,TRUE,TRUE,TRUE,FALSE
14,138,0.813712984808878,TRUE,TRUE,TRUE,FALSE
14,139,0.796983423877814,TRUE,TRUE,TRUE,FALSE
14,140,0.813632780093876,TRUE,TRUE,TRUE,FALSE
14,141,0.796767366838793,TRUE,TRUE,TRUE,FALSE
14,142,0.776431427771772,FALSE,TRUE,TRUE,FALSE
14,143,0.810048060152468,TRUE,TRUE,TRUE,FALSE
14,144,0.799103695295494,TRUE,TRUE,TRUE,FALSE
14,145,0.810685380453095,TRUE,TRUE,TRUE,FALSE
14,146,0.812041173576359,TRUE,TRUE,TRUE,FALSE
14,147,0.815619137245616,TRUE,TRUE,TRUE,FALSE
14,148,0.803749481417153,TRUE,TRUE,TRUE,FALSE
14,149,0.79146717175436,TRUE,TRUE,TRUE,FALSE
14,150,0.770734108827443,FALSE,TRUE,TRUE,FALSE
14,151,0.788456480461459,TRUE,TRUE,TRUE,FALSE
14,152,0.799735003070542,TRUE,TRUE,TRUE,FALSE
14,153,0.790368980154561,TRUE,TRUE,TRUE,FALSE
14,154,0.809013741012959,TRUE,TRUE,TRUE,FALSE
14,155,0.8025888244082,TRUE,TRUE,TRUE,FALSE
14,156,0.787105979598771,TRUE,TRUE,TRUE,FALSE
14,157,0.809320072753834,TRUE,TRUE,TRUE,FALSE
14,158,0.795010097039603,TRUE,TRUE,TRUE,FALSE
14,159,0.794978333261643,TRUE,TRUE,TRUE,FALSE
14,160,0.808449054878957,TRUE,TRUE,TRUE,FALSE
14,161,0.791363254888446,TRUE,TRUE,TRUE,FALSE
14,162,0.77892562231703,FALSE,TRUE,TRUE,TRUE
14,163,0.797084864038591,TRUE,TRUE,TRUE,FALSE
14,164,0.815916928055421,TRUE,TRUE,TRUE,FALSE
14,165,0.790299053665231,TRUE,TRUE,TRUE,FALSE
14,166,0.803074515286781,TRUE,TRUE,TRUE,FALSE
14,167,0.792226508384507,TRUE,TRUE,TRUE,TRUE
14,168,0.779423881343614,FALSE,TRUE,TRUE,FALSE
14,169,0.790252344348861,TRUE,TRUE,TRUE,FALSE
14,170,0.798568511429231,TRUE,TRUE,TRUE,FALSE
14,171,0.804154391857418,TRUE,TRUE,TRUE,FALSE
14,172,0.796523850595856,TRUE,TRUE,TRUE,FALSE
14,173,0.803692067403997,TRUE,TRUE,TRUE,FALSE
14,174,0.80106811671887,TRUE,TRUE,TRUE,FALSE
14,175,0.788247805292319,TRUE,TRUE,TRUE,FALSE
14,176,0.809582328625594,TRUE,TRUE,TRUE,FALSE
14,177,0.800272170356798,TRUE,TRUE,TRUE,FALSE
14,178,0.811757517109681,TRUE,TRUE,TRUE,FALSE
14,179,0.811385891612845,TRUE,TRUE,TRUE,FALSE
14,180,0.805012779519019,TRUE,TRUE,TRUE,FALSE
14,181,0.818430352281989,TRUE,TRUE,TRUE,FALSE
14,182,0.788211545774777,TRUE,TRUE,TRUE,FALSE
14,183,0.819223462130821,FALSE,TRUE,TRUE,FALSE
14,184,0.788456813039721,TRUE,TRUE,TRUE,FALSE
14,185,0.822509824750349,FALSE,TRUE,TRUE,FALSE
14,186,0.801532499433815,TRUE,TRUE,TRUE,FALSE
14,187,0.799322947059923,TRUE,TRUE,TRUE,FALSE
14,188,0.791302333791241,TRUE,TRUE,TRUE,FALSE
14,189,0.80468689605052,TRUE,TRUE,TRUE,FALSE
14,190,0.800589974003441,TRUE,TRUE,TRUE,FALSE
14,191,0.814054784051741,TRUE,TRUE,TRUE,FALSE
14,192,0.786763419016395,TRUE,TRUE,TRUE,FALSE
14,193,0.796549864960334,TRUE,TRUE,TRUE,FALSE
14,194,0.792056224534251,TRUE,TRUE,TRUE,FALSE
14,195,0.808841377216317,TRUE,TRUE,TRUE,FALSE
14,196,0.790477679347634,TRUE,TRUE,TRUE,FALSE
14,197,0.799075016509737,TRUE,TRUE,TRUE,FALSE
14,198,0.805978239501526,TRUE,TRUE,TRUE,FALSE
14,199,0.802667156777113,TRUE,TRUE,TRUE,FALSE
14,200,0.807441733001283,TRUE,TRUE,TRUE,FALSE
14,201,0.800437336285399,TRUE,TRUE,TRUE,FALSE
14,202,0.817719892869977,TRUE,TRUE,TRUE,FALSE
14,203,0.795139710643159,TRUE,TRUE,TRUE,FALSE
14,204,0.802179442877545,TRUE,TRUE,TRUE,FALSE
14,205,0.814803413189516,TRUE,TRUE,TRUE,FALSE
14,206,0.792318532423481,TRUE,TRUE,TRUE,FALSE
14,207,0.788364469709302,TRUE,TRUE,TRUE,FALSE
14,208,0.798740937534333,TRUE,TRUE,TRUE,FALSE
14,209,0.797185386675938,TRUE,TRUE,TRUE,FALSE
14,210,0.813220396072969,TRUE,TRUE,TRUE,FALSE
14,211,0.782856247129051,TRUE,TRUE,TRUE,FALSE
14,212,0.812294962961669,TRUE,TRUE,TRUE,FALSE
14,213,0.805859338712891,TRUE,TRUE,TRUE,FALSE
14,214,0.786721155858627,TRUE,TRUE,TRUE,FALSE
14,215,0.79718008267077,TRUE,TRUE,TRUE,FALSE
14,216,0.775178696399526,FALSE,TRUE,TRUE,FALSE
14,217,0.792559259407823,TRUE,TRUE,TRUE,FALSE
14,218,0.79275285713162,TRUE,TRUE,TRUE,FALSE
14,219,0.806819113593913,TRUE,TRUE,TRUE,FALSE
14,220,0.775297496880769,FALSE,TRUE,TRUE,FALSE
14,221,0.793526571765141,TRUE,TRUE,TRUE,FALSE
14,222,0.782728135382541,TRUE,TRUE,TRUE,FALSE
14,223,0.810645976018828,TRUE,TRUE,TRUE,FALSE
14,224,0.804338336113527,TRUE,TRUE,TRUE,FALSE
14,225,0.792819698670724,TRUE,TRUE,TRUE,FALSE
14,226,0.792400687396685,TRUE,TRUE,TRUE,FALSE
14,227,0.803761042071999,TRUE,TRUE,TRUE,FALSE
14,228,0.793730384233331,TRUE,TRUE,TRUE,FALSE
14,229,0.804893760502821,TRUE,TRUE,TRUE,FALSE
14,230,0.817255558244265,TRUE,TRUE,TRUE,FALSE
14,231,0.806426958666484,TRUE,TRUE,TRUE,FALSE
14,232,0.786107068023679,TRUE,TRUE,TRUE,FALSE
14,233,0.796282262067782,TRUE,TRUE,TRUE,FALSE
14,234,0.802145762986497,TRUE,TRUE,TRUE,FALSE
14,235,0.797557330985478,TRUE,TRUE,TRUE,FALSE
14,236,0.793054958855378,TRUE,TRUE,TRUE,FALSE
14,237,0.795289938543019,TRUE,TRUE,TRUE,FALSE
14,238,0.815436478130949,TRUE,TRUE,TRUE,FALSE
14,239,0.806544963018041,TRUE,TRUE,TRUE,FALSE
14,240,0.793818081869311,TRUE,TRUE,TRUE,FALSE
14,241,0.804549932858865,TRUE,TRUE,TRUE,FALSE
14,242,0.789996944154384,TRUE,TRUE,TRUE,FALSE
14,243,0.805924502202258,TRUE,TRUE,TRUE,FALSE
14,244,0.797473680387608,TRUE,TRUE,TRUE,FALSE
14,245,0.808156958318394,TRUE,TRUE,TRUE,FALSE
14,246,0.787414163496704,TRUE,TRUE,TRUE,FALSE
14,247,0.824008885683082,FALSE,TRUE,TRUE,FALSE
14,248,0.792568179425938,TRUE,TRUE,TRUE,FALSE
14,249,0.803322120507654,TRUE,TRUE,TRUE,FALSE
14,250,0.818889378031848,TRUE,TRUE,TRUE,FALSE
14,251,0.80612681111679,TRUE,TRUE,TRUE,FALSE
14,252,0.80799222190265,TRUE,TRUE,TRUE,FALSE
14,253,0.805876562541565,TRUE,TRUE,TRUE,FALSE
14,254,0.815705783110496,TRUE,TRUE,TRUE,FALSE
14,255,0.796430306586544,TRUE,TRUE,TRUE,FALSE
14,256,0.790346106118021,TRUE,TRUE,TRUE,FALSE
14,257,0.805227353426137,TRUE,TRUE,TRUE,FALSE
14,258,0.8095796431846,TRUE,TRUE,TRUE,FALSE
14,259,0.803043340347111,TRUE,TRUE,TRUE,FALSE
14,260,0.802633132298386,TRUE,TRUE,TRUE,FALSE
14,261,0.80047046131677,TRUE,TRUE,TRUE,FALSE
14,262,0.798427496948423,TRUE,TRUE,TRUE,FALSE
14,263,0.797795988419432,TRUE,TRUE,TRUE,FALSE
14,264,0.795009900143484,TRUE,TRUE,TRUE,FALSE
14,265,0.80857980511077,TRUE,TRUE,TRUE,FALSE
14,266,0.823274656769412,FALSE,TRUE,TRUE,FALSE
14,267,0.788960054263147,TRUE,TRUE,TRUE,FALSE
14,268,0.812363715224925,TRUE,TRUE,TRUE,FALSE
14,269,0.803633673569988,TRUE,TRUE,TRUE,FALSE
14,270,0.770790543343792,FALSE,TRUE,TRUE,FALSE
14,271,0.789857238099646,TRUE,TRUE,TRUE,FALSE
14,272,0.802629753861981,TRUE,TRUE,TRUE,FALSE
14,273,0.791268394599589,TRUE,TRUE,TRUE,FALSE
14,274,0.809825447949024,TRUE,TRUE,TRUE,FALSE
14,275,0.797476321878725,TRUE,TRUE,TRUE,FALSE
14,276,0.801901160374405,TRUE,TRUE,TRUE,FALSE
14,277,0.799988663064787,TRUE,TRUE,TRUE,FALSE
14,278,0.812178290749059,TRUE,TRUE,TRUE,FALSE
14,279,0.79840216415534,TRUE,TRUE,TRUE,FALSE
14,280,0.808898131249902,TRUE,TRUE,TRUE,FALSE
14,281,0.821244953315657,FALSE,TRUE,TRUE,FALSE
14,282,0.817575054306161,TRUE,TRUE,TRUE,FALSE
14,283,0.780349029054471,FALSE,TRUE,TRUE,FALSE
14,284,0.803633670594391,TRUE,TRUE,TRUE,FALSE
14,285,0.776267767672139,FALSE,TRUE,TRUE,FALSE
14,286,0.780281332419093,TRUE,TRUE,TRUE,FALSE
14,287,0.777786990729825,TRUE,TRUE,TRUE,FALSE
14,288,0.791423835195632,TRUE,TRUE,TRUE,FALSE
14,289,0.785221258752058,TRUE,TRUE,TRUE,FALSE
14,290,0.800559427357174,TRUE,TRUE,TRUE,FALSE
14,291,0.80013398898029,TRUE,TRUE,TRUE,FALSE
14,292,0.796169802995766,TRUE,TRUE,TRUE,FALSE
14,293,0.812894288759,TRUE,TRUE,TRUE,FALSE
14,294,0.787482897730464,TRUE,TRUE,TRUE,FALSE
14,295,0.811606467857763,TRUE,TRUE,TRUE,FALSE
14,296,0.81223184682671,TRUE,TRUE,TRUE,FALSE
14,297,0.796981823773061,TRUE,TRUE,TRUE,FALSE
14,298,0.804082394497282,TRUE,TRUE,TRUE,FALSE
14,299,0.805910290540566,TRUE,TRUE,TRUE,FALSE
14,300,0.795629283739277,TRUE,TRUE,TRUE,FALSE
14,301,0.811128719741088,TRUE,TRUE,TRUE,FALSE
14,302,0.787870807022662,TRUE,TRUE,TRUE,FALSE
14,303,0.813604010774198,TRUE,TRUE,TRUE,FALSE
14,304,0.808906349236485,TRUE,TRUE,TRUE,FALSE
14,305,0.790781055178619,TRUE,TRUE,TRUE,FALSE
14,306,0.797557449863423,TRUE,TRUE,TRUE,FALSE
14,307,0.800245628153044,TRUE,TRUE,TRUE,FALSE
14,308,0.790929855758583,TRUE,TRUE,TRUE,FALSE
14,309,0.802230156509921,TRUE,TRUE,TRUE,FALSE
14,310,0.805403148988117,TRUE,TRUE,TRUE,FALSE
14,311,0.77863154679232,TRUE,TRUE,TRUE,FALSE
14,312,0.794695547766069,TRUE,TRUE,TRUE,FALSE
14,313,0.798102257756244,TRUE,TRUE,TRUE,FALSE
14,314,0.794300841540077,TRUE,TRUE,TRUE,FALSE
14,315,0.809179216429622,TRUE,TRUE,TRUE,FALSE
14,316,0.800818509125481,TRUE,TRUE,TRUE,FALSE
14,317,0.801138086005583,TRUE,TRUE,TRUE,FALSE
14,318,0.800794089634234,TRUE,TRUE,TRUE,FALSE
14,319,0.796794036200043,TRUE,TRUE,TRUE,FALSE
14,320,0.774854905872736,FALSE,TRUE,TRUE,FALSE
14,321,0.814677698660223,TRUE,TRUE,TRUE,FALSE
14,322,0.778923366135556,TRUE,TRUE,TRUE,FALSE
14,323,0.814163132690992,TRUE,TRUE,TRUE,FALSE
14,324,0.799991735374821,TRUE,TRUE,TRUE,FALSE
14,325,0.795518423549616,TRUE,TRUE,TRUE,FALSE
14,326,0.795219365427899,TRUE,TRUE,TRUE,FALSE
14,327,0.808185353683843,TRUE,TRUE,TRUE,FALSE
14,328,0.788376491813412,TRUE,TRUE,TRUE,FALSE
14,329,0.797360716681883,TRUE,TRUE,TRUE,FALSE
14,330,0.801243157589333,TRUE,TRUE,TRUE,FALSE
14,331,0.788565127151022,TRUE,TRUE,TRUE,FALSE
14,332,0.798738055437248,TRUE,TRUE,TRUE,FALSE
14,333,0.809224512965158,TRUE,TRUE,TRUE,FALSE
14,334,0.816028464095754,TRUE,TRUE,TRUE,FALSE
14,335,0.799486427688551,TRUE,TRUE,TRUE,FALSE
14,336,0.807680135583133,TRUE,TRUE,TRUE,FALSE
14,337,0.814351541768723,TRUE,TRUE,TRUE,FALSE
14,338,0.788482811331483,TRUE,TRUE,TRUE,FALSE
14,339,0.798531735959414,TRUE,TRUE,TRUE,FALSE
14,340,0.793806211512506,TRUE,TRUE,TRUE,FALSE
14,341,0.794756491383956,TRUE,TRUE,TRUE,FALSE
14,342,0.807255960279395,TRUE,TRUE,TRUE,FALSE
14,343,0.791603445706926,TRUE,TRUE,TRUE,FALSE
14,344,0.81041247924736,TRUE,TRUE,TRUE,FALSE
14,345,0.802934989064936,TRUE,TRUE,TRUE,FALSE
14,346,0.808775178685666,TRUE,TRUE,TRUE,FALSE
14,347,0.780310688724769,TRUE,TRUE,TRUE,FALSE
14,348,0.823956676926682,FALSE,TRUE,TRUE,TRUE
14,349,0.808421872967215,TRUE,TRUE,TRUE,FALSE
14,350,0.796228464904948,TRUE,TRUE,TRUE,FALSE
14,351,0.787826531314493,TRUE,TRUE,TRUE,FALSE
14,352,0.800391506750442,TRUE,TRUE,TRUE,FALSE
14,353,0.795583253520504,TRUE,TRUE,TRUE,FALSE
14,354,0.811150108647502,TRUE,TRUE,TRUE,FALSE
14,355,0.800246468165327,TRUE,TRUE,TRUE,FALSE
14,356,0.799646014538479,TRUE,TRUE,TRUE,FALSE
14,357,0.791683887099105,TRUE,TRUE,TRUE,FALSE
14,358,0.800412745561048,TRUE,TRUE,TRUE,FALSE
14,359,0.801816538702566,TRUE,TRUE,TRUE,FALSE
14,360,0.793832264346535,TRUE,TRUE,TRUE,FALSE
14,361,0.816525091655064,TRUE,TRUE,TRUE,FALSE
14,362,0.790423539787477,TRUE,TRUE,TRUE,FALSE
14,363,0.798327790839546,TRUE,TRUE,TRUE,FALSE
14,364,0.797305257732682,TRUE,TRUE,TRUE,FALSE
14,365,0.804163018482853,TRUE,TRUE,TRUE,FALSE
14,366,0.812182163919159,TRUE,TRUE,TRUE,FALSE
14,367,0.803738440524899,TRUE,TRUE,TRUE,FALSE
14,368,0.807488210793145,TRUE,TRUE,TRUE,FALSE
14,369,0.812429996839437,TRUE,TRUE,TRUE,FALSE
14,370,0.793345022928535,TRUE,TRUE,TRUE,FALSE
14,371,0.812112859046739,TRUE,TRUE,TRUE,TRUE
14,372,0.802670668387169,TRUE,TRUE,TRUE,FALSE
14,373,0.816815374764693,TRUE,TRUE,TRUE,FALSE
14,374,0.806173422322687,TRUE,TRUE,TRUE,FALSE
14,375,0.802941846831976,TRUE,TRUE,TRUE,FALSE
14,376,0.788394083075802,TRUE,TRUE,TRUE,FALSE
14,377,0.804532511995305,TRUE,TRUE,TRUE,FALSE
14,378,0.826794246043831,FALSE,TRUE,TRUE,FALSE
14,379,0.808603802077968,TRUE,TRUE,TRUE,FALSE
14,380,0.79803006285998,TRUE,TRUE,TRUE,FALSE
14,381,0.788405986989495,TRUE,TRUE,TRUE,FALSE
14,382,0.805860143903442,TRUE,TRUE,TRUE,FALSE
14,383,0.793077835546533,TRUE,TRUE,TRUE,FALSE
14,384,0.791619082600019,TRUE,TRUE,TRUE,FALSE
14,385,0.798637160808244,TRUE,TRUE,TRUE,FALSE
14,386,0.802975024013427,TRUE,TRUE,TRUE,FALSE
14,387,0.811650228996893,TRUE,TRUE,TRUE,FALSE
14,388,0.791764074586428,TRUE,TRUE,TRUE,FALSE
14,389,0.805617510506206,TRUE,TRUE,TRUE,FALSE
14,390,0.796879458485591,TRUE,TRUE,TRUE,FALSE
14,391,0.80961356160682,TRUE,TRUE,TRUE,FALSE
14,392,0.790712320576248,TRUE,TRUE,TRUE,FALSE
14,393,0.797893178927111,TRUE,TRUE,TRUE,FALSE
14,394,0.776686829136555,FALSE,TRUE,TRUE,FALSE
14,395,0.792255918460961,TRUE,TRUE,TRUE,FALSE
14,396,0.810056657571044,TRUE,TRUE,TRUE,FALSE
14,397,0.806598836558009,TRUE,TRUE,TRUE,FALSE
14,398,0.800463456985781,TRUE,TRUE,TRUE,FALSE
14,399,0.819161670821765,TRUE,TRUE,TRUE,FALSE
14,400,0.814539332927316,TRUE,TRUE,TRUE,FALSE
14,401,0.800736278706085,TRUE,TRUE,TRUE,FALSE
14,402,0.814963995720415,TRUE,TRUE,TRUE,FALSE
14,403,0.810707282621884,TRUE,TRUE,TRUE,FALSE
14,404,0.781561893574234,TRUE,TRUE,TRUE,FALSE
14,405,0.785452416608784,TRUE,TRUE,TRUE,FALSE
14,406,0.802144886245514,TRUE,TRUE,TRUE,FALSE
14,407,0.795224900428733,TRUE,TRUE,TRUE,FALSE
14,408,0.785381598570001,TRUE,TRUE,TRUE,FALSE
14,409,0.814301797826789,TRUE,TRUE,TRUE,FALSE
14,410,0.787311664499701,TRUE,TRUE,TRUE,FALSE
14,411,0.792491252055322,TRUE,TRUE,TRUE,FALSE
14,412,0.808569710619821,TRUE,TRUE,TRUE,FALSE
14,413,0.791471918045375,TRUE,TRUE,TRUE,FALSE
14,414,0.812609506514503,TRUE,TRUE,TRUE,FALSE
14,415,0.790594247559667,TRUE,TRUE,TRUE,FALSE
14,416,0.805281996921898,TRUE,TRUE,TRUE,FALSE
14,417,0.80249700750085,TRUE,TRUE,TRUE,FALSE
14,418,0.797697276837938,TRUE,TRUE,TRUE,FALSE
14,419,0.797991237558404,TRUE,TRUE,TRUE,FALSE
14,420,0.789793809267421,TRUE,TRUE,TRUE,FALSE
14,421,0.811738035394824,TRUE,TRUE,TRUE,FALSE
14,422,0.792696801846958,TRUE,TRUE,TRUE,FALSE
14,423,0.793288076561342,TRUE,TRUE,TRUE,TRUE
14,424,0.805969600856714,TRUE,TRUE,TRUE,FALSE
14,425,0.790899887177499,TRUE,TRUE,TRUE,FALSE
14,426,0.809519868924096,TRUE,TRUE,TRUE,FALSE
14,427,0.797314937532222,TRUE,TRUE,TRUE,FALSE
14,428,0.813808404656091,TRUE,TRUE,TRUE,FALSE
14,429,0.793606861343092,TRUE,TRUE,TRUE,FALSE
14,430,0.787256541075376,TRUE,TRUE,TRUE,FALSE
14,431,0.805582622943576,TRUE,TRUE,TRUE,FALSE
14,432,0.804098053820983,TRUE,TRUE,TRUE,FALSE
14,433,0.802424456494458,TRUE,TRUE,TRUE,FALSE
14,434,0.825713894464664,FALSE,TRUE,TRUE,FALSE
14,435,0.775959038973607,FALSE,TRUE,TRUE,FALSE
14,436,0.794299443010829,TRUE,TRUE,TRUE,TRUE
14,437,0.811902868839164,TRUE,TRUE,TRUE,FALSE
14,438,0.807496126595585,TRUE,TRUE,TRUE,FALSE
14,439,0.788494962192372,TRUE,TRUE,TRUE,FALSE
14,440,0.794504258327372,TRUE,TRUE,TRUE,FALSE
14,441,0.811601030329186,TRUE,TRUE,TRUE,FALSE
14,442,0.805521738679259,TRUE,TRUE,TRUE,FALSE
14,443,0.820160702095143,TRUE,TRUE,TRUE,FALSE
14,444,0.80449535375417,TRUE,TRUE,TRUE,FALSE
14,445,0.791109705510001,TRUE,TRUE,TRUE,FALSE
14,446,0.790944547676249,TRUE,TRUE,TRUE,FALSE
14,447,0.795045204185314,TRUE,TRUE,TRUE,FALSE
14,448,0.811579129362263,TRUE,TRUE,TRUE,TRUE
14,449,0.816506086230607,TRUE,TRUE,TRUE,FALSE
14,450,0.792209554241511,TRUE,TRUE,TRUE,FALSE
14,451,0.802178860350406,TRUE,TRUE,TRUE,FALSE
14,452,0.80467051289628,TRUE,TRUE,TRUE,FALSE
14,453,0.80567518313724,TRUE,TRUE,TRUE,FALSE
14,454,0.806193343170875,TRUE,TRUE,TRUE,FALSE
14,455,0.80952594886767,TRUE,TRUE,TRUE,FALSE
14,456,0.797756056951788,TRUE,TRUE,TRUE,FALSE
14,457,0.791123695889706,TRUE,TRUE,TRUE,FALSE
14,458,0.804668386460225,TRUE,TRUE,TRUE,FALSE
14,459,0.82720509768723,TRUE,TRUE,TRUE,FALSE
14,460,0.819876979691963,TRUE,TRUE,TRUE,FALSE
14,461,0.799851958065537,TRUE,TRUE,TRUE,FALSE
14,462,0.786301409559864,TRUE,TRUE,TRUE,FALSE
14,463,0.79901265537577,TRUE,TRUE,TRUE,FALSE
14,464,0.800254330553381,TRUE,TRUE,TRUE,FALSE
14,465,0.800030132286616,TRUE,TRUE,TRUE,FALSE
14,466,0.788009252886475,TRUE,TRUE,TRUE,FALSE
14,467,0.8098592350304,TRUE,TRUE,TRUE,FALSE
14,468,0.815598053924698,TRUE,TRUE,TRUE,FALSE
14,469,0.792484712238949,TRUE,TRUE,TRUE,FALSE
14,470,0.80077340639979,TRUE,TRUE,TRUE,FALSE
14,471,0.798602684003514,TRUE,TRUE,TRUE,FALSE
14,472,0.7980435311577,TRUE,TRUE,TRUE,FALSE
14,473,0.80541566939421,TRUE,TRUE,TRUE,FALSE
14,474,0.793146054859148,TRUE,TRUE,TRUE,FALSE
14,475,0.79883626064886,TRUE,TRUE,TRUE,FALSE
14,476,0.798544942419566,TRUE,TRUE,TRUE,FALSE
14,477,0.813360671688978,TRUE,TRUE,TRUE,FALSE
14,478,0.811934980557047,TRUE,TRUE,TRUE,FALSE
14,479,0.797758217192524,TRUE,TRUE,TRUE,FALSE
14,480,0.800444318241695,TRUE,TRUE,TRUE,FALSE
14,481,0.804956776654166,TRUE,TRUE,TRUE,FALSE
14,482,0.795565263471652,TRUE,TRUE,TRUE,FALSE
14,483,0.812607997388894,TRUE,TRUE,TRUE,FALSE
14,484,0.808100541264871,TRUE,TRUE,TRUE,FALSE
14,485,0.806940365589199,TRUE,TRUE,TRUE,FALSE
14,486,0.808309407591564,TRUE,TRUE,TRUE,FALSE
14,487,0.797990390681202,TRUE,TRUE,TRUE,FALSE
14,488,0.824588357264741,TRUE,TRUE,TRUE,FALSE
14,489,0.842885923131765,FALSE,TRUE,TRUE,FALSE
14,490,0.817365793961436,TRUE,TRUE,TRUE,FALSE
14,491,0.810765086917893,TRUE,TRUE,TRUE,FALSE
14,492,0.801584804788051,TRUE,TRUE,TRUE,FALSE
14,493,0.779081077701805,TRUE,TRUE,TRUE,FALSE
14,494,0.809332191121174,TRUE,TRUE,TRUE,FALSE
14,495,0.80155744197896,TRUE,TRUE,TRUE,FALSE
14,496,0.814405270086249,TRUE,TRUE,TRUE,FALSE
14,497,0.783033675726413,TRUE,TRUE,TRUE,FALSE
14,498,0.802486681967507,TRUE,TRUE,TRUE,FALSE
14,499,0.807661712387109,TRUE,TRUE,TRUE,FALSE
14,500,0.796699829987374,TRUE,TRUE,TRUE,FALSE
14,501,0.798661067487249,TRUE,TRUE,TRUE,FALSE
14,502,0.812485596371672,TRUE,TRUE,TRUE,FALSE
14,503,0.791310077591124,TRUE,TRUE,TRUE,FALSE
14,504,0.799822313683302,TRUE,TRUE,TRUE,FALSE
14,505,0.801294802139376,TRUE,TRUE,TRUE,FALSE
14,506,0.797660665515018,TRUE,TRUE,TRUE,TRUE
14,507,0.79727832323197,TRUE,TRUE,TRUE,FALSE
14,508,0.793200128023607,TRUE,TRUE,TRUE,FALSE
14,509,0.80317042596425,TRUE,TRUE,TRUE,FALSE
14,510,0.794169723462424,TRUE,TRUE,TRUE,FALSE
14,511,0.791734786268041,TRUE,TRUE,TRUE,FALSE
14,512,0.79556038820207,TRUE,TRUE,TRUE,FALSE
14,513,0.793958796285662,TRUE,TRUE,TRUE,FALSE
14,514,0.779811877580874,TRUE,TRUE,TRUE,FALSE
14,515,0.782886259187453,TRUE,TRUE,TRUE,FALSE
14,516,0.807076514499649,TRUE,TRUE,TRUE,FALSE
14,517,0.791009751137552,TRUE,TRUE,TRUE,FALSE
14,518,0.792901055648421,TRUE,TRUE,TRUE,FALSE
14,519,0.806522234978666,TRUE,TRUE,TRUE,FALSE
14,520,0.80870127600055,TRUE,TRUE,TRUE,FALSE
14,521,0.814921259007358,TRUE,TRUE,TRUE,FALSE
14,522,0.806169553169534,TRUE,TRUE,TRUE,FALSE
14,523,0.811271605052583,TRUE,TRUE,TRUE,FALSE
14,524,0.783493857594381,TRUE,TRUE,TRUE,FALSE
14,525,0.812628291141805,TRUE,TRUE,TRUE,FALSE
14,526,0.799917569926033,TRUE,TRUE,TRUE,FALSE
14,527,0.797247892860993,TRUE,TRUE,TRUE,FALSE
14,528,0.794747348210781,TRUE,TRUE,TRUE,FALSE
14,529,0.79470983473683,TRUE,TRUE,TRUE,FALSE
14,530,0.797398765021983,TRUE,TRUE,TRUE,FALSE
14,531,0.811876712780384,TRUE,TRUE,TRUE,FALSE
14,532,0.784788558941591,TRUE,TRUE,TRUE,FALSE
14,533,0.78647194986123,TRUE,TRUE,TRUE,FALSE
14,534,0.794317046195431,TRUE,TRUE,TRUE,FALSE
14,535,0.800698273798705,TRUE,TRUE,TRUE,FALSE
14,536,0.789527019703752,TRUE,TRUE,TRUE,FALSE
14,537,0.787882461284922,TRUE,TRUE,TRUE,FALSE
14,538,0.785201871471034,TRUE,TRUE,TRUE,FALSE
14,539,0.805284590774588,TRUE,TRUE,TRUE,FALSE
14,540,0.809767071030091,TRUE,TRUE,TRUE,FALSE
14,541,0.80545003543419,TRUE,TRUE,TRUE,FALSE
14,542,0.801421585066954,TRUE,TRUE,TRUE,FALSE
14,543,0.791804820968661,TRUE,TRUE,TRUE,FALSE
14,544,0.820422064001209,FALSE,TRUE,TRUE,FALSE
14,545,0.805885051509598,TRUE,TRUE,TRUE,FALSE
14,546,0.794981814159981,TRUE,TRUE,TRUE,FALSE
14,547,0.794722227299809,TRUE,TRUE,TRUE,FALSE
14,548,0.793661941989059,TRUE,TRUE,TRUE,FALSE
14,549,0.791272988177571,TRUE,TRUE,TRUE,FALSE
14,550,0.812045535613409,TRUE,TRUE,TRUE,FALSE
14,551,0.799798428382032,TRUE,TRUE,TRUE,FALSE
14,552,0.810963463259829,TRUE,TRUE,TRUE,FALSE
14,553,0.800309759104545,TRUE,TRUE,TRUE,FALSE
14,554,0.778081840288625,TRUE,TRUE,TRUE,FALSE
14,555,0.780657775222417,TRUE,TRUE,TRUE,FALSE
14,556,0.799496253979561,TRUE,TRUE,TRUE,FALSE
14,557,0.796858862864045,TRUE,TRUE,TRUE,FALSE
14,558,0.794183212683056,TRUE,TRUE,TRUE,FALSE
14,559,0.777641368569757,TRUE,TRUE,TRUE,FALSE
14,560,0.80881854362571,TRUE,TRUE,TRUE,FALSE
14,561,0.798353317938549,TRUE,TRUE,TRUE,FALSE
14,562,0.802457999538072,TRUE,TRUE,TRUE,FALSE
14,563,0.818392674629649,TRUE,TRUE,TRUE,FALSE
14,564,0.803159331368343,TRUE,TRUE,TRUE,FALSE
14,565,0.788791658899768,TRUE,TRUE,TRUE,FALSE
14,566,0.799848978521136,TRUE,TRUE,TRUE,FALSE
14,567,0.80183292756127,TRUE,TRUE,TRUE,FALSE
14,568,0.815317444543095,TRUE,TRUE,TRUE,FALSE
14,569,0.804962920876275,TRUE,TRUE,TRUE,FALSE
14,570,0.785572591416748,TRUE,TRUE,TRUE,FALSE
14,571,0.806932251257095,TRUE,TRUE,TRUE,FALSE
14,572,0.808849473735091,TRUE,TRUE,TRUE,FALSE
14,573,0.779611620806113,TRUE,TRUE,TRUE,FALSE
14,574,0.803062633134674,TRUE,TRUE,TRUE,FALSE
14,575,0.804808627801862,TRUE,TRUE,TRUE,FALSE
14,576,0.807739527911455,TRUE,TRUE,TRUE,FALSE
14,577,0.793964030323326,TRUE,TRUE,TRUE,FALSE
14,578,0.789757126159878,TRUE,TRUE,TRUE,FALSE
14,579,0.803657551497547,TRUE,TRUE,TRUE,FALSE
14,580,0.830004652934484,FALSE,TRUE,TRUE,FALSE
14,581,0.79346489573015,TRUE,TRUE,TRUE,FALSE
14,582,0.794142010817447,TRUE,TRUE,TRUE,FALSE
14,583,0.817640591545089,TRUE,TRUE,TRUE,TRUE
14,584,0.815962919989199,TRUE,TRUE,TRUE,FALSE
14,585,0.797686448562074,TRUE,TRUE,TRUE,TRUE
14,586,0.773779741034495,FALSE,TRUE,TRUE,FALSE
14,587,0.80274784716354,TRUE,TRUE,TRUE,FALSE
14,588,0.812598873660557,TRUE,TRUE,TRUE,FALSE
14,589,0.809243986058953,TRUE,TRUE,TRUE,FALSE
14,590,0.78734723295378,TRUE,TRUE,TRUE,FALSE
14,591,0.81125654032855,TRUE,TRUE,TRUE,FALSE
14,592,0.79220600371705,TRUE,TRUE,TRUE,FALSE
14,593,0.800314514930838,TRUE,TRUE,TRUE,FALSE
14,594,0.794328261085094,TRUE,TRUE,TRUE,FALSE
14,595,0.793974588313969,TRUE,TRUE,TRUE,FALSE
14,596,0.781496804075,TRUE,TRUE,TRUE,FALSE
14,597,0.810442712590103,TRUE,TRUE,TRUE,FALSE
14,598,0.78474749760499,TRUE,TRUE,TRUE,FALSE
14,599,0.79715894526613,TRUE,TRUE,TRUE,FALSE
14,600,0.812309497950715,TRUE,TRUE,TRUE,FALSE
14,601,0.811445340486991,TRUE,TRUE,TRUE,FALSE
14,602,0.778973077500378,TRUE,TRUE,TRUE,FALSE
14,603,0.798466004695673,TRUE,TRUE,TRUE,FALSE
14,604,0.801083524700467,TRUE,TRUE,TRUE,FALSE
14,605,0.807612840121236,TRUE,TRUE,TRUE,FALSE
14,606,0.791183424057266,TRUE,TRUE,TRUE,FALSE
14,607,0.803045762800672,TRUE,TRUE,TRUE,FALSE
14,608,0.780275029705653,TRUE,TRUE,TRUE,FALSE
14,609,0.809740354738277,TRUE,TRUE,TRUE,FALSE
14,610,0.791527892590168,TRUE,TRUE,TRUE,FALSE
14,611,0.817124026429599,TRUE,TRUE,TRUE,FALSE
14,612,0.814416880880235,TRUE,TRUE,TRUE,FALSE
14,613,0.789494470366079,TRUE,TRUE,TRUE,FALSE
14,614,0.792415058677683,TRUE,TRUE,TRUE,FALSE
14,615,0.794783597205064,TRUE,TRUE,TRUE,FALSE
14,616,0.785975617211421,TRUE,TRUE,TRUE,TRUE
14,617,0.800239500972289,TRUE,TRUE,TRUE,FALSE
14,618,0.799162138640864,TRUE,TRUE,TRUE,FALSE
14,619,0.810165506589875,TRUE,TRUE,TRUE,FALSE
14,620,0.775168603924124,FALSE,TRUE,TRUE,FALSE
14,621,0.799925216506732,TRUE,TRUE,TRUE,FALSE
14,622,0.786396278860841,TRUE,TRUE,TRUE,FALSE
14,623,0.782892172122519,TRUE,TRUE,TRUE,FALSE
14,624,0.797023190619823,TRUE,TRUE,TRUE,FALSE
14,625,0.798973676066167,TRUE,TRUE,TRUE,FALSE
14,626,0.788842958204366,TRUE,TRUE,TRUE,FALSE
14,627,0.809957242927888,TRUE,TRUE,TRUE,FALSE
14,628,0.789963515184578,TRUE,TRUE,TRUE,FALSE
14,629,0.789588433685753,TRUE,TRUE,TRUE,FALSE
14,630,0.789309304767298,TRUE,TRUE,TRUE,FALSE
14,631,0.792043718519342,TRUE,TRUE,TRUE,FALSE
14,632,0.796390556838427,TRUE,TRUE,TRUE,FALSE
14,633,0.784883550190915,TRUE,TRUE,TRUE,FALSE
14,634,0.799325273664591,TRUE,TRUE,TRUE,FALSE
14,635,0.78921534889581,TRUE,TRUE,TRUE,TRUE
14,636,0.803315623094336,TRUE,TRUE,TRUE,FALSE
14,637,0.806675577149125,TRUE,TRUE,TRUE,FALSE
14,638,0.802950201145177,TRUE,TRUE,TRUE,FALSE
14,639,0.81393878006411,TRUE,TRUE,TRUE,FALSE
14,640,0.803420582163037,TRUE,TRUE,TRUE,FALSE
14,641,0.796003865529818,TRUE,TRUE,TRUE,FALSE
14,642,0.806932564595244,TRUE,TRUE,TRUE,FALSE
14,643,0.797898351275665,TRUE,TRUE,TRUE,FALSE
14,644,0.777881745075984,FALSE,TRUE,TRUE,FALSE
14,645,0.791586938525495,TRUE,TRUE,TRUE,FALSE
14,646,0.799739859063841,TRUE,TRUE,TRUE,FALSE
14,647,0.781517651325029,TRUE,TRUE,TRUE,FALSE
14,648,0.798032904114842,TRUE,TRUE,TRUE,FALSE
14,649,0.79272973672245,TRUE,TRUE,TRUE,FALSE
14,650,0.799293551475479,TRUE,TRUE,TRUE,FALSE
14,651,0.781716392607703,TRUE,TRUE,TRUE,FALSE
14,652,0.817534834203651,TRUE,TRUE,TRUE,FALSE
14,653,0.809856029077532,TRUE,TRUE,TRUE,FALSE
14,654,0.815762861977235,TRUE,TRUE,TRUE,FALSE
14,655,0.787427820506988,TRUE,TRUE,TRUE,FALSE
14,656,0.813706947161003,TRUE,TRUE,TRUE,FALSE
14,657,0.811109601961632,TRUE,TRUE,TRUE,FALSE
14,658,0.806586768732798,TRUE,TRUE,TRUE,FALSE
14,659,0.800026542736024,TRUE,TRUE,TRUE,FALSE
14,660,0.79175465298514,TRUE,TRUE,TRUE,FALSE
14,661,0.821287924690298,TRUE,TRUE,TRUE,FALSE
14,662,0.799558333140751,TRUE,TRUE,TRUE,FALSE
14,663,0.793592688045406,TRUE,TRUE,TRUE,FALSE
14,664,0.791515031825003,TRUE,TRUE,TRUE,FALSE
14,665,0.782931677462577,TRUE,TRUE,TRUE,FALSE
14,666,0.781020909066206,FALSE,TRUE,TRUE,FALSE
14,667,0.807113680115962,TRUE,TRUE,TRUE,FALSE
14,668,0.795702927623145,TRUE,TRUE,TRUE,FALSE
14,669,0.835116298970182,FALSE,TRUE,TRUE,FALSE
14,670,0.808760242770386,TRUE,TRUE,TRUE,FALSE
14,671,0.794705690025422,TRUE,TRUE,TRUE,FALSE
14,672,0.814230027340115,TRUE,TRUE,TRUE,FALSE
14,673,0.782655507763987,TRUE,TRUE,TRUE,FALSE
14,674,0.794313997764771,TRUE,TRUE,TRUE,FALSE
14,675,0.797516872292819,TRUE,TRUE,TRUE,FALSE
14,676,0.793868942902151,TRUE,TRUE,TRUE,FALSE
14,677,0.776751487878896,TRUE,TRUE,TRUE,FALSE
14,678,0.805070312040199,TRUE,TRUE,TRUE,FALSE
14,679,0.808625190607935,TRUE,TRUE,TRUE,FALSE
14,680,0.777655277181116,FALSE,TRUE,TRUE,FALSE
14,681,0.809138148500688,TRUE,TRUE,TRUE,FALSE
14,682,0.799905244399743,TRUE,TRUE,TRUE,FALSE
14,683,0.806423359868855,TRUE,TRUE,TRUE,FALSE
14,684,0.784584012312203,TRUE,TRUE,TRUE,FALSE
14,685,0.785441404123586,TRUE,TRUE,TRUE,FALSE
14,686,0.794148804346672,TRUE,TRUE,TRUE,FALSE
14,687,0.801530803818226,TRUE,TRUE,TRUE,FALSE
14,688,0.799734272728373,TRUE,TRUE,TRUE,FALSE
14,689,0.827107802344775,FALSE,TRUE,TRUE,FALSE
14,690,0.811679126383349,TRUE,TRUE,TRUE,FALSE
14,691,0.791253637616324,TRUE,TRUE,TRUE,FALSE
14,692,0.781605729835901,TRUE,TRUE,TRUE,FALSE
14,693,0.80174082035639,TRUE,TRUE,TRUE,FALSE
14,694,0.793854944889307,TRUE,TRUE,TRUE,FALSE
14,695,0.80461540281999,TRUE,TRUE,TRUE,FALSE
14,696,0.812249378222903,TRUE,TRUE,TRUE,FALSE
14,697,0.783176158468596,TRUE,TRUE,TRUE,FALSE
14,698,0.790152326669957,TRUE,TRUE,TRUE,FALSE
14,699,0.797820582555057,TRUE,TRUE,TRUE,FALSE
14,700,0.803265376705152,TRUE,TRUE,TRUE,FALSE
14,701,0.796943266397404,TRUE,TRUE,TRUE,FALSE
14,702,0.798861693585529,TRUE,TRUE,TRUE,FALSE
14,703,0.806938495955738,TRUE,TRUE,TRUE,FALSE
14,704,0.780392054702602,TRUE,TRUE,TRUE,FALSE
14,705,0.806351508260523,TRUE,TRUE,TRUE,FALSE
14,706,0.807402768073501,TRUE,TRUE,TRUE,FALSE
14,707,0.793967711745632,TRUE,TRUE,TRUE,FALSE
14,708,0.814984400934296,TRUE,TRUE,TRUE,FALSE
14,709,0.816757441877708,TRUE,TRUE,TRUE,FALSE
14,710,0.793256417830375,TRUE,TRUE,TRUE,FALSE
14,711,0.7834725883392,TRUE,TRUE,TRUE,FALSE
14,712,0.806684332006054,TRUE,TRUE,TRUE,FALSE
14,713,0.81410612498187,TRUE,TRUE,TRUE,FALSE
14,714,0.806055153531798,TRUE,TRUE,TRUE,FALSE
14,715,0.801468629274156,TRUE,TRUE,TRUE,FALSE
14,716,0.785634226327169,TRUE,TRUE,TRUE,FALSE
14,717,0.809832587707671,TRUE,TRUE,TRUE,FALSE
14,718,0.789138206359966,TRUE,TRUE,TRUE,FALSE
14,719,0.803899364519298,TRUE,TRUE,TRUE,FALSE
14,720,0.804039833677149,TRUE,TRUE,TRUE,FALSE
14,721,0.79587068583461,TRUE,TRUE,TRUE,FALSE
14,722,0.803714669067345,TRUE,TRUE,TRUE,FALSE
14,723,0.793419165301961,TRUE,TRUE,TRUE,FALSE
14,724,0.818568767845192,TRUE,TRUE,TRUE,FALSE
14,725,0.804814955719033,TRUE,TRUE,TRUE,FALSE
14,726,0.806338478424726,TRUE,TRUE,TRUE,FALSE
14,727,0.790971841877245,TRUE,TRUE,TRUE,FALSE
14,728,0.799061948284331,TRUE,TRUE,TRUE,FALSE
14,729,0.785983275295051,TRUE,TRUE,TRUE,FALSE
14,730,0.816532852392922,TRUE,TRUE,TRUE,FALSE
14,731,0.807012428151635,TRUE,TRUE,TRUE,FALSE
14,732,0.814825411771179,TRUE,TRUE,TRUE,FALSE
14,733,0.802143868919776,TRUE,TRUE,TRUE,FALSE
14,734,0.811154046116859,TRUE,TRUE,TRUE,FALSE
14,735,0.801206301698168,TRUE,TRUE,TRUE,FALSE
14,736,0.80453034026308,TRUE,TRUE,TRUE,FALSE
14,737,0.786336109581204,TRUE,TRUE,TRUE,FALSE
14,738,0.809267646067381,TRUE,TRUE,TRUE,FALSE
14,739,0.819038063432841,TRUE,TRUE,TRUE,FALSE
14,740,0.789792638264181,TRUE,TRUE,TRUE,FALSE
14,741,0.817101831596742,TRUE,TRUE,TRUE,FALSE
14,742,0.810890555329587,TRUE,TRUE,TRUE,FALSE
14,743,0.814952858341289,TRUE,TRUE,TRUE,FALSE
14,744,0.792511661093518,TRUE,TRUE,TRUE,FALSE
14,745,0.800484770912535,TRUE,TRUE,TRUE,TRUE
14,746,0.783033846933552,TRUE,TRUE,TRUE,FALSE
14,747,0.792866771281209,TRUE,TRUE,TRUE,FALSE
14,748,0.7882579838405,TRUE,TRUE,TRUE,FALSE
14,749,0.792689233236642,TRUE,TRUE,TRUE,FALSE
14,750,0.792727726720514,TRUE,TRUE,TRUE,FALSE
14,751,0.805436745906545,TRUE,TRUE,TRUE,FALSE
14,752,0.780036521582882,TRUE,TRUE,TRUE,FALSE
14,753,0.782091950754374,TRUE,TRUE,TRUE,FALSE
14,754,0.788054378431108,TRUE,TRUE,TRUE,FALSE
14,755,0.811097279253886,TRUE,TRUE,TRUE,FALSE
14,756,0.797613953504117,TRUE,TRUE,TRUE,FALSE
14,757,0.809682541656992,TRUE,TRUE,TRUE,FALSE
14,758,0.787608595117031,TRUE,TRUE,TRUE,FALSE
14,759,0.806958558834683,TRUE,TRUE,TRUE,FALSE
14,760,0.795650962206445,TRUE,TRUE,TRUE,FALSE
14,761,0.803330317450722,TRUE,TRUE,TRUE,FALSE
14,762,0.79908373686307,TRUE,TRUE,TRUE,FALSE
14,763,0.799447737457327,TRUE,TRUE,TRUE,FALSE
14,764,0.813148049677211,TRUE,TRUE,TRUE,FALSE
14,765,0.783007297835217,FALSE,TRUE,TRUE,FALSE
14,766,0.803009490631243,TRUE,TRUE,TRUE,FALSE
14,767,0.801639531901122,TRUE,TRUE,TRUE,FALSE
14,768,0.805982924878651,TRUE,TRUE,TRUE,FALSE
14,769,0.813362454692861,TRUE,TRUE,TRUE,FALSE
14,770,0.808964484495718,TRUE,TRUE,TRUE,FALSE
14,771,0.801874103532782,TRUE,TRUE,TRUE,FALSE
14,772,0.809997701153929,TRUE,TRUE,TRUE,FALSE
14,773,0.820022052465338,FALSE,TRUE,TRUE,FALSE
14,774,0.791558271046381,TRUE,TRUE,TRUE,FALSE
14,775,0.798987478275475,TRUE,TRUE,TRUE,FALSE
14,776,0.796983676205588,TRUE,TRUE,TRUE,FALSE
14,777,0.780319215339893,FALSE,TRUE,TRUE,FALSE
14,778,0.785833760576698,TRUE,TRUE,TRUE,FALSE
14,779,0.821590507655942,TRUE,TRUE,TRUE,FALSE
14,780,0.824605309326745,FALSE,TRUE,TRUE,TRUE
14,781,0.804274989426195,TRUE,TRUE,TRUE,FALSE
14,782,0.80945104716582,TRUE,TRUE,TRUE,FALSE
14,783,0.799608867222593,TRUE,TRUE,TRUE,FALSE
14,784,0.818821111105644,TRUE,TRUE,TRUE,FALSE
14,785,0.780564817563319,TRUE,TRUE,TRUE,FALSE
14,786,0.799515296028895,TRUE,TRUE,TRUE,FALSE
14,787,0.795884284441526,TRUE,TRUE,TRUE,TRUE
14,788,0.806516059289637,TRUE,TRUE,TRUE,FALSE
14,789,0.803201007467631,TRUE,TRUE,TRUE,FALSE
14,790,0.793591908537077,TRUE,TRUE,TRUE,FALSE
14,791,0.809030616132144,TRUE,TRUE,TRUE,FALSE
14,792,0.790273106987258,TRUE,TRUE,TRUE,FALSE
14,793,0.790509709117145,TRUE,TRUE,TRUE,FALSE
14,794,0.812287310847578,TRUE,TRUE,TRUE,FALSE
14,795,0.793245702791135,TRUE,TRUE,TRUE,FALSE
14,796,0.786417964306726,TRUE,TRUE,TRUE,FALSE
14,797,0.791771556959002,TRUE,TRUE,TRUE,FALSE
14,798,0.810026915300243,TRUE,TRUE,TRUE,FALSE
14,799,0.787340973243267,TRUE,TRUE,TRUE,FALSE
14,800,0.807031716366015,TRUE,TRUE,TRUE,FALSE
14,801,0.804831478354746,TRUE,TRUE,TRUE,FALSE
14,802,0.789113485093693,TRUE,TRUE,TRUE,FALSE
14,803,0.804770248514606,TRUE,TRUE,TRUE,FALSE
14,804,0.799510106782135,TRUE,TRUE,TRUE,FALSE
14,805,0.787563818756683,TRUE,TRUE,TRUE,FALSE
14,806,0.806330724118879,TRUE,TRUE,TRUE,FALSE
14,807,0.810429496022878,TRUE,TRUE,TRUE,FALSE
14,808,0.797879899898219,TRUE,TRUE,TRUE,FALSE
14,809,0.818913857350078,TRUE,TRUE,TRUE,FALSE
14,810,0.807320337444977,TRUE,TRUE,TRUE,FALSE
14,811,0.807548850634208,TRUE,TRUE,TRUE,FALSE
14,812,0.801046232896833,TRUE,TRUE,TRUE,FALSE
14,813,0.780464634535379,TRUE,TRUE,TRUE,FALSE
14,814,0.810768760558077,TRUE,TRUE,TRUE,FALSE
14,815,0.792504412014678,TRUE,TRUE,TRUE,FALSE
14,816,0.808510285617198,TRUE,TRUE,TRUE,FALSE
14,817,0.7793574272996,TRUE,TRUE,TRUE,FALSE
14,818,0.799403056174489,TRUE,TRUE,TRUE,FALSE
14,819,0.806283320860964,TRUE,TRUE,TRUE,FALSE
14,820,0.801944521897613,TRUE,TRUE,TRUE,FALSE
14,821,0.816691066792356,TRUE,TRUE,TRUE,FALSE
14,822,0.805097368907142,TRUE,TRUE,TRUE,FALSE
14,823,0.796998799812218,TRUE,TRUE,TRUE,FALSE
14,824,0.80700343502556,TRUE,TRUE,TRUE,FALSE
14,825,0.800871708415423,TRUE,TRUE,TRUE,FALSE
14,826,0.779443291032082,TRUE,TRUE,TRUE,FALSE
14,827,0.803801463546657,TRUE,TRUE,TRUE,FALSE
14,828,0.797665082354616,TRUE,TRUE,TRUE,FALSE
14,829,0.777972053305747,FALSE,TRUE,TRUE,FALSE
14,830,0.801389147656179,TRUE,TRUE,TRUE,FALSE
14,831,0.812342871520334,TRUE,TRUE,TRUE,FALSE
14,832,0.80956397649602,TRUE,TRUE,TRUE,FALSE
14,833,0.799389085444329,TRUE,TRUE,TRUE,FALSE
14,834,0.801227689417576,TRUE,TRUE,TRUE,FALSE
14,835,0.787509040020172,TRUE,TRUE,TRUE,FALSE
14,836,0.802172868437423,TRUE,TRUE,TRUE,FALSE
14,837,0.795613338363647,TRUE,TRUE,TRUE,FALSE
14,838,0.798227210149955,TRUE,TRUE,TRUE,FALSE
14,839,0.79139353890242,TRUE,TRUE,TRUE,FALSE
14,840,0.816833749925592,TRUE,TRUE,TRUE,FALSE
14,841,0.801480134441069,TRUE,TRUE,TRUE,FALSE
14,842,0.802284431376064,TRUE,TRUE,TRUE,FALSE
14,843,0.803879994012806,TRUE,TRUE,TRUE,FALSE
14,844,0.803636967851441,TRUE,TRUE,TRUE,FALSE
14,845,0.804596116511042,TRUE,TRUE,TRUE,FALSE
14,846,0.801653739750189,TRUE,TRUE,TRUE,FALSE
14,847,0.818569295214865,TRUE,TRUE,TRUE,FALSE
14,848,0.794303524573179,TRUE,TRUE,TRUE,FALSE
14,849,0.789949276426232,TRUE,TRUE,TRUE,FALSE
14,850,0.786888325594118,TRUE,TRUE,TRUE,FALSE
14,851,0.803827674252998,TRUE,TRUE,TRUE,FALSE
14,852,0.780849209538654,TRUE,TRUE,TRUE,FALSE
14,853,0.797524895960507,TRUE,TRUE,TRUE,FALSE
14,854,0.804082735625163,TRUE,TRUE,TRUE,FALSE
14,855,0.804543499811444,TRUE,TRUE,TRUE,FALSE
14,856,0.80315021431934,TRUE,TRUE,TRUE,FALSE
14,857,0.817678595919896,TRUE,TRUE,TRUE,FALSE
14,858,0.792592874848825,TRUE,TRUE,TRUE,FALSE
14,859,0.804669859394248,TRUE,TRUE,TRUE,FALSE
14,860,0.78623889688762,TRUE,TRUE,TRUE,FALSE
14,861,0.803744882532198,TRUE,TRUE,TRUE,FALSE
14,862,0.796047158687433,TRUE,TRUE,TRUE,FALSE
14,863,0.795358810965255,TRUE,TRUE,TRUE,FALSE
14,864,0.814376524651244,TRUE,TRUE,TRUE,FALSE
14,865,0.786325270157612,TRUE,TRUE,TRUE,FALSE
14,866,0.811942949460815,TRUE,TRUE,TRUE,FALSE
14,867,0.792154258485988,TRUE,TRUE,TRUE,FALSE
14,868,0.788065942502654,TRUE,TRUE,TRUE,FALSE
14,869,0.819735157312375,TRUE,TRUE,TRUE,FALSE
14,870,0.795095031922947,TRUE,TRUE,TRUE,FALSE
14,871,0.812129251245858,TRUE,TRUE,TRUE,FALSE
14,872,0.791936167559224,TRUE,TRUE,TRUE,FALSE
14,873,0.780863510013702,TRUE,TRUE,TRUE,FALSE
14,874,0.803092027111956,TRUE,TRUE,TRUE,FALSE
14,875,0.811586632245415,TRUE,TRUE,TRUE,FALSE
14,876,0.803700804988735,TRUE,TRUE,TRUE,FALSE
14,877,0.80536847581008,TRUE,TRUE,TRUE,FALSE
14,878,0.789462067037703,TRUE,TRUE,TRUE,FALSE
14,879,0.795771505651981,TRUE,TRUE,TRUE,FALSE
14,880,0.79390362211754,TRUE,TRUE,TRUE,FALSE
14,881,0.776365079171364,TRUE,TRUE,TRUE,FALSE
14,882,0.794309060905802,TRUE,TRUE,TRUE,FALSE
14,883,0.810006769363104,TRUE,TRUE,TRUE,FALSE
14,884,0.800739441751171,TRUE,TRUE,TRUE,FALSE
14,885,0.774812821923469,FALSE,TRUE,TRUE,FALSE
14,886,0.798645897274991,TRUE,TRUE,TRUE,FALSE
14,887,0.783117038531158,TRUE,TRUE,TRUE,FALSE
14,888,0.803649224169318,TRUE,TRUE,TRUE,FALSE
14,889,0.803415515566887,TRUE,TRUE,TRUE,FALSE
14,890,0.808734543083069,TRUE,TRUE,TRUE,FALSE
14,891,0.796732074247682,TRUE,TRUE,TRUE,FALSE
14,892,0.810058336699947,TRUE,TRUE,TRUE,FALSE
14,893,0.793934092482241,TRUE,TRUE,TRUE,FALSE
14,894,0.808862673082711,TRUE,TRUE,TRUE,FALSE
14,895,0.800931015538868,TRUE,TRUE,TRUE,FALSE
14,896,0.803167352407389,TRUE,TRUE,TRUE,FALSE
14,897,0.788138633515978,TRUE,TRUE,TRUE,FALSE
14,898,0.820871472109848,TRUE,TRUE,TRUE,FALSE
14,899,0.805800957473791,TRUE,TRUE,TRUE,FALSE
14,900,0.809144397986737,TRUE,TRUE,TRUE,FALSE
14,901,0.816204023366337,TRUE,TRUE,TRUE,FALSE
14,902,0.807844700514273,TRUE,TRUE,TRUE,FALSE
14,903,0.782665754265512,TRUE,TRUE,TRUE,FALSE
14,904,0.810328439212868,TRUE,TRUE,TRUE,FALSE
14,905,0.793515158933418,TRUE,TRUE,TRUE,FALSE
14,906,0.817656039168259,TRUE,TRUE,TRUE,FALSE
14,907,0.807653632808541,TRUE,TRUE,TRUE,FALSE
14,908,0.796230501495878,TRUE,TRUE,TRUE,FALSE
14,909,0.807862259370077,TRUE,TRUE,TRUE,FALSE
14,910,0.808214331222521,TRUE,TRUE,TRUE,FALSE
14,911,0.790413300712714,TRUE,TRUE,TRUE,FALSE
14,912,0.795259746602457,TRUE,TRUE,TRUE,FALSE
14,913,0.790557378610709,TRUE,TRUE,TRUE,FALSE
14,914,0.811277977003176,TRUE,TRUE,TRUE,FALSE
14,915,0.795803428797653,TRUE,TRUE,TRUE,FALSE
14,916,0.799450551548373,TRUE,TRUE,TRUE,FALSE
14,917,0.795982201523965,TRUE,TRUE,TRUE,FALSE
14,918,0.804934561625934,TRUE,TRUE,TRUE,FALSE
14,919,0.820765233808995,FALSE,TRUE,TRUE,FALSE
14,920,0.791612701821664,TRUE,TRUE,TRUE,FALSE
14,921,0.788575856830092,TRUE,TRUE,TRUE,FALSE
14,922,0.791991850992821,TRUE,TRUE,TRUE,FALSE
14,923,0.790869521459524,TRUE,TRUE,TRUE,FALSE
14,924,0.793359781577911,TRUE,TRUE,TRUE,FALSE
14,925,0.804966345513351,TRUE,TRUE,TRUE,FALSE
14,926,0.792342765549766,TRUE,TRUE,TRUE,FALSE
14,927,0.790300552226383,TRUE,TRUE,TRUE,FALSE
14,928,0.79484701792109,TRUE,TRUE,TRUE,FALSE
14,929,0.78720040714491,TRUE,TRUE,TRUE,FALSE
14,930,0.786548955269495,TRUE,TRUE,TRUE,FALSE
14,931,0.799572730296121,TRUE,TRUE,TRUE,FALSE
14,932,0.781209997585034,TRUE,TRUE,TRUE,FALSE
14,933,0.80975705380531,TRUE,TRUE,TRUE,FALSE
14,934,0.80899442260597,TRUE,TRUE,TRUE,FALSE
14,935,0.784625165319186,TRUE,TRUE,TRUE,FALSE
14,936,0.829295802928279,FALSE,TRUE,TRUE,FALSE
14,937,0.789776668082019,TRUE,TRUE,TRUE,FALSE
14,938,0.80267416575337,TRUE,TRUE,TRUE,FALSE
14,939,0.804191716358952,TRUE,TRUE,TRUE,FALSE
14,940,0.786434148711523,TRUE,TRUE,TRUE,FALSE
14,941,0.809306969036209,TRUE,TRUE,TRUE,FALSE
14,942,0.806193514013344,TRUE,TRUE,TRUE,FALSE
14,943,0.792742048807125,TRUE,TRUE,TRUE,FALSE
14,944,0.816044323827762,TRUE,TRUE,TRUE,FALSE
14,945,0.796277806058417,TRUE,TRUE,TRUE,FALSE
14,946,0.800274741840184,TRUE,TRUE,TRUE,FALSE
14,947,0.796644687068519,TRUE,TRUE,TRUE,FALSE
14,948,0.801390011885622,TRUE,TRUE,TRUE,FALSE
14,949,0.793263769622738,TRUE,TRUE,TRUE,FALSE
14,950,0.808040475235214,TRUE,TRUE,TRUE,FALSE
14,951,0.803752064551674,TRUE,TRUE,TRUE,FALSE
14,952,0.795606893186538,TRUE,TRUE,TRUE,FALSE
14,953,0.813101727692948,TRUE,TRUE,TRUE,FALSE
14,954,0.814621613523659,TRUE,TRUE,TRUE,FALSE
14,955,0.793328681320021,TRUE,TRUE,TRUE,FALSE
14,956,0.798692121711526,TRUE,TRUE,TRUE,FALSE
14,957,0.804987960704942,TRUE,TRUE,TRUE,FALSE
14,958,0.800318154542966,TRUE,TRUE,TRUE,FALSE
14,959,0.794234739485801,TRUE,TRUE,TRUE,FALSE
14,960,0.787200569260718,TRUE,TRUE,TRUE,FALSE
14,961,0.816911769322632,TRUE,TRUE,TRUE,FALSE
14,962,0.785419769751513,TRUE,TRUE,TRUE,FALSE
14,963,0.787613622001069,TRUE,TRUE,TRUE,FALSE
14,964,0.784960231753739,TRUE,TRUE,TRUE,FALSE
14,965,0.807848683493849,TRUE,TRUE,TRUE,FALSE
14,966,0.797381566220282,TRUE,TRUE,TRUE,FALSE
14,967,0.774644466342741,FALSE,TRUE,TRUE,FALSE
14,968,0.797578224278276,TRUE,TRUE,TRUE,FALSE
14,969,0.804153990749971,TRUE,TRUE,TRUE,FALSE
14,970,0.795690569403384,TRUE,TRUE,TRUE,FALSE
14,971,0.809255650113209,TRUE,TRUE,TRUE,FALSE
14,972,0.804683574645525,TRUE,TRUE,TRUE,FALSE
14,973,0.789058445055388,TRUE,TRUE,TRUE,FALSE
14,974,0.812975949069673,TRUE,TRUE,TRUE,FALSE
14,975,0.791676341409446,TRUE,TRUE,TRUE,FALSE
14,976,0.808000193226191,TRUE,TRUE,TRUE,FALSE
14,977,0.818398641042585,TRUE,TRUE,TRUE,FALSE
14,978,0.801115307234924,TRUE,TRUE,TRUE,FALSE
14,979,0.792316771022788,TRUE,TRUE,TRUE,FALSE
14,980,0.809097423490848,TRUE,TRUE,TRUE,TRUE
14,981,0.808496629854682,TRUE,TRUE,TRUE,FALSE
14,982,0.802532817439847,TRUE,TRUE,TRUE,FALSE
14,983,0.808835563567707,TRUE,TRUE,TRUE,FALSE
14,984,0.796493048747474,TRUE,TRUE,TRUE,FALSE
14,985,0.791228707520931,TRUE,TRUE,TRUE,FALSE
14,986,0.791994305789079,TRUE,TRUE,TRUE,FALSE
14,987,0.798565271058147,TRUE,TRUE,TRUE,FALSE
14,988,0.799241441350683,TRUE,TRUE,TRUE,FALSE
14,989,0.800875649036553,TRUE,TRUE,TRUE,FALSE
14,990,0.788099201335983,TRUE,TRUE,TRUE,FALSE
14,991,0.795374362761495,TRUE,TRUE,TRUE,FALSE
14,992,0.820499930455539,TRUE,TRUE,TRUE,FALSE
14,993,0.79129878578111,TRUE,TRUE,TRUE,FALSE
14,994,0.801004450435319,TRUE,TRUE,TRUE,FALSE
14,995,0.80460340657227,TRUE,TRUE,TRUE,FALSE
14,996,0.802623509495589,TRUE,TRUE,TRUE,FALSE
14,997,0.814047929830209,TRUE,TRUE,TRUE,FALSE
14,998,0.804480709792264,TRUE,TRUE,TRUE,FALSE
14,999,0.820985084027048,FALSE,TRUE,TRUE,FALSE
14,1000,0.788236232673651,TRUE,TRUE,TRUE,FALSE
15,1,0.992184271900262,TRUE,FALSE,TRUE,FALSE
15,2,0.995185958279451,TRUE,FALSE,TRUE,FALSE
15,3,1.00076956728539,TRUE,FALSE,TRUE,FALSE
15,4,1.00244474026424,TRUE,FALSE,TRUE,FALSE
15,5,0.998975136696998,TRUE,FALSE,TRUE,FALSE
15,6,0.985615097225061,TRUE,FALSE,TRUE,FALSE
15,7,1.00230294979823,TRUE,FALSE,TRUE,FALSE
15,8,0.991001372038246,TRUE,FALSE,TRUE,FALSE
15,9,1.02760791034634,FALSE,FALSE,TRUE,FALSE
15,10,0.991664842922466,TRUE,FALSE,TRUE,FALSE
15,11,0.992710609419186,TRUE,FALSE,TRUE,FALSE
15,12,0.9998900849429,TRUE,FALSE,TRUE,FALSE
15,13,0.998676164764085,TRUE,FALSE,TRUE,FALSE
15,14,0.99872283902983,TRUE,FALSE,TRUE,FALSE
15,15,0.986232610771692,TRUE,FALSE,TRUE,FALSE
15,16,1.00692786614765,TRUE,FALSE,TRUE,FALSE
15,17,1.00080920952652,TRUE,FALSE,TRUE,FALSE
15,18,1.00238971232581,TRUE,FALSE,TRUE,FALSE
15,19,1.0110468992359,TRUE,FALSE,TRUE,FALSE
15,20,0.999953892840624,TRUE,FALSE,TRUE,FALSE
15,21,1.00441891485102,TRUE,FALSE,TRUE,FALSE
15,22,1.02449317985598,FALSE,FALSE,TRUE,FALSE
15,23,1.01250311712875,TRUE,FALSE,TRUE,FALSE
15,24,1.00197379124544,TRUE,FALSE,TRUE,FALSE
15,25,1.00162230535083,TRUE,FALSE,TRUE,FALSE
15,26,1.01971581200106,TRUE,FALSE,TRUE,FALSE
15,27,1.013862524857,TRUE,FALSE,TRUE,FALSE
15,28,0.979259148185061,TRUE,TRUE,TRUE,FALSE
15,29,1.0175685483802,TRUE,FALSE,TRUE,FALSE
15,30,0.998723828500518,TRUE,FALSE,TRUE,FALSE
15,31,1.01441038219088,TRUE,FALSE,TRUE,FALSE
15,32,0.996520917063751,TRUE,FALSE,TRUE,FALSE
15,33,0.985810114336164,TRUE,FALSE,TRUE,FALSE
15,34,0.994978806503625,TRUE,FALSE,TRUE,FALSE
15,35,1.01076562637982,TRUE,FALSE,TRUE,FALSE
15,36,0.999534565883682,TRUE,FALSE,TRUE,FALSE
15,37,1.0100951118291,TRUE,FALSE,TRUE,FALSE
15,38,0.995978698213008,TRUE,FALSE,TRUE,FALSE
15,39,0.998749272668649,TRUE,FALSE,TRUE,FALSE
15,40,0.99622959153142,TRUE,FALSE,TRUE,FALSE
15,41,1.00481328024997,TRUE,FALSE,TRUE,FALSE
15,42,0.99015373322386,TRUE,FALSE,TRUE,FALSE
15,43,0.997850742750177,TRUE,FALSE,TRUE,FALSE
15,44,1.01587256119065,TRUE,FALSE,TRUE,FALSE
15,45,1.01062476879492,TRUE,FALSE,TRUE,FALSE
15,46,1.00360703334465,TRUE,FALSE,TRUE,FALSE
15,47,1.01202947287072,TRUE,FALSE,TRUE,FALSE
15,48,0.976718935650285,FALSE,TRUE,TRUE,FALSE
15,49,0.99683727072549,TRUE,FALSE,TRUE,FALSE
15,50,0.9850252360646,TRUE,FALSE,TRUE,FALSE
15,51,0.998247247047493,TRUE,FALSE,TRUE,FALSE
15,52,1.00241715595631,TRUE,FALSE,TRUE,FALSE
15,53,0.995751008175394,TRUE,FALSE,TRUE,FALSE
15,54,1.0047496312484,TRUE,FALSE,TRUE,FALSE
15,55,0.991573070627467,TRUE,FALSE,TRUE,FALSE
15,56,1.0188710622418,TRUE,FALSE,TRUE,FALSE
15,57,0.987295784902174,TRUE,FALSE,TRUE,FALSE
15,58,1.01099300083274,TRUE,FALSE,TRUE,FALSE
15,59,1.00623480814398,TRUE,FALSE,TRUE,FALSE
15,60,1.01094042835946,TRUE,FALSE,TRUE,FALSE
15,61,0.992255210387765,TRUE,FALSE,TRUE,FALSE
15,62,0.996896152735632,TRUE,FALSE,TRUE,FALSE
15,63,0.993315731057082,TRUE,FALSE,TRUE,TRUE
15,64,1.00307255269988,TRUE,FALSE,TRUE,FALSE
15,65,0.99940287290787,TRUE,FALSE,TRUE,FALSE
15,66,0.985948758121448,TRUE,FALSE,TRUE,FALSE
15,67,1.00264265114149,TRUE,FALSE,TRUE,FALSE
15,68,0.992162011755642,TRUE,FALSE,TRUE,TRUE
15,69,1.01634536961147,TRUE,FALSE,TRUE,FALSE
15,70,0.998495021023247,TRUE,FALSE,TRUE,FALSE
15,71,1.01389465987367,TRUE,FALSE,TRUE,FALSE
15,72,1.00769729843881,TRUE,FALSE,TRUE,FALSE
15,73,1.01257281125856,TRUE,FALSE,TRUE,FALSE
15,74,0.986448393386247,TRUE,FALSE,TRUE,FALSE
15,75,1.00115531556994,TRUE,FALSE,TRUE,FALSE
15,76,0.994923143248633,TRUE,FALSE,TRUE,FALSE
15,77,1.00296318133369,TRUE,FALSE,TRUE,FALSE
15,78,0.979955874713299,TRUE,TRUE,TRUE,FALSE
15,79,1.00448942812723,TRUE,FALSE,TRUE,FALSE
15,80,0.985646150276212,TRUE,FALSE,TRUE,FALSE
15,81,1.00819418016871,TRUE,FALSE,TRUE,FALSE
15,82,1.03049345019302,FALSE,FALSE,TRUE,FALSE
15,83,1.0112298780952,TRUE,FALSE,TRUE,FALSE
15,84,1.01766376761573,TRUE,FALSE,TRUE,FALSE
15,85,1.01833165618241,TRUE,FALSE,TRUE,FALSE
15,86,0.985792671252919,TRUE,FALSE,TRUE,FALSE
15,87,1.0111238207959,TRUE,FALSE,TRUE,FALSE
15,88,0.988224347288835,TRUE,FALSE,TRUE,FALSE
15,89,1.00986034271817,TRUE,FALSE,TRUE,FALSE
15,90,0.980358688647167,TRUE,FALSE,TRUE,FALSE
15,91,0.999353996928701,TRUE,FALSE,TRUE,FALSE
15,92,1.0086811993015,TRUE,FALSE,TRUE,FALSE
15,93,0.981337569685667,TRUE,FALSE,TRUE,FALSE
15,94,0.982925124209752,TRUE,FALSE,TRUE,FALSE
15,95,0.997072952701399,TRUE,FALSE,TRUE,FALSE
15,96,0.997354470617673,TRUE,FALSE,TRUE,FALSE
15,97,1.0117626531979,TRUE,FALSE,TRUE,FALSE
15,98,0.990535310383978,TRUE,FALSE,TRUE,FALSE
15,99,0.999468983972851,TRUE,FALSE,TRUE,FALSE
15,100,1.02457293915476,FALSE,FALSE,TRUE,FALSE
15,101,0.9971424809813,TRUE,FALSE,TRUE,FALSE
15,102,0.99149983165874,TRUE,FALSE,TRUE,FALSE
15,103,1.00891853985486,TRUE,FALSE,TRUE,FALSE
15,104,0.999324952083906,TRUE,FALSE,TRUE,FALSE
15,105,0.996585413538095,TRUE,FALSE,TRUE,FALSE
15,106,0.976496840728521,FALSE,TRUE,TRUE,FALSE
15,107,1.00888983956452,TRUE,FALSE,TRUE,FALSE
15,108,0.995797436181972,TRUE,FALSE,TRUE,FALSE
15,109,0.994340765875106,TRUE,FALSE,TRUE,TRUE
15,110,0.98762465511354,TRUE,FALSE,TRUE,FALSE
15,111,1.00426868218711,TRUE,FALSE,TRUE,FALSE
15,112,1.00184928858736,TRUE,FALSE,TRUE,FALSE
15,113,0.996593618491477,TRUE,FALSE,TRUE,FALSE
15,114,1.00320378743987,TRUE,FALSE,TRUE,TRUE
15,115,1.00205101601593,TRUE,FALSE,TRUE,FALSE
15,116,1.00255698696236,TRUE,FALSE,TRUE,FALSE
15,117,0.987133452397868,TRUE,FALSE,TRUE,FALSE
15,118,1.01244149250476,TRUE,FALSE,TRUE,FALSE
15,119,0.99750576734488,TRUE,FALSE,TRUE,FALSE
15,120,1.005281961824,TRUE,FALSE,TRUE,FALSE
15,121,0.993792934970512,TRUE,FALSE,TRUE,FALSE
15,122,1.00008353522976,TRUE,FALSE,TRUE,FALSE
15,123,1.00400666511625,TRUE,FALSE,TRUE,FALSE
15,124,1.00154834077892,TRUE,FALSE,TRUE,FALSE
15,125,1.00700252541216,TRUE,FALSE,TRUE,FALSE
15,126,0.998834849633914,TRUE,FALSE,TRUE,FALSE
15,127,1.01392183476392,TRUE,FALSE,TRUE,FALSE
15,128,1.00784665526311,TRUE,FALSE,TRUE,FALSE
15,129,0.999493716497254,TRUE,FALSE,TRUE,FALSE
15,130,0.993122341391032,TRUE,FALSE,TRUE,FALSE
15,131,1.0011696216277,TRUE,FALSE,TRUE,FALSE
15,132,0.993903905379962,TRUE,FALSE,TRUE,FALSE
15,133,0.992170117760422,TRUE,FALSE,TRUE,FALSE
15,134,1.00505973835902,TRUE,FALSE,TRUE,FALSE
15,135,0.999137449651885,TRUE,FALSE,TRUE,FALSE
15,136,0.995784116566131,TRUE,FALSE,TRUE,FALSE
15,137,0.999068847803606,TRUE,FALSE,TRUE,FALSE
15,138,1.00585256055817,TRUE,FALSE,TRUE,FALSE
15,139,0.992696897866635,TRUE,FALSE,TRUE,FALSE
15,140,1.01318963141047,TRUE,FALSE,TRUE,FALSE
15,141,1.00495923720575,TRUE,FALSE,TRUE,FALSE
15,142,1.00409879186288,TRUE,FALSE,TRUE,FALSE
15,143,0.999842815769779,TRUE,FALSE,TRUE,FALSE
15,144,0.992905555793958,TRUE,FALSE,TRUE,FALSE
15,145,1.00276076769949,TRUE,FALSE,TRUE,FALSE
15,146,0.984798349318378,TRUE,FALSE,TRUE,FALSE
15,147,0.995591610026812,TRUE,FALSE,TRUE,FALSE
15,148,0.984628100672822,TRUE,FALSE,TRUE,FALSE
15,149,1.01467071112986,TRUE,FALSE,TRUE,FALSE
15,150,1.00315912262385,TRUE,FALSE,TRUE,FALSE
15,151,1.00365002370402,TRUE,FALSE,TRUE,FALSE
15,152,0.995650256077367,TRUE,FALSE,TRUE,FALSE
15,153,1.01438976941078,TRUE,FALSE,TRUE,FALSE
15,154,0.993454603676871,TRUE,FALSE,TRUE,FALSE
15,155,1.0205056996374,TRUE,FALSE,TRUE,FALSE
15,156,1.00181029426661,TRUE,FALSE,TRUE,FALSE
15,157,1.01687652250329,TRUE,FALSE,TRUE,FALSE
15,158,0.991843123705895,TRUE,FALSE,TRUE,FALSE
15,159,0.983479166012547,TRUE,FALSE,TRUE,FALSE
15,160,1.01276248082794,TRUE,FALSE,TRUE,FALSE
15,161,0.975496545226086,FALSE,TRUE,TRUE,FALSE
15,162,1.0085319566461,TRUE,FALSE,TRUE,FALSE
15,163,1.00507058996713,TRUE,FALSE,TRUE,FALSE
15,164,1.00173290327698,TRUE,FALSE,TRUE,FALSE
15,165,1.00587045460802,TRUE,FALSE,TRUE,FALSE
15,166,1.00207074115205,TRUE,FALSE,TRUE,FALSE
15,167,0.98301016168534,TRUE,FALSE,TRUE,FALSE
15,168,1.00660206911275,TRUE,FALSE,TRUE,FALSE
15,169,0.985198801256175,TRUE,TRUE,TRUE,FALSE
15,170,1.01740550774868,TRUE,FALSE,TRUE,FALSE
15,171,1.00185402630249,TRUE,FALSE,TRUE,FALSE
15,172,0.999822973933918,TRUE,FALSE,TRUE,FALSE
15,173,0.988547132830253,TRUE,FALSE,TRUE,FALSE
15,174,1.00264505301399,TRUE,FALSE,TRUE,FALSE
15,175,1.00295599574464,TRUE,FALSE,TRUE,FALSE
15,176,0.992311686262355,TRUE,FALSE,TRUE,FALSE
15,177,0.99857536556159,TRUE,FALSE,TRUE,FALSE
15,178,1.00066088634822,TRUE,FALSE,TRUE,FALSE
15,179,1.01470096922909,TRUE,FALSE,TRUE,FALSE
15,180,1.01140257747971,TRUE,FALSE,TRUE,FALSE
15,181,1.00055515919638,TRUE,FALSE,TRUE,FALSE
15,182,1.00297487552958,TRUE,FALSE,TRUE,FALSE
15,183,1.01212731817391,TRUE,FALSE,TRUE,FALSE
15,184,0.992555509163035,TRUE,FALSE,TRUE,FALSE
15,185,0.9974123291238,TRUE,FALSE,TRUE,FALSE
15,186,1.01175858601729,TRUE,FALSE,TRUE,FALSE
15,187,1.00334170861296,TRUE,FALSE,TRUE,FALSE
15,188,0.995410808708387,TRUE,FALSE,TRUE,FALSE
15,189,1.0399234142362,FALSE,FALSE,TRUE,FALSE
15,190,1.00723579659373,TRUE,FALSE,TRUE,FALSE
15,191,0.986692892964305,TRUE,FALSE,TRUE,FALSE
15,192,1.00735070743899,TRUE,FALSE,TRUE,FALSE
15,193,0.998194493357333,TRUE,FALSE,TRUE,FALSE
15,194,0.996965234140743,TRUE,FALSE,TRUE,FALSE
15,195,0.993692164054431,TRUE,FALSE,TRUE,FALSE
15,196,0.990912273134274,TRUE,FALSE,TRUE,FALSE
15,197,0.997788549562509,TRUE,FALSE,TRUE,FALSE
15,198,1.00766635761549,TRUE,FALSE,TRUE,FALSE
15,199,0.987621109395679,TRUE,FALSE,TRUE,FALSE
15,200,1.00328637640228,TRUE,FALSE,TRUE,FALSE
15,201,0.992606550802639,TRUE,FALSE,TRUE,FALSE
15,202,1.00319461231265,TRUE,FALSE,TRUE,FALSE
15,203,0.99407053995104,TRUE,FALSE,TRUE,FALSE
15,204,0.98814528015522,TRUE,FALSE,TRUE,FALSE
15,205,0.997441109019727,TRUE,FALSE,TRUE,FALSE
15,206,1.00358936201601,TRUE,FALSE,TRUE,FALSE
15,207,1.00939547190801,TRUE,FALSE,TRUE,FALSE
15,208,1.00441806190737,TRUE,FALSE,TRUE,FALSE
15,209,0.995840319611413,TRUE,FALSE,TRUE,FALSE
15,210,0.989493506438894,TRUE,FALSE,TRUE,FALSE
15,211,1.00381587070162,TRUE,FALSE,TRUE,FALSE
15,212,1.0075682214632,TRUE,FALSE,TRUE,FALSE
15,213,0.997805021000881,TRUE,FALSE,TRUE,FALSE
15,214,0.999797984373807,TRUE,FALSE,TRUE,FALSE
15,215,0.995646750568846,TRUE,FALSE,TRUE,FALSE
15,216,0.9934950868315,TRUE,FALSE,TRUE,FALSE
15,217,1.01062068619403,TRUE,FALSE,TRUE,FALSE
15,218,0.981131199307911,TRUE,TRUE,TRUE,FALSE
15,219,0.975389815117141,FALSE,TRUE,TRUE,FALSE
15,220,1.01314595841597,TRUE,FALSE,TRUE,FALSE
15,221,1.00404025387905,TRUE,FALSE,TRUE,FALSE
15,222,0.99344530969557,TRUE,FALSE,TRUE,FALSE
15,223,1.00188003461012,TRUE,FALSE,TRUE,FALSE
15,224,1.0066021385626,TRUE,FALSE,TRUE,FALSE
15,225,1.01095707470581,TRUE,FALSE,TRUE,FALSE
15,226,0.993714856396368,TRUE,FALSE,TRUE,FALSE
15,227,1.00978240149267,TRUE,FALSE,TRUE,FALSE
15,228,1.012144740823,TRUE,FALSE,TRUE,FALSE
15,229,1.00769017155852,TRUE,FALSE,TRUE,FALSE
15,230,0.991413244937865,TRUE,FALSE,TRUE,FALSE
15,231,1.00573314044406,TRUE,FALSE,TRUE,FALSE
15,232,1.01243875877589,TRUE,FALSE,TRUE,FALSE
15,233,0.9907003130441,TRUE,FALSE,TRUE,FALSE
15,234,1.0069572290204,TRUE,FALSE,TRUE,FALSE
15,235,0.997999445114935,TRUE,FALSE,TRUE,FALSE
15,236,0.995623375891916,TRUE,FALSE,TRUE,FALSE
15,237,1.00107734077901,TRUE,FALSE,TRUE,FALSE
15,238,0.984623834300058,TRUE,FALSE,TRUE,FALSE
15,239,0.986749317365637,TRUE,FALSE,TRUE,FALSE
15,240,0.994600782599357,TRUE,FALSE,TRUE,FALSE
15,241,1.01199051411541,TRUE,FALSE,TRUE,FALSE
15,242,1.00008249133819,TRUE,FALSE,TRUE,FALSE
15,243,1.00809063307734,TRUE,FALSE,TRUE,FALSE
15,244,0.987989874917643,TRUE,FALSE,TRUE,FALSE
15,245,0.990018051871033,TRUE,FALSE,TRUE,FALSE
15,246,0.998676630173882,TRUE,FALSE,TRUE,FALSE
15,247,0.992665134727022,TRUE,FALSE,TRUE,FALSE
15,248,0.991601427720348,TRUE,FALSE,TRUE,FALSE
15,249,0.984928116592299,TRUE,FALSE,TRUE,FALSE
15,250,1.00563459141499,TRUE,FALSE,TRUE,FALSE
15,251,1.01330272069563,TRUE,FALSE,TRUE,FALSE
15,252,1.01475247303789,TRUE,FALSE,TRUE,FALSE
15,253,0.990101097231727,TRUE,FALSE,TRUE,FALSE
15,254,0.984723018020665,TRUE,FALSE,TRUE,FALSE
15,255,1.01388261016672,TRUE,FALSE,TRUE,FALSE
15,256,1.01019965759872,TRUE,FALSE,TRUE,FALSE
15,257,0.997039910196413,TRUE,FALSE,TRUE,FALSE
15,258,0.984016193594396,TRUE,FALSE,TRUE,FALSE
15,259,0.998330635660124,TRUE,FALSE,TRUE,FALSE
15,260,1.00025358067757,TRUE,FALSE,TRUE,FALSE
15,261,1.0003148583556,TRUE,FALSE,TRUE,FALSE
15,262,0.989286345066672,TRUE,FALSE,TRUE,FALSE
15,263,1.00274073535801,TRUE,FALSE,TRUE,FALSE
15,264,1.00614332529842,TRUE,FALSE,TRUE,FALSE
15,265,1.00798566393173,TRUE,FALSE,TRUE,FALSE
15,266,1.00692970626098,TRUE,FALSE,TRUE,FALSE
15,267,1.00743672611877,TRUE,FALSE,TRUE,FALSE
15,268,0.992563839924688,TRUE,FALSE,TRUE,FALSE
15,269,0.993962992553153,TRUE,FALSE,TRUE,FALSE
15,270,1.00010202362716,TRUE,FALSE,TRUE,FALSE
15,271,1.0077807383985,TRUE,FALSE,TRUE,FALSE
15,272,0.993705105046881,TRUE,FALSE,TRUE,FALSE
15,273,1.00370630675459,TRUE,FALSE,TRUE,FALSE
15,274,0.987065881251213,TRUE,FALSE,TRUE,FALSE
15,275,1.01052445702414,TRUE,FALSE,TRUE,FALSE
15,276,0.996517605139136,TRUE,FALSE,TRUE,FALSE
15,277,1.00577653731056,TRUE,FALSE,TRUE,FALSE
15,278,1.00117680021277,TRUE,FALSE,TRUE,FALSE
15,279,1.00304924610229,TRUE,FALSE,TRUE,FALSE
15,280,0.989662803476228,TRUE,FALSE,TRUE,FALSE
15,281,0.990492756408963,TRUE,FALSE,TRUE,FALSE
15,282,0.990481566842761,TRUE,FALSE,TRUE,FALSE
15,283,1.00515548174882,TRUE,FALSE,TRUE,FALSE
15,284,1.0071290873244,TRUE,FALSE,TRUE,FALSE
15,285,1.00902023192809,TRUE,FALSE,TRUE,FALSE
15,286,0.986161114647627,TRUE,FALSE,TRUE,FALSE
15,287,1.00934779382564,TRUE,FALSE,TRUE,FALSE
15,288,0.99483907294651,TRUE,FALSE,TRUE,FALSE
15,289,0.994888834962801,TRUE,FALSE,TRUE,FALSE
15,290,0.999602900447662,TRUE,FALSE,TRUE,FALSE
15,291,0.992530707102703,TRUE,FALSE,TRUE,FALSE
15,292,1.00438464057708,TRUE,FALSE,TRUE,FALSE
15,293,0.992960057009494,TRUE,FALSE,TRUE,FALSE
15,294,0.994389433831528,TRUE,FALSE,TRUE,FALSE
15,295,0.986235103131851,TRUE,FALSE,TRUE,FALSE
15,296,1.00380564119267,TRUE,FALSE,TRUE,FALSE
15,297,0.980710308452785,TRUE,TRUE,TRUE,FALSE
15,298,0.996487247658419,TRUE,FALSE,TRUE,FALSE
15,299,1.00441735727606,TRUE,FALSE,TRUE,FALSE
15,300,1.00129171522174,TRUE,FALSE,TRUE,FALSE
15,301,0.999231578249274,TRUE,FALSE,TRUE,FALSE
15,302,1.00667098349588,TRUE,FALSE,TRUE,FALSE
15,303,1.02090634971884,TRUE,FALSE,TRUE,FALSE
15,304,0.995409364895443,TRUE,FALSE,TRUE,FALSE
15,305,1.00687668588457,TRUE,FALSE,TRUE,FALSE
15,306,1.01930340533463,FALSE,FALSE,TRUE,FALSE
15,307,1.00619038694444,TRUE,FALSE,TRUE,FALSE
15,308,1.00061463279941,TRUE,FALSE,TRUE,FALSE
15,309,0.985406120893377,TRUE,FALSE,TRUE,FALSE
15,310,0.977130122958587,FALSE,TRUE,TRUE,FALSE
15,311,1.02309951667821,FALSE,FALSE,TRUE,FALSE
15,312,1.00228931483554,TRUE,FALSE,TRUE,FALSE
15,313,1.00296236003591,TRUE,FALSE,TRUE,FALSE
15,314,1.00259993246254,TRUE,FALSE,TRUE,FALSE
15,315,0.992132445722916,TRUE,FALSE,TRUE,FALSE
15,316,1.04024674325597,FALSE,FALSE,TRUE,FALSE
15,317,1.02896316072509,FALSE,FALSE,TRUE,FALSE
15,318,0.999755217613996,TRUE,FALSE,TRUE,FALSE
15,319,0.992208562288625,TRUE,FALSE,TRUE,FALSE
15,320,0.987119629378444,TRUE,FALSE,TRUE,FALSE
15,321,0.996305292273102,TRUE,FALSE,TRUE,FALSE
15,322,0.99624076717862,TRUE,FALSE,TRUE,FALSE
15,323,1.00166975465636,TRUE,FALSE,TRUE,FALSE
15,324,1.01202812361475,TRUE,FALSE,TRUE,FALSE
15,325,0.998861753253242,TRUE,FALSE,TRUE,FALSE
15,326,1.0001287164904,TRUE,FALSE,TRUE,FALSE
15,327,1.01222241410375,TRUE,FALSE,TRUE,FALSE
15,328,0.989845651412989,TRUE,FALSE,TRUE,FALSE
15,329,1.00240260214258,TRUE,FALSE,TRUE,FALSE
15,330,1.02012085811265,FALSE,FALSE,TRUE,FALSE
15,331,1.00596731560793,TRUE,FALSE,TRUE,FALSE
15,332,0.988135169269825,TRUE,FALSE,TRUE,FALSE
15,333,1.00187630334403,TRUE,FALSE,TRUE,FALSE
15,334,1.0075549666825,TRUE,FALSE,TRUE,FALSE
15,335,0.986684686675623,TRUE,FALSE,TRUE,FALSE
15,336,0.995578123422988,TRUE,FALSE,TRUE,FALSE
15,337,1.00742499312327,TRUE,FALSE,TRUE,FALSE
15,338,1.00460148233191,TRUE,FALSE,TRUE,FALSE
15,339,0.987544584977162,TRUE,FALSE,TRUE,FALSE
15,340,1.00827376651962,TRUE,FALSE,TRUE,FALSE
15,341,0.993400744541416,TRUE,FALSE,TRUE,FALSE
15,342,0.99640570696944,TRUE,FALSE,TRUE,FALSE
15,343,1.01243393596517,TRUE,FALSE,TRUE,FALSE
15,344,0.996825483106615,TRUE,FALSE,TRUE,FALSE
15,345,0.994448124806772,TRUE,FALSE,TRUE,FALSE
15,346,0.992701987909084,TRUE,FALSE,TRUE,FALSE
15,347,1.02279120873799,TRUE,FALSE,TRUE,FALSE
15,348,1.00723875551536,TRUE,FALSE,TRUE,FALSE
15,349,0.997760537698867,TRUE,FALSE,TRUE,FALSE
15,350,0.986455080883823,TRUE,FALSE,TRUE,FALSE
15,351,0.997901342587516,TRUE,FALSE,TRUE,FALSE
15,352,0.973179934743903,FALSE,TRUE,TRUE,FALSE
15,353,0.984126413273033,TRUE,FALSE,TRUE,FALSE
15,354,1.01988679339465,TRUE,FALSE,TRUE,FALSE
15,355,1.02895860596759,FALSE,FALSE,TRUE,FALSE
15,356,0.99151101880693,TRUE,FALSE,TRUE,FALSE
15,357,0.986692569828217,TRUE,FALSE,TRUE,FALSE
15,358,0.993308442752271,TRUE,FALSE,TRUE,FALSE
15,359,1.00548032563208,TRUE,FALSE,TRUE,FALSE
15,360,0.986043269908724,TRUE,FALSE,TRUE,FALSE
15,361,0.989839971505929,TRUE,FALSE,TRUE,FALSE
15,362,1.00925642787658,TRUE,FALSE,TRUE,FALSE
15,363,1.00128092500911,TRUE,FALSE,TRUE,FALSE
15,364,0.993713646130375,TRUE,FALSE,TRUE,FALSE
15,365,0.988837984870661,TRUE,FALSE,TRUE,FALSE
15,366,0.999246532577508,TRUE,FALSE,TRUE,FALSE
15,367,1.01597025868852,TRUE,FALSE,TRUE,FALSE
15,368,0.976744116740555,FALSE,TRUE,TRUE,FALSE
15,369,1.00055189850054,TRUE,FALSE,TRUE,FALSE
15,370,1.01273773488079,TRUE,FALSE,TRUE,FALSE
15,371,0.981929923105553,TRUE,TRUE,TRUE,FALSE
15,372,1.00428393843374,TRUE,FALSE,TRUE,FALSE
15,373,1.00533610859413,TRUE,FALSE,TRUE,FALSE
15,374,0.999096360088374,TRUE,FALSE,TRUE,FALSE
15,375,1.01615606839418,TRUE,FALSE,TRUE,FALSE
15,376,0.987513192833159,TRUE,FALSE,TRUE,FALSE
15,377,1.01005861405809,TRUE,FALSE,TRUE,FALSE
15,378,1.0095546909167,TRUE,FALSE,TRUE,FALSE
15,379,1.00979835551413,TRUE,FALSE,TRUE,FALSE
15,380,1.01559764521493,TRUE,FALSE,TRUE,FALSE
15,381,0.988874769221658,TRUE,FALSE,TRUE,FALSE
15,382,1.00621853960716,TRUE,FALSE,TRUE,FALSE
15,383,0.992754374009846,TRUE,FALSE,TRUE,FALSE
15,384,0.997620149169107,TRUE,FALSE,TRUE,FALSE
15,385,1.01528193100707,TRUE,FALSE,TRUE,FALSE
15,386,0.998006228632979,TRUE,FALSE,TRUE,FALSE
15,387,1.00222253406001,TRUE,FALSE,TRUE,FALSE
15,388,0.980334814364624,FALSE,TRUE,TRUE,FALSE
15,389,0.995749001149993,TRUE,FALSE,TRUE,FALSE
15,390,1.00597878789477,TRUE,FALSE,TRUE,FALSE
15,391,1.00768512935319,TRUE,FALSE,TRUE,FALSE
15,392,1.00055982151229,TRUE,FALSE,TRUE,FALSE
15,393,0.992561901075948,TRUE,FALSE,TRUE,FALSE
15,394,1.0204173355341,TRUE,FALSE,TRUE,FALSE
15,395,0.998360854582513,TRUE,FALSE,TRUE,FALSE
15,396,1.0043111429655,TRUE,FALSE,TRUE,FALSE
15,397,0.998475465151206,TRUE,FALSE,TRUE,FALSE
15,398,0.99379864603666,TRUE,FALSE,TRUE,FALSE
15,399,1.00439144803039,TRUE,FALSE,TRUE,FALSE
15,400,1.01260421102833,TRUE,FALSE,TRUE,TRUE
15,401,1.01012320747156,TRUE,FALSE,TRUE,FALSE
15,402,1.00706327714486,TRUE,FALSE,TRUE,FALSE
15,403,1.00767393822495,TRUE,FALSE,TRUE,FALSE
15,404,1.01133167391735,TRUE,FALSE,TRUE,FALSE
15,405,1.02275999906252,FALSE,FALSE,TRUE,FALSE
15,406,0.998320974487081,TRUE,FALSE,TRUE,FALSE
15,407,0.994464909464951,TRUE,FALSE,TRUE,FALSE
15,408,0.993639458444037,TRUE,FALSE,TRUE,FALSE
15,409,0.993011599726252,TRUE,FALSE,TRUE,FALSE
15,410,1.00110045651282,TRUE,FALSE,TRUE,FALSE
15,411,0.997575933171685,TRUE,FALSE,TRUE,FALSE
15,412,0.976487754914612,TRUE,TRUE,TRUE,FALSE
15,413,0.994233917990285,TRUE,FALSE,TRUE,FALSE
15,414,1.00668439382894,TRUE,FALSE,TRUE,FALSE
15,415,1.0128905159149,TRUE,FALSE,TRUE,FALSE
15,416,0.990136214832493,TRUE,FALSE,TRUE,FALSE
15,417,0.994978651364015,TRUE,FALSE,TRUE,FALSE
15,418,1.00473672435417,TRUE,FALSE,TRUE,FALSE
15,419,0.993748458685133,TRUE,FALSE,TRUE,FALSE
15,420,0.993962805967426,TRUE,FALSE,TRUE,FALSE
15,421,1.00307980601038,TRUE,FALSE,TRUE,FALSE
15,422,0.968772172924451,FALSE,TRUE,TRUE,FALSE
15,423,0.996081248887848,TRUE,FALSE,TRUE,FALSE
15,424,0.988267616620407,TRUE,FALSE,TRUE,FALSE
15,425,0.991670526812217,TRUE,FALSE,TRUE,FALSE
15,426,1.01273407677483,TRUE,FALSE,TRUE,FALSE
15,427,1.00289023115509,TRUE,FALSE,TRUE,FALSE
15,428,0.985049995356938,TRUE,FALSE,TRUE,FALSE
15,429,0.999269622666844,TRUE,FALSE,TRUE,FALSE
15,430,0.981110381257357,TRUE,TRUE,TRUE,FALSE
15,431,0.991587340268657,TRUE,FALSE,TRUE,FALSE
15,432,0.995955621995394,TRUE,FALSE,TRUE,FALSE
15,433,0.988285892784318,TRUE,FALSE,TRUE,FALSE
15,434,1.00324488858886,TRUE,FALSE,TRUE,FALSE
15,435,0.995143448090127,TRUE,FALSE,TRUE,FALSE
15,436,1.02037795607531,TRUE,FALSE,TRUE,FALSE
15,437,0.995337301461461,TRUE,FALSE,TRUE,FALSE
15,438,1.01680640456117,TRUE,FALSE,TRUE,FALSE
15,439,1.00299487223016,TRUE,FALSE,TRUE,FALSE
15,440,0.993879705765769,TRUE,FALSE,TRUE,FALSE
15,441,0.995752555221553,TRUE,FALSE,TRUE,FALSE
15,442,1.00302714054575,TRUE,FALSE,TRUE,FALSE
15,443,1.01433174705597,TRUE,FALSE,TRUE,FALSE
15,444,0.991158073650445,TRUE,FALSE,TRUE,FALSE
15,445,1.00600510848519,TRUE,FALSE,TRUE,FALSE
15,446,1.01176916484352,TRUE,FALSE,TRUE,FALSE
15,447,1.00675121773588,TRUE,FALSE,TRUE,FALSE
15,448,1.00999062303217,TRUE,FALSE,TRUE,FALSE
15,449,1.01085511340648,TRUE,FALSE,TRUE,FALSE
15,450,0.997818559613305,TRUE,FALSE,TRUE,FALSE
15,451,0.9789838111627,FALSE,TRUE,TRUE,FALSE
15,452,1.00735777186873,TRUE,FALSE,TRUE,FALSE
15,453,1.02307790595482,FALSE,FALSE,TRUE,FALSE
15,454,1.00752230248746,TRUE,FALSE,TRUE,FALSE
15,455,0.994951387658082,TRUE,FALSE,TRUE,FALSE
15,456,0.996405315793602,TRUE,FALSE,TRUE,FALSE
15,457,1.00816687965904,TRUE,FALSE,TRUE,FALSE
15,458,0.986559384361725,TRUE,FALSE,TRUE,FALSE
15,459,0.994960114486897,TRUE,FALSE,TRUE,FALSE
15,460,1.01390401689786,TRUE,FALSE,TRUE,FALSE
15,461,0.975692203863287,FALSE,TRUE,TRUE,FALSE
15,462,1.00230689970081,TRUE,FALSE,TRUE,FALSE
15,463,0.998360064672632,TRUE,FALSE,TRUE,FALSE
15,464,1.02701220287255,FALSE,FALSE,TRUE,FALSE
15,465,1.01101780100458,TRUE,FALSE,TRUE,FALSE
15,466,1.0266816154821,FALSE,FALSE,TRUE,FALSE
15,467,1.01031493304759,TRUE,FALSE,TRUE,FALSE
15,468,1.00770073483789,TRUE,FALSE,TRUE,FALSE
15,469,0.999805444256298,TRUE,FALSE,TRUE,FALSE
15,470,1.00837152272436,TRUE,FALSE,TRUE,FALSE
15,471,1.00893571125144,TRUE,FALSE,TRUE,FALSE
15,472,1.01034005703403,TRUE,FALSE,TRUE,FALSE
15,473,0.989485192355912,TRUE,FALSE,TRUE,FALSE
15,474,0.985396393129544,TRUE,FALSE,TRUE,FALSE
15,475,1.01171670444408,TRUE,FALSE,TRUE,FALSE
15,476,1.02518062349285,FALSE,FALSE,TRUE,FALSE
15,477,1.00172961208637,TRUE,FALSE,TRUE,FALSE
15,478,1.00579940391194,TRUE,FALSE,TRUE,FALSE
15,479,1.00588612276492,TRUE,FALSE,TRUE,FALSE
15,480,0.99017625299767,TRUE,FALSE,TRUE,FALSE
15,481,0.985458631677894,TRUE,FALSE,TRUE,FALSE
15,482,1.01690648125403,TRUE,FALSE,TRUE,FALSE
15,483,1.00062039797311,TRUE,FALSE,TRUE,FALSE
15,484,0.988349561354421,TRUE,FALSE,TRUE,FALSE
15,485,0.998540001998748,TRUE,FALSE,TRUE,FALSE
15,486,0.991474121640328,TRUE,FALSE,TRUE,FALSE
15,487,0.990910574989354,TRUE,FALSE,TRUE,FALSE
15,488,1.00052078614431,TRUE,FALSE,TRUE,FALSE
15,489,0.995129480609946,TRUE,FALSE,TRUE,FALSE
15,490,1.00051283331347,TRUE,FALSE,TRUE,FALSE
15,491,1.0021841426487,TRUE,FALSE,TRUE,FALSE
15,492,0.994982991099982,TRUE,FALSE,TRUE,FALSE
15,493,0.990024708385732,TRUE,FALSE,TRUE,FALSE
15,494,0.992783004256196,TRUE,FALSE,TRUE,FALSE
15,495,1.00500974470573,TRUE,FALSE,TRUE,FALSE
15,496,0.994392253092948,TRUE,FALSE,TRUE,FALSE
15,497,0.98892579526742,TRUE,FALSE,TRUE,FALSE
15,498,0.995948890192491,TRUE,FALSE,TRUE,FALSE
15,499,0.997132927820975,TRUE,FALSE,TRUE,TRUE
15,500,0.995181673732682,TRUE,FALSE,TRUE,FALSE
15,501,0.998947326434615,TRUE,FALSE,TRUE,FALSE
15,502,1.01536981591546,TRUE,FALSE,TRUE,TRUE
15,503,0.998744390070431,TRUE,FALSE,TRUE,FALSE
15,504,0.996483591370686,TRUE,FALSE,TRUE,FALSE
15,505,1.00725082392924,TRUE,FALSE,TRUE,FALSE
15,506,1.0043488567843,TRUE,FALSE,TRUE,FALSE
15,507,0.999128867130866,TRUE,FALSE,TRUE,FALSE
15,508,1.01077299996644,TRUE,FALSE,TRUE,FALSE
15,509,1.00308008802116,TRUE,FALSE,TRUE,FALSE
15,510,0.998612346497468,TRUE,FALSE,TRUE,FALSE
15,511,1.00585842250899,TRUE,FALSE,TRUE,FALSE
15,512,1.00579808388897,TRUE,FALSE,TRUE,FALSE
15,513,1.00826783844031,TRUE,FALSE,TRUE,FALSE
15,514,1.00698259881553,TRUE,FALSE,TRUE,FALSE
15,515,0.996288135816611,TRUE,FALSE,TRUE,FALSE
15,516,1.01111958430729,TRUE,FALSE,TRUE,FALSE
15,517,0.99709102479,TRUE,FALSE,TRUE,FALSE
15,518,1.01232435616128,TRUE,FALSE,TRUE,FALSE
15,519,0.995476109938819,TRUE,FALSE,TRUE,FALSE
15,520,0.98275900565046,TRUE,FALSE,TRUE,FALSE
15,521,1.00815616922826,TRUE,FALSE,TRUE,FALSE
15,522,1.00116361459914,TRUE,FALSE,TRUE,FALSE
15,523,1.02390109817322,FALSE,FALSE,TRUE,FALSE
15,524,0.995361234664055,TRUE,FALSE,TRUE,FALSE
15,525,1.00235747961172,TRUE,FALSE,TRUE,FALSE
15,526,0.984390135959267,TRUE,FALSE,TRUE,FALSE
15,527,1.01184716844704,TRUE,FALSE,TRUE,FALSE
15,528,1.01481326380472,TRUE,FALSE,TRUE,FALSE
15,529,0.989744475296165,TRUE,FALSE,TRUE,FALSE
15,530,1.00452936859228,TRUE,FALSE,TRUE,FALSE
15,531,1.00105269686022,TRUE,FALSE,TRUE,FALSE
15,532,0.984675219846206,TRUE,FALSE,TRUE,FALSE
15,533,1.01800788159797,TRUE,FALSE,TRUE,FALSE
15,534,1.01021968592367,TRUE,FALSE,TRUE,FALSE
15,535,1.01570344902846,TRUE,FALSE,TRUE,FALSE
15,536,0.986073990756271,TRUE,FALSE,TRUE,FALSE
15,537,1.00462089993194,TRUE,FALSE,TRUE,FALSE
15,538,1.0133810870288,TRUE,FALSE,TRUE,FALSE
15,539,0.992058140851314,TRUE,FALSE,TRUE,FALSE
15,540,0.998252924517954,TRUE,FALSE,TRUE,FALSE
15,541,0.982577083539309,TRUE,TRUE,TRUE,FALSE
15,542,1.00486830948578,TRUE,FALSE,TRUE,FALSE
15,543,1.00491802808283,TRUE,FALSE,TRUE,FALSE
15,544,0.997437632569,TRUE,FALSE,TRUE,FALSE
15,545,1.01168430890723,TRUE,FALSE,TRUE,FALSE
15,546,1.01546213739435,TRUE,FALSE,TRUE,FALSE
15,547,1.01459707636685,TRUE,FALSE,TRUE,FALSE
15,548,0.994859075868513,TRUE,FALSE,TRUE,FALSE
15,549,1.00179569195128,TRUE,FALSE,TRUE,FALSE
15,550,1.00282431194763,TRUE,FALSE,TRUE,FALSE
15,551,1.00502013870964,TRUE,FALSE,TRUE,FALSE
15,552,1.00140702384497,TRUE,FALSE,TRUE,FALSE
15,553,0.987537129643489,TRUE,FALSE,TRUE,FALSE
15,554,0.986147203360383,TRUE,FALSE,TRUE,FALSE
15,555,1.01529787801358,TRUE,FALSE,TRUE,FALSE
15,556,0.993774186787308,TRUE,FALSE,TRUE,FALSE
15,557,0.996806079714766,TRUE,FALSE,TRUE,FALSE
15,558,0.991429042796838,TRUE,FALSE,TRUE,FALSE
15,559,1.00611667392196,TRUE,FALSE,TRUE,FALSE
15,560,1.01951779080868,FALSE,FALSE,TRUE,FALSE
15,561,1.00484757226757,TRUE,FALSE,TRUE,FALSE
15,562,0.997356349478506,TRUE,FALSE,TRUE,FALSE
15,563,0.999146906583971,TRUE,FALSE,TRUE,FALSE
15,564,1.01904889040562,TRUE,FALSE,TRUE,FALSE
15,565,0.987287107237276,TRUE,FALSE,TRUE,FALSE
15,566,1.01136490388878,TRUE,FALSE,TRUE,FALSE
15,567,1.00236953570434,TRUE,FALSE,TRUE,FALSE
15,568,1.00378336423763,TRUE,FALSE,TRUE,FALSE
15,569,0.973795475461606,FALSE,TRUE,TRUE,FALSE
15,570,1.01689180961113,TRUE,FALSE,TRUE,FALSE
15,571,1.01077417467165,TRUE,FALSE,TRUE,FALSE
15,572,0.992352772665821,TRUE,FALSE,TRUE,FALSE
15,573,0.995384161048905,TRUE,FALSE,TRUE,FALSE
15,574,0.978119205302759,TRUE,TRUE,TRUE,FALSE
15,575,0.987814277309024,TRUE,FALSE,TRUE,FALSE
15,576,0.985317077645354,TRUE,FALSE,TRUE,FALSE
15,577,0.999658240106651,TRUE,FALSE,TRUE,FALSE
15,578,0.994667847482409,TRUE,FALSE,TRUE,FALSE
15,579,1.01075762017387,TRUE,FALSE,TRUE,FALSE
15,580,0.993447311682228,TRUE,FALSE,TRUE,FALSE
15,581,0.999130184973501,TRUE,FALSE,TRUE,FALSE
15,582,1.02123032183839,TRUE,FALSE,TRUE,FALSE
15,583,1.00254359488288,TRUE,FALSE,TRUE,FALSE
15,584,0.989957614701452,TRUE,FALSE,TRUE,FALSE
15,585,1.00954110214841,TRUE,FALSE,TRUE,FALSE
15,586,0.998824131471403,TRUE,FALSE,TRUE,FALSE
15,587,1.01418800296577,TRUE,FALSE,TRUE,FALSE
15,588,0.982031142542617,TRUE,FALSE,TRUE,FALSE
15,589,0.992052506560519,TRUE,FALSE,TRUE,FALSE
15,590,0.995500059458387,TRUE,FALSE,TRUE,FALSE
15,591,1.00436888823053,TRUE,FALSE,TRUE,FALSE
15,592,1.00962591205243,TRUE,FALSE,TRUE,FALSE
15,593,0.994930704496726,TRUE,FALSE,TRUE,FALSE
15,594,1.00706380975517,TRUE,FALSE,TRUE,FALSE
15,595,1.00188767218932,TRUE,FALSE,TRUE,FALSE
15,596,0.995666406573076,TRUE,FALSE,TRUE,FALSE
15,597,1.0070617126164,TRUE,FALSE,TRUE,FALSE
15,598,0.988505114404561,TRUE,FALSE,TRUE,FALSE
15,599,1.00591999528178,TRUE,FALSE,TRUE,FALSE
15,600,0.994033942616733,TRUE,FALSE,TRUE,FALSE
15,601,0.995212598473517,TRUE,FALSE,TRUE,FALSE
15,602,0.993740044659351,TRUE,FALSE,TRUE,FALSE
15,603,0.998855816371732,TRUE,FALSE,TRUE,FALSE
15,604,1.00160947901149,TRUE,FALSE,TRUE,FALSE
15,605,1.00877638316369,TRUE,FALSE,TRUE,FALSE
15,606,1.03339342962929,FALSE,FALSE,TRUE,FALSE
15,607,1.00335882483002,TRUE,FALSE,TRUE,FALSE
15,608,1.00825990539696,TRUE,FALSE,TRUE,FALSE
15,609,1.01231901703343,TRUE,FALSE,TRUE,FALSE
15,610,1.00171501612112,TRUE,FALSE,TRUE,FALSE
15,611,1.00689480401965,TRUE,FALSE,TRUE,FALSE
15,612,0.998078258928685,TRUE,FALSE,TRUE,FALSE
15,613,1.00873326937403,TRUE,FALSE,TRUE,FALSE
15,614,1.00296509359058,TRUE,FALSE,TRUE,TRUE
15,615,0.989515758844351,TRUE,FALSE,TRUE,FALSE
15,616,1.00153329340261,TRUE,FALSE,TRUE,FALSE
15,617,0.987403372377487,TRUE,FALSE,TRUE,FALSE
15,618,1.00928366037803,TRUE,FALSE,TRUE,FALSE
15,619,0.996790611219497,TRUE,FALSE,TRUE,FALSE
15,620,1.01422488178725,TRUE,FALSE,TRUE,FALSE
15,621,0.991006904228444,TRUE,FALSE,TRUE,FALSE
15,622,0.991823240137477,TRUE,FALSE,TRUE,FALSE
15,623,1.00784169448485,TRUE,FALSE,TRUE,FALSE
15,624,0.997054704157664,TRUE,FALSE,TRUE,FALSE
15,625,0.999312025927234,TRUE,FALSE,TRUE,FALSE
15,626,0.997464451977858,TRUE,FALSE,TRUE,FALSE
15,627,0.991160984130365,TRUE,FALSE,TRUE,FALSE
15,628,1.01542399363719,TRUE,FALSE,TRUE,FALSE
15,629,1.00528782811862,TRUE,FALSE,TRUE,FALSE
15,630,1.00818354293842,TRUE,FALSE,TRUE,FALSE
15,631,1.00741018216506,TRUE,FALSE,TRUE,FALSE
15,632,1.0147599627382,TRUE,FALSE,TRUE,FALSE
15,633,1.00223516082748,TRUE,FALSE,TRUE,FALSE
15,634,1.00237880736973,TRUE,FALSE,TRUE,FALSE
15,635,0.984311235247948,TRUE,FALSE,TRUE,FALSE
15,636,1.01370706669863,TRUE,FALSE,TRUE,FALSE
15,637,1.00323374241181,TRUE,FALSE,TRUE,FALSE
15,638,1.00552140828348,TRUE,FALSE,TRUE,FALSE
15,639,1.01527917534972,TRUE,FALSE,TRUE,FALSE
15,640,1.01509270664125,TRUE,FALSE,TRUE,FALSE
15,641,1.00228700579419,TRUE,FALSE,TRUE,FALSE
15,642,0.985151358400482,TRUE,FALSE,TRUE,FALSE
15,643,0.999020555102024,TRUE,FALSE,TRUE,FALSE
15,644,1.02118193201731,TRUE,FALSE,TRUE,FALSE
15,645,1.0072281296087,TRUE,FALSE,TRUE,FALSE
15,646,1.00269827119347,TRUE,FALSE,TRUE,FALSE
15,647,0.973917081716493,FALSE,TRUE,TRUE,FALSE
15,648,0.999228555306914,TRUE,FALSE,TRUE,FALSE
15,649,1.00529794505683,TRUE,FALSE,TRUE,FALSE
15,650,1.01002509189475,TRUE,FALSE,TRUE,FALSE
15,651,1.0179635738708,TRUE,FALSE,TRUE,FALSE
15,652,0.996426866141466,TRUE,FALSE,TRUE,FALSE
15,653,0.993583341031773,TRUE,FALSE,TRUE,FALSE
15,654,1.00834127232129,TRUE,FALSE,TRUE,FALSE
15,655,1.01415641809701,TRUE,FALSE,TRUE,FALSE
15,656,1.02368446084015,FALSE,FALSE,TRUE,FALSE
15,657,0.983185266988325,TRUE,FALSE,TRUE,FALSE
15,658,1.00142179608808,TRUE,FALSE,TRUE,TRUE
15,659,0.999756212744218,TRUE,FALSE,TRUE,FALSE
15,660,1.00320688318011,TRUE,FALSE,TRUE,FALSE
15,661,1.00556525376546,TRUE,FALSE,TRUE,FALSE
15,662,1.00064148048973,TRUE,FALSE,TRUE,FALSE
15,663,0.995470691366922,TRUE,FALSE,TRUE,FALSE
15,664,1.00195660278299,TRUE,FALSE,TRUE,FALSE
15,665,0.986241904081965,TRUE,FALSE,TRUE,TRUE
15,666,0.993914220064916,TRUE,FALSE,TRUE,FALSE
15,667,0.988473925621365,TRUE,FALSE,TRUE,FALSE
15,668,1.00640881773493,TRUE,FALSE,TRUE,FALSE
15,669,1.01128755744783,TRUE,FALSE,TRUE,FALSE
15,670,1.00530618287779,TRUE,FALSE,TRUE,FALSE
15,671,0.991498181783302,TRUE,FALSE,TRUE,FALSE
15,672,0.983340411220336,TRUE,FALSE,TRUE,FALSE
15,673,1.01328604182305,TRUE,FALSE,TRUE,FALSE
15,674,1.00458661184407,TRUE,FALSE,TRUE,FALSE
15,675,0.978194626917338,TRUE,TRUE,TRUE,FALSE
15,676,1.00994154655839,TRUE,FALSE,TRUE,FALSE
15,677,1.00686121303489,TRUE,FALSE,TRUE,FALSE
15,678,1.01182073873361,TRUE,FALSE,TRUE,FALSE
15,679,1.00448266008995,TRUE,FALSE,TRUE,FALSE
15,680,1.00628284410542,TRUE,FALSE,TRUE,FALSE
15,681,0.99334043662592,TRUE,FALSE,TRUE,FALSE
15,682,0.986087183384646,TRUE,FALSE,TRUE,FALSE
15,683,1.00834977939119,TRUE,FALSE,TRUE,FALSE
15,684,0.999987432408875,TRUE,FALSE,TRUE,FALSE
15,685,1.00596968126637,TRUE,FALSE,TRUE,FALSE
15,686,0.990706325410303,TRUE,FALSE,TRUE,FALSE
15,687,1.01194056593833,TRUE,FALSE,TRUE,FALSE
15,688,1.00883436435162,TRUE,FALSE,TRUE,FALSE
15,689,1.00386101911197,TRUE,FALSE,TRUE,FALSE
15,690,0.97671819334093,FALSE,TRUE,TRUE,FALSE
15,691,0.991216418845712,TRUE,FALSE,TRUE,FALSE
15,692,0.999333818864585,TRUE,FALSE,TRUE,FALSE
15,693,1.01065337475052,TRUE,FALSE,TRUE,FALSE
15,694,0.996266754221704,TRUE,FALSE,TRUE,FALSE
15,695,0.983633542454262,TRUE,FALSE,TRUE,FALSE
15,696,1.00060811202678,TRUE,FALSE,TRUE,FALSE
15,697,1.02298309722741,TRUE,FALSE,TRUE,FALSE
15,698,0.98580076646096,TRUE,FALSE,TRUE,FALSE
15,699,0.997323738572175,TRUE,FALSE,TRUE,FALSE
15,700,0.996701413743379,TRUE,FALSE,TRUE,FALSE
15,701,1.00365546320158,TRUE,FALSE,TRUE,FALSE
15,702,0.989731285725353,TRUE,FALSE,TRUE,FALSE
15,703,0.988129212399482,TRUE,FALSE,TRUE,FALSE
15,704,1.00598350368214,TRUE,FALSE,TRUE,FALSE
15,705,1.00149276459662,TRUE,FALSE,TRUE,FALSE
15,706,1.00317078352956,TRUE,FALSE,TRUE,FALSE
15,707,0.985779246043427,TRUE,FALSE,TRUE,FALSE
15,708,1.00739599437236,TRUE,FALSE,TRUE,FALSE
15,709,0.993970687615586,TRUE,FALSE,TRUE,FALSE
15,710,1.00098770454135,TRUE,FALSE,TRUE,FALSE
15,711,0.9964681325403,TRUE,FALSE,TRUE,FALSE
15,712,0.999060495929592,TRUE,FALSE,TRUE,FALSE
15,713,1.00500970051091,TRUE,FALSE,TRUE,FALSE
15,714,1.01080617238139,TRUE,FALSE,TRUE,FALSE
15,715,0.986786672866611,TRUE,FALSE,TRUE,FALSE
15,716,0.979971921677739,TRUE,TRUE,TRUE,FALSE
15,717,0.99456713575307,TRUE,FALSE,TRUE,FALSE
15,718,1.00758751797127,TRUE,FALSE,TRUE,FALSE
15,719,0.979779468388552,TRUE,TRUE,TRUE,FALSE
15,720,0.995121598606538,TRUE,FALSE,TRUE,FALSE
15,721,0.989485808979588,TRUE,FALSE,TRUE,FALSE
15,722,0.992729002643728,TRUE,FALSE,TRUE,TRUE
15,723,1.00253743014314,TRUE,FALSE,TRUE,FALSE
15,724,0.997610697129284,TRUE,FALSE,TRUE,FALSE
15,725,1.00710229148595,TRUE,FALSE,TRUE,FALSE
15,726,0.992477141824846,TRUE,FALSE,TRUE,FALSE
15,727,0.993972067730863,TRUE,FALSE,TRUE,FALSE
15,728,0.983621541139548,TRUE,FALSE,TRUE,FALSE
15,729,1.0080159815145,TRUE,FALSE,TRUE,FALSE
15,730,0.999881461310776,TRUE,FALSE,TRUE,FALSE
15,731,0.992645328434023,TRUE,FALSE,TRUE,FALSE
15,732,0.999062309245814,TRUE,FALSE,TRUE,FALSE
15,733,0.998723283782812,TRUE,FALSE,TRUE,FALSE
15,734,0.991511979918546,TRUE,FALSE,TRUE,FALSE
15,735,1.01054334579821,TRUE,FALSE,TRUE,FALSE
15,736,1.00082608397765,TRUE,FALSE,TRUE,FALSE
15,737,1.01366849513147,TRUE,FALSE,TRUE,FALSE
15,738,0.994370926336461,TRUE,FALSE,TRUE,FALSE
15,739,1.00555098895968,TRUE,FALSE,TRUE,FALSE
15,740,1.01241381059111,TRUE,FALSE,TRUE,FALSE
15,741,1.01929125762565,TRUE,FALSE,TRUE,FALSE
15,742,1.00787437315289,TRUE,FALSE,TRUE,FALSE
15,743,0.98172769623645,TRUE,TRUE,TRUE,FALSE
15,744,0.992980595667236,TRUE,FALSE,TRUE,FALSE
15,745,0.996764565475531,TRUE,FALSE,TRUE,FALSE
15,746,0.993723163102872,TRUE,FALSE,TRUE,FALSE
15,747,0.98656935394094,TRUE,FALSE,TRUE,FALSE
15,748,1.00958718728304,TRUE,FALSE,TRUE,FALSE
15,749,0.99872967223848,TRUE,FALSE,TRUE,FALSE
15,750,0.989703112249551,TRUE,FALSE,TRUE,FALSE
15,751,1.01656806993934,TRUE,FALSE,TRUE,FALSE
15,752,1.01812875221178,TRUE,FALSE,TRUE,FALSE
15,753,1.00213922425655,TRUE,FALSE,TRUE,FALSE
15,754,1.00881785667296,TRUE,FALSE,TRUE,FALSE
15,755,0.990595509192905,TRUE,FALSE,TRUE,FALSE
15,756,1.00496149753346,TRUE,FALSE,TRUE,FALSE
15,757,0.988537449026527,TRUE,FALSE,TRUE,FALSE
15,758,1.0009416517369,TRUE,FALSE,TRUE,FALSE
15,759,0.99388295536383,TRUE,FALSE,TRUE,FALSE
15,760,0.990156434955535,TRUE,FALSE,TRUE,FALSE
15,761,0.988280473838664,TRUE,FALSE,TRUE,FALSE
15,762,1.0103300294474,TRUE,FALSE,TRUE,FALSE
15,763,0.992625815846294,TRUE,FALSE,TRUE,FALSE
15,764,0.997009637461678,TRUE,FALSE,TRUE,FALSE
15,765,1.0047336359997,TRUE,FALSE,TRUE,FALSE
15,766,0.997174548155446,TRUE,FALSE,TRUE,FALSE
15,767,0.979149097979607,TRUE,FALSE,TRUE,FALSE
15,768,0.988738068828131,TRUE,FALSE,TRUE,FALSE
15,769,1.00010600074928,TRUE,FALSE,TRUE,FALSE
15,770,1.00686442246449,TRUE,FALSE,TRUE,FALSE
15,771,1.02136499716026,FALSE,FALSE,TRUE,FALSE
15,772,1.01392300863171,TRUE,FALSE,TRUE,FALSE
15,773,1.00982853348383,TRUE,FALSE,TRUE,FALSE
15,774,0.984543321161886,TRUE,FALSE,TRUE,FALSE
15,775,1.00798602179279,TRUE,FALSE,TRUE,FALSE
15,776,0.989222353604902,TRUE,FALSE,TRUE,FALSE
15,777,0.982808578309116,TRUE,FALSE,TRUE,FALSE
15,778,1.0084116805909,TRUE,FALSE,TRUE,FALSE
15,779,1.00763311657719,TRUE,FALSE,TRUE,FALSE
15,780,0.996811199527389,TRUE,FALSE,TRUE,FALSE
15,781,1.00966264802117,TRUE,FALSE,TRUE,FALSE
15,782,1.00356535731952,TRUE,FALSE,TRUE,FALSE
15,783,1.00667545020848,TRUE,FALSE,TRUE,FALSE
15,784,1.00478038122727,TRUE,FALSE,TRUE,FALSE
15,785,1.00158409298961,TRUE,FALSE,TRUE,FALSE
15,786,1.00846926159501,TRUE,FALSE,TRUE,FALSE
15,787,0.983271175784646,TRUE,FALSE,TRUE,FALSE
15,788,1.02006388779384,TRUE,FALSE,TRUE,TRUE
15,789,0.990437092371326,TRUE,FALSE,TRUE,FALSE
15,790,0.993967895097847,TRUE,FALSE,TRUE,FALSE
15,791,0.984063695146787,TRUE,FALSE,TRUE,FALSE
15,792,0.995610401888027,TRUE,FALSE,TRUE,FALSE
15,793,1.00669652562153,TRUE,FALSE,TRUE,FALSE
15,794,0.996951857210177,TRUE,FALSE,TRUE,FALSE
15,795,0.989350472073852,TRUE,FALSE,TRUE,FALSE
15,796,0.987972216315582,TRUE,FALSE,TRUE,FALSE
15,797,0.996464877242233,TRUE,FALSE,TRUE,FALSE
15,798,1.00274360510639,TRUE,FALSE,TRUE,FALSE
15,799,0.991936880065046,TRUE,FALSE,TRUE,FALSE
15,800,0.99866284035989,TRUE,FALSE,TRUE,FALSE
15,801,0.998875166999729,TRUE,FALSE,TRUE,FALSE
15,802,0.985752530205163,TRUE,FALSE,TRUE,FALSE
15,803,0.971654130795188,FALSE,TRUE,TRUE,FALSE
15,804,1.00767988834844,TRUE,FALSE,TRUE,FALSE
15,805,1.00535161258673,TRUE,FALSE,TRUE,FALSE
15,806,0.994622034003174,TRUE,FALSE,TRUE,FALSE
15,807,0.997274995555949,TRUE,FALSE,TRUE,FALSE
15,808,0.998265152760163,TRUE,FALSE,TRUE,FALSE
15,809,0.986574965978752,TRUE,FALSE,TRUE,FALSE
15,810,1.00331516680206,TRUE,FALSE,TRUE,FALSE
15,811,0.990794889610357,TRUE,FALSE,TRUE,FALSE
15,812,0.992605017296832,TRUE,FALSE,TRUE,FALSE
15,813,1.00458060489342,TRUE,FALSE,TRUE,FALSE
15,814,0.994733841180421,TRUE,FALSE,TRUE,FALSE
15,815,1.00486512248114,TRUE,FALSE,TRUE,TRUE
15,816,0.992916960570573,TRUE,FALSE,TRUE,FALSE
15,817,1.00400447035924,TRUE,FALSE,TRUE,FALSE
15,818,1.02529005352249,FALSE,FALSE,TRUE,FALSE
15,819,1.00601637237217,TRUE,FALSE,TRUE,FALSE
15,820,0.990477505554737,TRUE,FALSE,TRUE,FALSE
15,821,0.986398236110225,TRUE,FALSE,TRUE,FALSE
15,822,1.01265239296391,TRUE,FALSE,TRUE,FALSE
15,823,0.991873470972208,TRUE,FALSE,TRUE,FALSE
15,824,0.99707922022719,TRUE,FALSE,TRUE,FALSE
15,825,0.999029807017849,TRUE,FALSE,TRUE,FALSE
15,826,1.00750956231119,TRUE,FALSE,TRUE,FALSE
15,827,0.993914665848199,TRUE,FALSE,TRUE,FALSE
15,828,1.00606656478315,TRUE,FALSE,TRUE,FALSE
15,829,0.993855912290478,TRUE,FALSE,TRUE,FALSE
15,830,0.994066491990699,TRUE,FALSE,TRUE,FALSE
15,831,1.01392098831052,TRUE,FALSE,TRUE,FALSE
15,832,1.00957412443657,TRUE,FALSE,TRUE,FALSE
15,833,1.01309762603015,TRUE,FALSE,TRUE,FALSE
15,834,1.00403274388129,TRUE,FALSE,TRUE,FALSE
15,835,0.984419537351687,TRUE,FALSE,TRUE,FALSE
15,836,1.01244430562896,TRUE,FALSE,TRUE,FALSE
15,837,1.01896055788366,TRUE,FALSE,TRUE,FALSE
15,838,0.971144376963108,FALSE,TRUE,TRUE,FALSE
15,839,0.996234825698402,TRUE,FALSE,TRUE,FALSE
15,840,0.99083949057932,TRUE,FALSE,TRUE,FALSE
15,841,1.02041009979532,FALSE,FALSE,TRUE,FALSE
15,842,0.994634984259901,TRUE,FALSE,TRUE,FALSE
15,843,1.02407089637303,TRUE,FALSE,TRUE,FALSE
15,844,0.996107758191449,TRUE,FALSE,TRUE,FALSE
15,845,0.977180156996768,FALSE,TRUE,TRUE,FALSE
15,846,0.989505181952426,TRUE,FALSE,TRUE,FALSE
15,847,1.01340438022405,TRUE,FALSE,TRUE,FALSE
15,848,1.00836403394302,TRUE,FALSE,TRUE,FALSE
15,849,1.00390503560773,TRUE,FALSE,TRUE,FALSE
15,850,1.01600161504683,TRUE,FALSE,TRUE,FALSE
15,851,0.990202033226653,TRUE,FALSE,TRUE,FALSE
15,852,1.01803550317941,TRUE,FALSE,TRUE,FALSE
15,853,0.996599158444595,TRUE,FALSE,TRUE,FALSE
15,854,0.998784212588462,TRUE,FALSE,TRUE,FALSE
15,855,1.007633341847,TRUE,FALSE,TRUE,FALSE
15,856,0.985797951134144,TRUE,FALSE,TRUE,FALSE
15,857,0.997889410397149,TRUE,FALSE,TRUE,TRUE
15,858,0.994701397315611,TRUE,FALSE,TRUE,FALSE
15,859,0.987506638442551,TRUE,FALSE,TRUE,FALSE
15,860,1.01088930782872,TRUE,FALSE,TRUE,FALSE
15,861,0.986865682289323,TRUE,FALSE,TRUE,FALSE
15,862,0.986060675453223,TRUE,FALSE,TRUE,FALSE
15,863,0.988986510438852,TRUE,FALSE,TRUE,FALSE
15,864,1.0115281072416,TRUE,FALSE,TRUE,FALSE
15,865,0.989976367730705,TRUE,FALSE,TRUE,FALSE
15,866,0.998182003811666,TRUE,FALSE,TRUE,FALSE
15,867,1.0278008645522,FALSE,FALSE,TRUE,FALSE
15,868,0.989439447476391,TRUE,FALSE,TRUE,FALSE
15,869,1.02197933532102,TRUE,FALSE,TRUE,FALSE
15,870,1.00434653383662,TRUE,FALSE,TRUE,FALSE
15,871,0.996420003993542,TRUE,FALSE,TRUE,FALSE
15,872,0.995148102358166,TRUE,FALSE,TRUE,FALSE
15,873,1.00445079658112,TRUE,FALSE,TRUE,FALSE
15,874,0.998431989212269,TRUE,FALSE,TRUE,FALSE
15,875,0.995185848859462,TRUE,FALSE,TRUE,FALSE
15,876,1.0105263687091,TRUE,FALSE,TRUE,FALSE
15,877,1.00393470613771,TRUE,FALSE,TRUE,FALSE
15,878,1.01195969321213,TRUE,FALSE,TRUE,FALSE
15,879,1.01119772820939,TRUE,FALSE,TRUE,FALSE
15,880,1.02778845054334,FALSE,FALSE,TRUE,FALSE
15,881,0.997390598395423,TRUE,FALSE,TRUE,FALSE
15,882,1.00100352754992,TRUE,FALSE,TRUE,FALSE
15,883,0.997793840864022,TRUE,FALSE,TRUE,FALSE
15,884,0.990374345894911,TRUE,FALSE,TRUE,FALSE
15,885,1.00923556433653,TRUE,FALSE,TRUE,FALSE
15,886,0.997020181813874,TRUE,FALSE,TRUE,FALSE
15,887,1.01262051175092,TRUE,FALSE,TRUE,FALSE
15,888,0.986185887887514,TRUE,FALSE,TRUE,FALSE
15,889,1.00496113503631,TRUE,FALSE,TRUE,FALSE
15,890,1.01119268613046,TRUE,FALSE,TRUE,FALSE
15,891,1.02259065637046,FALSE,FALSE,TRUE,FALSE
15,892,1.00805492499513,TRUE,FALSE,TRUE,FALSE
15,893,1.00223874678093,TRUE,FALSE,TRUE,FALSE
15,894,0.986242081634188,TRUE,FALSE,TRUE,FALSE
15,895,0.994577362619408,TRUE,FALSE,TRUE,FALSE
15,896,0.99676441180679,TRUE,FALSE,TRUE,FALSE
15,897,1.01356494560967,TRUE,FALSE,TRUE,FALSE
15,898,1.00290367716346,TRUE,FALSE,TRUE,FALSE
15,899,1.01596837458768,TRUE,FALSE,TRUE,FALSE
15,900,1.00221737007958,TRUE,FALSE,TRUE,FALSE
15,901,0.987608507380878,TRUE,FALSE,TRUE,FALSE
15,902,1.00044665487058,TRUE,FALSE,TRUE,FALSE
15,903,1.00519459697022,TRUE,FALSE,TRUE,FALSE
15,904,0.990743127128697,TRUE,FALSE,TRUE,FALSE
15,905,0.992505512953692,TRUE,FALSE,TRUE,FALSE
15,906,0.990806598843463,TRUE,FALSE,TRUE,FALSE
15,907,0.997896273005072,TRUE,FALSE,TRUE,FALSE
15,908,0.984805486748745,TRUE,FALSE,TRUE,FALSE
15,909,1.02338440431343,FALSE,FALSE,TRUE,FALSE
15,910,1.01223403760862,TRUE,FALSE,TRUE,FALSE
15,911,0.989548230379112,TRUE,FALSE,TRUE,FALSE
15,912,1.00349116659379,TRUE,FALSE,TRUE,FALSE
15,913,1.02190997323648,TRUE,FALSE,TRUE,FALSE
15,914,0.992545854010287,TRUE,FALSE,TRUE,FALSE
15,915,1.00030860144928,TRUE,FALSE,TRUE,FALSE
15,916,0.992580889228263,TRUE,FALSE,TRUE,FALSE
15,917,0.999341122043492,TRUE,FALSE,TRUE,FALSE
15,918,1.00285983380413,TRUE,FALSE,TRUE,FALSE
15,919,1.00071672215267,TRUE,FALSE,TRUE,FALSE
15,920,0.988051536218548,TRUE,FALSE,TRUE,FALSE
15,921,0.993081871858013,TRUE,FALSE,TRUE,FALSE
15,922,0.989818760425013,TRUE,FALSE,TRUE,FALSE
15,923,1.01113839159432,TRUE,FALSE,TRUE,FALSE
15,924,1.00393588655824,TRUE,FALSE,TRUE,FALSE
15,925,1.00185257945747,TRUE,FALSE,TRUE,FALSE
15,926,1.00729362423549,TRUE,FALSE,TRUE,FALSE
15,927,1.0068767701208,TRUE,FALSE,TRUE,FALSE
15,928,0.99199888573956,TRUE,FALSE,TRUE,FALSE
15,929,0.98227625044205,TRUE,FALSE,TRUE,FALSE
15,930,1.00231993348563,TRUE,FALSE,TRUE,FALSE
15,931,0.993056508525077,TRUE,FALSE,TRUE,FALSE
15,932,1.03029006790423,FALSE,FALSE,TRUE,FALSE
15,933,1.00612395856668,TRUE,FALSE,TRUE,FALSE
15,934,0.973717723199501,FALSE,TRUE,TRUE,FALSE
15,935,0.99088898837277,TRUE,FALSE,TRUE,FALSE
15,936,1.0030603851712,TRUE,FALSE,TRUE,FALSE
15,937,1.01010520356147,TRUE,FALSE,TRUE,FALSE
15,938,1.01779319606684,TRUE,FALSE,TRUE,FALSE
15,939,1.01499470576226,TRUE,FALSE,TRUE,FALSE
15,940,1.01664977850711,TRUE,FALSE,TRUE,FALSE
15,941,1.01480265083798,TRUE,FALSE,TRUE,FALSE
15,942,1.01546986781788,TRUE,FALSE,TRUE,FALSE
15,943,0.985827825580573,TRUE,FALSE,TRUE,FALSE
15,944,1.02491296190758,FALSE,FALSE,TRUE,FALSE
15,945,0.990846552644939,TRUE,FALSE,TRUE,TRUE
15,946,0.991630964689941,TRUE,FALSE,TRUE,FALSE
15,947,0.996575998385668,TRUE,FALSE,TRUE,FALSE
15,948,1.00612086596879,TRUE,FALSE,TRUE,FALSE
15,949,1.0084791943273,TRUE,FALSE,TRUE,FALSE
15,950,1.00047978190019,TRUE,FALSE,TRUE,FALSE
15,951,0.983641671271321,TRUE,FALSE,TRUE,FALSE
15,952,0.984691962938766,TRUE,FALSE,TRUE,FALSE
15,953,0.997562679908592,TRUE,FALSE,TRUE,TRUE
15,954,0.993302255181357,TRUE,FALSE,TRUE,FALSE
15,955,1.0140505914103,TRUE,FALSE,TRUE,FALSE
15,956,1.00183520299322,TRUE,FALSE,TRUE,FALSE
15,957,0.986278345583617,TRUE,FALSE,TRUE,FALSE
15,958,1.00438526712966,TRUE,FALSE,TRUE,TRUE
15,959,1.00172071263123,TRUE,FALSE,TRUE,FALSE
15,960,1.01028574519547,TRUE,FALSE,TRUE,FALSE
15,961,1.01413177849952,TRUE,FALSE,TRUE,FALSE
15,962,1.02018924689883,TRUE,FALSE,TRUE,FALSE
15,963,1.0004478692503,TRUE,FALSE,TRUE,FALSE
15,964,1.0146733494105,TRUE,FALSE,TRUE,FALSE
15,965,1.01156861810506,TRUE,FALSE,TRUE,FALSE
15,966,0.996365221280197,TRUE,FALSE,TRUE,FALSE
15,967,0.987025183154063,TRUE,FALSE,TRUE,FALSE
15,968,0.992035546904827,TRUE,FALSE,TRUE,FALSE
15,969,0.99404716602915,TRUE,FALSE,TRUE,FALSE
15,970,0.99094852458406,TRUE,FALSE,TRUE,FALSE
15,971,1.01640351513225,TRUE,FALSE,TRUE,FALSE
15,972,0.9915361983016,TRUE,FALSE,TRUE,FALSE
15,973,1.01674969422243,TRUE,FALSE,TRUE,FALSE
15,974,0.998127598892672,TRUE,FALSE,TRUE,TRUE
15,975,0.99681125624689,TRUE,FALSE,TRUE,FALSE
15,976,1.00543953858802,TRUE,FALSE,TRUE,FALSE
15,977,1.01530457906378,TRUE,FALSE,TRUE,FALSE
15,978,0.97888972571849,FALSE,TRUE,TRUE,FALSE
15,979,0.981787597054249,TRUE,TRUE,TRUE,FALSE
15,980,1.00493516874629,TRUE,FALSE,TRUE,FALSE
15,981,0.976209717025738,FALSE,TRUE,TRUE,FALSE
15,982,0.978248077046211,FALSE,TRUE,TRUE,FALSE
15,983,0.970892940393654,FALSE,TRUE,TRUE,TRUE
15,984,0.998487353821769,TRUE,FALSE,TRUE,FALSE
15,985,0.995461106687521,TRUE,FALSE,TRUE,FALSE
15,986,1.00526299263274,TRUE,FALSE,TRUE,FALSE
15,987,1.01525000581796,TRUE,FALSE,TRUE,FALSE
15,988,0.994717924329465,TRUE,FALSE,TRUE,FALSE
15,989,0.996098349586723,TRUE,FALSE,TRUE,FALSE
15,990,1.00161443169073,TRUE,FALSE,TRUE,FALSE
15,991,1.0076372626332,TRUE,FALSE,TRUE,FALSE
15,992,1.01930188231021,TRUE,FALSE,TRUE,FALSE
15,993,1.00207825777517,TRUE,FALSE,TRUE,FALSE
15,994,0.995915827025435,TRUE,FALSE,TRUE,FALSE
15,995,0.986774464756875,TRUE,FALSE,TRUE,FALSE
15,996,1.01130060897643,TRUE,FALSE,TRUE,FALSE
15,997,1.01107375252627,TRUE,FALSE,TRUE,FALSE
15,998,0.981202947763076,TRUE,TRUE,TRUE,FALSE
15,999,1.00235767053712,TRUE,FALSE,TRUE,FALSE
15,1000,0.993292985886234,TRUE,FALSE,TRUE,FALSE
16,1,0.588480999247027,TRUE,TRUE,TRUE,FALSE
16,2,0.583802090729755,TRUE,TRUE,TRUE,FALSE
16,3,0.61900827175952,TRUE,TRUE,TRUE,FALSE
16,4,0.585390305334372,TRUE,TRUE,TRUE,FALSE
16,5,0.604869518690554,TRUE,TRUE,TRUE,FALSE
16,6,0.611384752259866,TRUE,TRUE,TRUE,FALSE
16,7,0.60413113661352,TRUE,TRUE,TRUE,FALSE
16,8,0.588170620736131,TRUE,TRUE,TRUE,FALSE
16,9,0.591609696864951,TRUE,TRUE,TRUE,FALSE
16,10,0.604119430235647,TRUE,TRUE,TRUE,FALSE
16,11,0.606920143929675,TRUE,TRUE,TRUE,FALSE
16,12,0.579755738742925,FALSE,TRUE,TRUE,FALSE
16,13,0.602365982113517,TRUE,TRUE,TRUE,TRUE
16,14,0.600833714505026,TRUE,TRUE,TRUE,FALSE
16,15,0.60118866190353,TRUE,TRUE,TRUE,FALSE
16,16,0.573226902846663,FALSE,TRUE,TRUE,FALSE
16,17,0.596098406905685,TRUE,TRUE,TRUE,FALSE
16,18,0.591885728983774,TRUE,TRUE,TRUE,FALSE
16,19,0.587975443784873,TRUE,TRUE,TRUE,FALSE
16,20,0.615780599205629,TRUE,TRUE,TRUE,FALSE
16,21,0.612046823706824,TRUE,TRUE,TRUE,FALSE
16,22,0.592358942958475,TRUE,TRUE,TRUE,FALSE
16,23,0.592128414734545,TRUE,TRUE,TRUE,FALSE
16,24,0.579238953126943,FALSE,TRUE,TRUE,FALSE
16,25,0.587844147600145,TRUE,TRUE,TRUE,FALSE
16,26,0.601736795271696,TRUE,TRUE,TRUE,FALSE
16,27,0.615639622530334,TRUE,TRUE,TRUE,FALSE
16,28,0.588705048299579,TRUE,TRUE,TRUE,FALSE
16,29,0.589252126607234,TRUE,TRUE,TRUE,FALSE
16,30,0.590488388870335,TRUE,TRUE,TRUE,FALSE
16,31,0.616536328051285,TRUE,TRUE,TRUE,FALSE
16,32,0.598381964173055,TRUE,TRUE,TRUE,FALSE
16,33,0.598956416982778,TRUE,TRUE,TRUE,FALSE
16,34,0.607347543091248,TRUE,TRUE,TRUE,FALSE
16,35,0.592124731767592,TRUE,TRUE,TRUE,FALSE
16,36,0.583649634401007,TRUE,TRUE,TRUE,FALSE
16,37,0.604565324042167,TRUE,TRUE,TRUE,FALSE
16,38,0.593915059836193,TRUE,TRUE,TRUE,FALSE
16,39,0.584694330470987,TRUE,TRUE,TRUE,FALSE
16,40,0.604018449415569,TRUE,TRUE,TRUE,FALSE
16,41,0.603047478595982,TRUE,TRUE,TRUE,FALSE
16,42,0.597207737622761,TRUE,TRUE,TRUE,FALSE
16,43,0.59534323307597,TRUE,TRUE,TRUE,FALSE
16,44,0.601465244650474,TRUE,TRUE,TRUE,FALSE
16,45,0.575115185456127,FALSE,TRUE,TRUE,FALSE
16,46,0.588764226478518,TRUE,TRUE,TRUE,FALSE
16,47,0.583867120454941,TRUE,TRUE,TRUE,FALSE
16,48,0.614089965501648,TRUE,TRUE,TRUE,FALSE
16,49,0.59355085760085,TRUE,TRUE,TRUE,FALSE
16,50,0.606705475447825,TRUE,TRUE,TRUE,FALSE
16,51,0.592842481043311,TRUE,TRUE,TRUE,FALSE
16,52,0.606135033460892,TRUE,TRUE,TRUE,FALSE
16,53,0.590929739134912,TRUE,TRUE,TRUE,FALSE
16,54,0.604819859932438,TRUE,TRUE,TRUE,FALSE
16,55,0.581640840048944,TRUE,TRUE,TRUE,FALSE
16,56,0.604492970464952,TRUE,TRUE,TRUE,FALSE
16,57,0.622356562668448,TRUE,TRUE,TRUE,FALSE
16,58,0.600261745752227,TRUE,TRUE,TRUE,FALSE
16,59,0.591823559714787,TRUE,TRUE,TRUE,FALSE
16,60,0.598797565867318,TRUE,TRUE,TRUE,FALSE
16,61,0.598465366975408,TRUE,TRUE,TRUE,FALSE
16,62,0.60585733708283,TRUE,TRUE,TRUE,FALSE
16,63,0.607309739574996,TRUE,TRUE,TRUE,FALSE
16,64,0.604398775816433,TRUE,TRUE,TRUE,FALSE
16,65,0.590065961335001,TRUE,TRUE,TRUE,FALSE
16,66,0.590835316560287,TRUE,TRUE,TRUE,FALSE
16,67,0.595865338339371,TRUE,TRUE,TRUE,FALSE
16,68,0.588488855186896,TRUE,TRUE,TRUE,FALSE
16,69,0.606784025853903,TRUE,TRUE,TRUE,FALSE
16,70,0.582244258654856,TRUE,TRUE,TRUE,FALSE
16,71,0.600963597729117,TRUE,TRUE,TRUE,FALSE
16,72,0.574509474128936,TRUE,TRUE,TRUE,FALSE
16,73,0.591636186173561,TRUE,TRUE,TRUE,FALSE
16,74,0.593949840414815,TRUE,TRUE,TRUE,FALSE
16,75,0.600140374223581,TRUE,TRUE,TRUE,FALSE
16,76,0.585373941940661,TRUE,TRUE,TRUE,FALSE
16,77,0.587521425074694,TRUE,TRUE,TRUE,FALSE
16,78,0.620475088785825,TRUE,TRUE,TRUE,FALSE
16,79,0.605576567826991,TRUE,TRUE,TRUE,FALSE
16,80,0.604150196065109,TRUE,TRUE,TRUE,FALSE
16,81,0.612778142972157,TRUE,TRUE,TRUE,FALSE
16,82,0.592678389793421,TRUE,TRUE,TRUE,FALSE
16,83,0.602314299449613,TRUE,TRUE,TRUE,FALSE
16,84,0.60842039680364,TRUE,TRUE,TRUE,FALSE
16,85,0.606425239885923,TRUE,TRUE,TRUE,FALSE
16,86,0.579001346749738,TRUE,TRUE,TRUE,FALSE
16,87,0.598170157207479,TRUE,TRUE,TRUE,FALSE
16,88,0.590921978699161,TRUE,TRUE,TRUE,FALSE
16,89,0.589020318572662,TRUE,TRUE,TRUE,FALSE
16,90,0.590945243439932,TRUE,TRUE,TRUE,FALSE
16,91,0.602114245268971,TRUE,TRUE,TRUE,FALSE
16,92,0.61173976940387,TRUE,TRUE,TRUE,FALSE
16,93,0.616216163681445,TRUE,TRUE,TRUE,FALSE
16,94,0.576101079392137,FALSE,TRUE,TRUE,FALSE
16,95,0.610376777242659,TRUE,TRUE,TRUE,FALSE
16,96,0.591519482007318,TRUE,TRUE,TRUE,FALSE
16,97,0.618902674289504,FALSE,TRUE,TRUE,FALSE
16,98,0.610458285750912,TRUE,TRUE,TRUE,FALSE
16,99,0.578576714687164,TRUE,TRUE,TRUE,FALSE
16,100,0.589456751229843,TRUE,TRUE,TRUE,FALSE
16,101,0.615169167247127,TRUE,TRUE,TRUE,FALSE
16,102,0.602091144900764,TRUE,TRUE,TRUE,FALSE
16,103,0.588701319354539,TRUE,TRUE,TRUE,FALSE
16,104,0.605155687816726,TRUE,TRUE,TRUE,FALSE
16,105,0.590340639562924,TRUE,TRUE,TRUE,FALSE
16,106,0.592152987520257,TRUE,TRUE,TRUE,FALSE
16,107,0.597570731982388,TRUE,TRUE,TRUE,FALSE
16,108,0.59790008912025,TRUE,TRUE,TRUE,FALSE
16,109,0.59786273720556,TRUE,TRUE,TRUE,FALSE
16,110,0.575230074703117,FALSE,TRUE,TRUE,FALSE
16,111,0.608115843849425,TRUE,TRUE,TRUE,FALSE
16,112,0.58956158688214,TRUE,TRUE,TRUE,FALSE
16,113,0.61294545802287,TRUE,TRUE,TRUE,FALSE
16,114,0.620770289585606,FALSE,TRUE,TRUE,FALSE
16,115,0.600662204423994,TRUE,TRUE,TRUE,FALSE
16,116,0.586697991936687,TRUE,TRUE,TRUE,FALSE
16,117,0.578252937538365,FALSE,TRUE,TRUE,FALSE
16,118,0.582994345220045,TRUE,TRUE,TRUE,FALSE
16,119,0.586900104783051,TRUE,TRUE,TRUE,FALSE
16,120,0.609114280912494,TRUE,TRUE,TRUE,FALSE
16,121,0.595919450036033,TRUE,TRUE,TRUE,FALSE
16,122,0.584447835597717,TRUE,TRUE,TRUE,FALSE
16,123,0.582444677237043,TRUE,TRUE,TRUE,FALSE
16,124,0.588332922909493,TRUE,TRUE,TRUE,FALSE
16,125,0.594800722141213,TRUE,TRUE,TRUE,FALSE
16,126,0.623878402363655,FALSE,TRUE,TRUE,FALSE
16,127,0.591975823562216,TRUE,TRUE,TRUE,FALSE
16,128,0.604891833464243,TRUE,TRUE,TRUE,FALSE
16,129,0.594048453176114,TRUE,TRUE,TRUE,FALSE
16,130,0.598888955875429,TRUE,TRUE,TRUE,FALSE
16,131,0.622876066961502,FALSE,TRUE,TRUE,FALSE
16,132,0.599523239597363,TRUE,TRUE,TRUE,FALSE
16,133,0.590596237893308,TRUE,TRUE,TRUE,FALSE
16,134,0.600931104210791,TRUE,TRUE,TRUE,FALSE
16,135,0.619399020666044,TRUE,TRUE,TRUE,FALSE
16,136,0.602803142237461,TRUE,TRUE,TRUE,FALSE
16,137,0.604936142475205,TRUE,TRUE,TRUE,FALSE
16,138,0.60388057473187,TRUE,TRUE,TRUE,FALSE
16,139,0.623439405617519,FALSE,TRUE,TRUE,FALSE
16,140,0.596735235998955,TRUE,TRUE,TRUE,FALSE
16,141,0.608451558857649,TRUE,TRUE,TRUE,FALSE
16,142,0.606991396797385,TRUE,TRUE,TRUE,FALSE
16,143,0.594600815446838,TRUE,TRUE,TRUE,FALSE
16,144,0.592786333016281,TRUE,TRUE,TRUE,FALSE
16,145,0.594552156374904,TRUE,TRUE,TRUE,FALSE
16,146,0.598442147906537,TRUE,TRUE,TRUE,FALSE
16,147,0.58416805924393,TRUE,TRUE,TRUE,FALSE
16,148,0.594639150772236,TRUE,TRUE,TRUE,FALSE
16,149,0.618275598882067,TRUE,TRUE,TRUE,FALSE
16,150,0.592848511513916,TRUE,TRUE,TRUE,FALSE
16,151,0.605783106599376,TRUE,TRUE,TRUE,FALSE
16,152,0.597866599896565,TRUE,TRUE,TRUE,FALSE
16,153,0.606922661813314,TRUE,TRUE,TRUE,FALSE
16,154,0.609957062682245,TRUE,TRUE,TRUE,FALSE
16,155,0.587768939676053,TRUE,TRUE,TRUE,FALSE
16,156,0.605285939166927,TRUE,TRUE,TRUE,FALSE
16,157,0.618895150383374,TRUE,TRUE,TRUE,FALSE
16,158,0.596711303452342,TRUE,TRUE,TRUE,FALSE
16,159,0.586764898628904,TRUE,TRUE,TRUE,FALSE
16,160,0.57243309681355,FALSE,TRUE,TRUE,FALSE
16,161,0.597864533777349,TRUE,TRUE,TRUE,FALSE
16,162,0.58562380015305,TRUE,TRUE,TRUE,FALSE
16,163,0.6025259741627,TRUE,TRUE,TRUE,FALSE
16,164,0.601528302906923,TRUE,TRUE,TRUE,FALSE
16,165,0.596079072255481,TRUE,TRUE,TRUE,FALSE
16,166,0.604663937959362,TRUE,TRUE,TRUE,FALSE
16,167,0.58766593809786,TRUE,TRUE,TRUE,FALSE
16,168,0.585388516740445,TRUE,TRUE,TRUE,FALSE
16,169,0.608061927711859,TRUE,TRUE,TRUE,FALSE
16,170,0.59392755417974,TRUE,TRUE,TRUE,FALSE
16,171,0.600781416474344,TRUE,TRUE,TRUE,FALSE
16,172,0.591980207212471,TRUE,TRUE,TRUE,FALSE
16,173,0.601506427559852,TRUE,TRUE,TRUE,FALSE
16,174,0.610429730308774,TRUE,TRUE,TRUE,FALSE
16,175,0.610995862074126,TRUE,TRUE,TRUE,FALSE
16,176,0.595605858106432,TRUE,TRUE,TRUE,FALSE
16,177,0.602939264451469,TRUE,TRUE,TRUE,FALSE
16,178,0.598782925824077,TRUE,TRUE,TRUE,FALSE
16,179,0.593759589464054,TRUE,TRUE,TRUE,FALSE
16,180,0.603802461759902,TRUE,TRUE,TRUE,FALSE
16,181,0.591270551140366,TRUE,TRUE,TRUE,FALSE
16,182,0.611243917796234,TRUE,TRUE,TRUE,FALSE
16,183,0.596995660315847,TRUE,TRUE,TRUE,FALSE
16,184,0.601153948196612,TRUE,TRUE,TRUE,FALSE
16,185,0.583429397991203,TRUE,TRUE,TRUE,FALSE
16,186,0.589910995377842,TRUE,TRUE,TRUE,FALSE
16,187,0.596147785692997,TRUE,TRUE,TRUE,FALSE
16,188,0.611780933816599,TRUE,TRUE,TRUE,FALSE
16,189,0.616444552235368,TRUE,TRUE,TRUE,FALSE
16,190,0.602946629936476,TRUE,TRUE,TRUE,FALSE
16,191,0.58250429026793,TRUE,TRUE,TRUE,FALSE
16,192,0.584402399282776,TRUE,TRUE,TRUE,FALSE
16,193,0.590233560892652,TRUE,TRUE,TRUE,FALSE
16,194,0.586269653305136,TRUE,TRUE,TRUE,FALSE
16,195,0.595963929647145,TRUE,TRUE,TRUE,FALSE
16,196,0.586407282933108,TRUE,TRUE,TRUE,FALSE
16,197,0.619976112052134,TRUE,TRUE,TRUE,FALSE
16,198,0.609380816418292,TRUE,TRUE,TRUE,FALSE
16,199,0.596504867989433,TRUE,TRUE,TRUE,FALSE
16,200,0.608637099140652,TRUE,TRUE,TRUE,FALSE
16,201,0.614176769852614,TRUE,TRUE,TRUE,FALSE
16,202,0.612161853024018,TRUE,TRUE,TRUE,FALSE
16,203,0.602109057500406,TRUE,TRUE,TRUE,FALSE
16,204,0.591745707897181,TRUE,TRUE,TRUE,FALSE
16,205,0.607855899592104,TRUE,TRUE,TRUE,FALSE
16,206,0.599665888266549,TRUE,TRUE,TRUE,FALSE
16,207,0.602912564542801,TRUE,TRUE,TRUE,FALSE
16,208,0.60618293061921,TRUE,TRUE,TRUE,FALSE
16,209,0.602292356365567,TRUE,TRUE,TRUE,FALSE
16,210,0.623880953100207,FALSE,TRUE,TRUE,FALSE
16,211,0.611105301912897,TRUE,TRUE,TRUE,FALSE
16,212,0.594949009033652,TRUE,TRUE,TRUE,FALSE
16,213,0.615459421025435,TRUE,TRUE,TRUE,FALSE
16,214,0.601933629406742,TRUE,TRUE,TRUE,FALSE
16,215,0.612242941060384,TRUE,TRUE,TRUE,FALSE
16,216,0.611125765748054,TRUE,TRUE,TRUE,FALSE
16,217,0.61309645288829,TRUE,TRUE,TRUE,FALSE
16,218,0.597071539708924,TRUE,TRUE,TRUE,FALSE
16,219,0.607698199187766,TRUE,TRUE,TRUE,FALSE
16,220,0.592062049051019,TRUE,TRUE,TRUE,FALSE
16,221,0.595212585483042,TRUE,TRUE,TRUE,FALSE
16,222,0.605933016029656,TRUE,TRUE,TRUE,FALSE
16,223,0.596761452708197,TRUE,TRUE,TRUE,FALSE
16,224,0.597757809258402,TRUE,TRUE,TRUE,FALSE
16,225,0.5935974548331,TRUE,TRUE,TRUE,FALSE
16,226,0.600579248447452,TRUE,TRUE,TRUE,FALSE
16,227,0.600158415402526,TRUE,TRUE,TRUE,FALSE
16,228,0.597631047396612,TRUE,TRUE,TRUE,FALSE
16,229,0.602350916412886,TRUE,TRUE,TRUE,FALSE
16,230,0.616145153358734,TRUE,TRUE,TRUE,FALSE
16,231,0.598666040311932,TRUE,TRUE,TRUE,FALSE
16,232,0.606261974953421,TRUE,TRUE,TRUE,FALSE
16,233,0.602510867765613,TRUE,TRUE,TRUE,FALSE
16,234,0.598717243329919,TRUE,TRUE,TRUE,FALSE
16,235,0.614813021019958,TRUE,TRUE,TRUE,FALSE
16,236,0.608130317952321,TRUE,TRUE,TRUE,FALSE
16,237,0.602895429768286,TRUE,TRUE,TRUE,FALSE
16,238,0.618509215312756,TRUE,TRUE,TRUE,FALSE
16,239,0.583285718146261,TRUE,TRUE,TRUE,FALSE
16,240,0.581793510594454,TRUE,TRUE,TRUE,FALSE
16,241,0.602419995236638,TRUE,TRUE,TRUE,FALSE
16,242,0.609558804038226,TRUE,TRUE,TRUE,FALSE
16,243,0.567031249192092,FALSE,TRUE,TRUE,FALSE
16,244,0.611510529049738,TRUE,TRUE,TRUE,FALSE
16,245,0.611591311752628,TRUE,TRUE,TRUE,FALSE
16,246,0.609436747926442,TRUE,TRUE,TRUE,FALSE
16,247,0.605076531254357,TRUE,TRUE,TRUE,FALSE
16,248,0.59448138300786,TRUE,TRUE,TRUE,FALSE
16,249,0.604622962077325,TRUE,TRUE,TRUE,FALSE
16,250,0.591139156248644,TRUE,TRUE,TRUE,FALSE
16,251,0.604484951299082,TRUE,TRUE,TRUE,FALSE
16,252,0.595987591164802,TRUE,TRUE,TRUE,FALSE
16,253,0.596529321356973,TRUE,TRUE,TRUE,FALSE
16,254,0.621866020469044,TRUE,TRUE,TRUE,FALSE
16,255,0.608343491683229,TRUE,TRUE,TRUE,FALSE
16,256,0.603540720190991,TRUE,TRUE,TRUE,FALSE
16,257,0.602780806616703,TRUE,TRUE,TRUE,FALSE
16,258,0.586696254636497,TRUE,TRUE,TRUE,FALSE
16,259,0.579855490108742,TRUE,TRUE,TRUE,FALSE
16,260,0.600552879009893,TRUE,TRUE,TRUE,FALSE
16,261,0.611502035385157,TRUE,TRUE,TRUE,FALSE
16,262,0.587592844498194,TRUE,TRUE,TRUE,FALSE
16,263,0.620772156026789,FALSE,TRUE,TRUE,FALSE
16,264,0.580156086305285,TRUE,TRUE,TRUE,FALSE
16,265,0.603536903488318,TRUE,TRUE,TRUE,FALSE
16,266,0.622031578846409,TRUE,TRUE,TRUE,FALSE
16,267,0.628503333987155,FALSE,TRUE,TRUE,FALSE
16,268,0.606167497107604,TRUE,TRUE,TRUE,FALSE
16,269,0.601367957123932,TRUE,TRUE,TRUE,FALSE
16,270,0.600382914838448,TRUE,TRUE,TRUE,FALSE
16,271,0.606077901968733,TRUE,TRUE,TRUE,FALSE
16,272,0.61748936968322,TRUE,TRUE,TRUE,FALSE
16,273,0.59151421078024,TRUE,TRUE,TRUE,FALSE
16,274,0.609812452695946,TRUE,TRUE,TRUE,FALSE
16,275,0.613421048573425,TRUE,TRUE,TRUE,FALSE
16,276,0.601108069795999,TRUE,TRUE,TRUE,FALSE
16,277,0.606611246688935,TRUE,TRUE,TRUE,FALSE
16,278,0.588872145894734,TRUE,TRUE,TRUE,FALSE
16,279,0.601023513216555,TRUE,TRUE,TRUE,FALSE
16,280,0.58768244382427,TRUE,TRUE,TRUE,FALSE
16,281,0.599551009974907,TRUE,TRUE,TRUE,FALSE
16,282,0.596206671599925,TRUE,TRUE,TRUE,FALSE
16,283,0.595020552160965,TRUE,TRUE,TRUE,FALSE
16,284,0.6037954485275,TRUE,TRUE,TRUE,FALSE
16,285,0.579206880961503,FALSE,TRUE,TRUE,FALSE
16,286,0.59282934204049,TRUE,TRUE,TRUE,FALSE
16,287,0.611343318280814,TRUE,TRUE,TRUE,FALSE
16,288,0.598528650718184,TRUE,TRUE,TRUE,FALSE
16,289,0.604717006278397,TRUE,TRUE,TRUE,FALSE
16,290,0.603587487170468,TRUE,TRUE,TRUE,FALSE
16,291,0.594581946152871,TRUE,TRUE,TRUE,FALSE
16,292,0.61114752801303,TRUE,TRUE,TRUE,FALSE
16,293,0.603078693040093,TRUE,TRUE,TRUE,FALSE
16,294,0.601884196048639,TRUE,TRUE,TRUE,FALSE
16,295,0.585246055738999,TRUE,TRUE,TRUE,FALSE
16,296,0.596769616429096,TRUE,TRUE,TRUE,FALSE
16,297,0.579046567738774,FALSE,TRUE,TRUE,FALSE
16,298,0.606343952340974,TRUE,TRUE,TRUE,FALSE
16,299,0.593763697727058,TRUE,TRUE,TRUE,FALSE
16,300,0.601312182719968,TRUE,TRUE,TRUE,FALSE
16,301,0.589970109525262,TRUE,TRUE,TRUE,FALSE
16,302,0.604732682814675,TRUE,TRUE,TRUE,FALSE
16,303,0.592412389822183,TRUE,TRUE,TRUE,FALSE
16,304,0.606065729643766,TRUE,TRUE,TRUE,FALSE
16,305,0.596333883423401,TRUE,TRUE,TRUE,FALSE
16,306,0.601993536589957,TRUE,TRUE,TRUE,FALSE
16,307,0.595182746965029,TRUE,TRUE,TRUE,FALSE
16,308,0.608257573103522,TRUE,TRUE,TRUE,FALSE
16,309,0.617235185151343,TRUE,TRUE,TRUE,FALSE
16,310,0.599130022798659,TRUE,TRUE,TRUE,FALSE
16,311,0.597112556549542,TRUE,TRUE,TRUE,FALSE
16,312,0.604670326249708,TRUE,TRUE,TRUE,FALSE
16,313,0.603284029762048,TRUE,TRUE,TRUE,FALSE
16,314,0.604099088234201,TRUE,TRUE,TRUE,FALSE
16,315,0.599288081779221,TRUE,TRUE,TRUE,FALSE
16,316,0.59431348514466,TRUE,TRUE,TRUE,FALSE
16,317,0.61663932896827,TRUE,TRUE,TRUE,FALSE
16,318,0.628327221312758,FALSE,TRUE,TRUE,FALSE
16,319,0.597190398670517,TRUE,TRUE,TRUE,FALSE
16,320,0.608670371179564,TRUE,TRUE,TRUE,FALSE
16,321,0.614760839694772,TRUE,TRUE,TRUE,FALSE
16,322,0.604981848756192,TRUE,TRUE,TRUE,FALSE
16,323,0.591829177267552,TRUE,TRUE,TRUE,FALSE
16,324,0.594186818167312,TRUE,TRUE,TRUE,FALSE
16,325,0.600565001248233,TRUE,TRUE,TRUE,FALSE
16,326,0.605045970694414,TRUE,TRUE,TRUE,FALSE
16,327,0.605046431702723,TRUE,TRUE,TRUE,FALSE
16,328,0.600038264923966,TRUE,TRUE,TRUE,FALSE
16,329,0.600916290502088,TRUE,TRUE,TRUE,FALSE
16,330,0.601522484645617,TRUE,TRUE,TRUE,FALSE
16,331,0.595206434465077,TRUE,TRUE,TRUE,FALSE
16,332,0.588866709192526,TRUE,TRUE,TRUE,FALSE
16,333,0.587936305246004,TRUE,TRUE,TRUE,FALSE
16,334,0.605550712883286,TRUE,TRUE,TRUE,FALSE
16,335,0.606315416375652,TRUE,TRUE,TRUE,FALSE
16,336,0.600887202518692,TRUE,TRUE,TRUE,FALSE
16,337,0.610241761464309,TRUE,TRUE,TRUE,FALSE
16,338,0.602812069964095,TRUE,TRUE,TRUE,FALSE
16,339,0.606159429048313,TRUE,TRUE,TRUE,FALSE
16,340,0.599659416387576,TRUE,TRUE,TRUE,FALSE
16,341,0.603078091891032,TRUE,TRUE,TRUE,FALSE
16,342,0.60791329265151,TRUE,TRUE,TRUE,FALSE
16,343,0.602382061818701,TRUE,TRUE,TRUE,FALSE
16,344,0.59078435611984,TRUE,TRUE,TRUE,FALSE
16,345,0.602872489492215,TRUE,TRUE,TRUE,FALSE
16,346,0.598041000324212,TRUE,TRUE,TRUE,FALSE
16,347,0.606515151957185,TRUE,TRUE,TRUE,FALSE
16,348,0.603851642007022,TRUE,TRUE,TRUE,FALSE
16,349,0.59469554210375,TRUE,TRUE,TRUE,FALSE
16,350,0.59459964242671,TRUE,TRUE,TRUE,FALSE
16,351,0.597702866437434,TRUE,TRUE,TRUE,FALSE
16,352,0.597986036182727,TRUE,TRUE,TRUE,FALSE
16,353,0.604762755115641,TRUE,TRUE,TRUE,FALSE
16,354,0.589320673324216,TRUE,TRUE,TRUE,FALSE
16,355,0.582684576548485,TRUE,TRUE,TRUE,FALSE
16,356,0.59027321179671,TRUE,TRUE,TRUE,FALSE
16,357,0.601555693318503,TRUE,TRUE,TRUE,FALSE
16,358,0.598503773940889,TRUE,TRUE,TRUE,FALSE
16,359,0.590714086200564,TRUE,TRUE,TRUE,FALSE
16,360,0.592594978372865,TRUE,TRUE,TRUE,FALSE
16,361,0.591393365667708,TRUE,TRUE,TRUE,FALSE
16,362,0.606568563722388,TRUE,TRUE,TRUE,FALSE
16,363,0.605115022213616,TRUE,TRUE,TRUE,FALSE
16,364,0.606913169893066,TRUE,TRUE,TRUE,FALSE
16,365,0.592308951208154,TRUE,TRUE,TRUE,FALSE
16,366,0.588891990071807,TRUE,TRUE,TRUE,FALSE
16,367,0.581551568987875,TRUE,TRUE,TRUE,FALSE
16,368,0.591242007957233,TRUE,TRUE,TRUE,FALSE
16,369,0.620078003689568,TRUE,TRUE,TRUE,FALSE
16,370,0.601637726746106,TRUE,TRUE,TRUE,FALSE
16,371,0.583940321243807,TRUE,TRUE,TRUE,FALSE
16,372,0.593046784008069,TRUE,TRUE,TRUE,FALSE
16,373,0.603134109402281,TRUE,TRUE,TRUE,FALSE
16,374,0.591142702185654,TRUE,TRUE,TRUE,FALSE
16,375,0.598222713112171,TRUE,TRUE,TRUE,FALSE
16,376,0.596981923465347,TRUE,TRUE,TRUE,FALSE
16,377,0.597777518184429,TRUE,TRUE,TRUE,FALSE
16,378,0.605321894933074,TRUE,TRUE,TRUE,FALSE
16,379,0.619626611115447,TRUE,TRUE,TRUE,FALSE
16,380,0.601251539743967,TRUE,TRUE,TRUE,FALSE
16,381,0.620564298006675,TRUE,TRUE,TRUE,FALSE
16,382,0.592548778568833,TRUE,TRUE,TRUE,FALSE
16,383,0.615640931713226,TRUE,TRUE,TRUE,FALSE
16,384,0.604080114639973,TRUE,TRUE,TRUE,FALSE
16,385,0.610292847742982,TRUE,TRUE,TRUE,FALSE
16,386,0.607531741109455,TRUE,TRUE,TRUE,FALSE
16,387,0.590636975766434,TRUE,TRUE,TRUE,FALSE
16,388,0.604016534636663,TRUE,TRUE,TRUE,FALSE
16,389,0.615413436403211,TRUE,TRUE,TRUE,FALSE
16,390,0.607758947855153,TRUE,TRUE,TRUE,FALSE
16,391,0.595869501761493,TRUE,TRUE,TRUE,FALSE
16,392,0.573328565823374,FALSE,TRUE,TRUE,TRUE
16,393,0.591487246390542,TRUE,TRUE,TRUE,FALSE
16,394,0.598488932625165,TRUE,TRUE,TRUE,FALSE
16,395,0.596852079105768,TRUE,TRUE,TRUE,FALSE
16,396,0.600681605787186,TRUE,TRUE,TRUE,FALSE
16,397,0.604786377017113,TRUE,TRUE,TRUE,FALSE
16,398,0.596735786444963,TRUE,TRUE,TRUE,FALSE
16,399,0.599823564481015,TRUE,TRUE,TRUE,FALSE
16,400,0.589768644222585,TRUE,TRUE,TRUE,FALSE
16,401,0.596376445573054,TRUE,TRUE,TRUE,FALSE
16,402,0.604954524718588,TRUE,TRUE,TRUE,FALSE
16,403,0.604939288467737,TRUE,TRUE,TRUE,FALSE
16,404,0.602651388929602,TRUE,TRUE,TRUE,FALSE
16,405,0.590923161033787,TRUE,TRUE,TRUE,FALSE
16,406,0.594781095668019,TRUE,TRUE,TRUE,FALSE
16,407,0.601481104925503,TRUE,TRUE,TRUE,FALSE
16,408,0.600283111290295,TRUE,TRUE,TRUE,FALSE
16,409,0.594981656610075,TRUE,TRUE,TRUE,FALSE
16,410,0.604583938770472,TRUE,TRUE,TRUE,FALSE
16,411,0.590115046371403,TRUE,TRUE,TRUE,FALSE
16,412,0.578218072140216,TRUE,TRUE,TRUE,FALSE
16,413,0.607811435896453,TRUE,TRUE,TRUE,FALSE
16,414,0.608398474993139,TRUE,TRUE,TRUE,FALSE
16,415,0.608021666455725,TRUE,TRUE,TRUE,FALSE
16,416,0.612022179855407,TRUE,TRUE,TRUE,FALSE
16,417,0.601864172119734,TRUE,TRUE,TRUE,FALSE
16,418,0.615022740062737,TRUE,TRUE,TRUE,FALSE
16,419,0.585346816920106,TRUE,TRUE,TRUE,FALSE
16,420,0.608653185410572,TRUE,TRUE,TRUE,FALSE
16,421,0.59108891709655,TRUE,TRUE,TRUE,FALSE
16,422,0.605077712723353,TRUE,TRUE,TRUE,FALSE
16,423,0.580659370111559,TRUE,TRUE,TRUE,FALSE
16,424,0.597347905133643,TRUE,TRUE,TRUE,FALSE
16,425,0.604866852914471,TRUE,TRUE,TRUE,FALSE
16,426,0.630997656977068,FALSE,TRUE,TRUE,FALSE
16,427,0.613868548080276,TRUE,TRUE,TRUE,FALSE
16,428,0.582606939097375,TRUE,TRUE,TRUE,FALSE
16,429,0.586004620682853,TRUE,TRUE,TRUE,FALSE
16,430,0.591881040987841,TRUE,TRUE,TRUE,FALSE
16,431,0.593964538486385,TRUE,TRUE,TRUE,FALSE
16,432,0.594119929264438,TRUE,TRUE,TRUE,FALSE
16,433,0.614870933394017,TRUE,TRUE,TRUE,FALSE
16,434,0.599584293789895,TRUE,TRUE,TRUE,FALSE
16,435,0.605718627451959,TRUE,TRUE,TRUE,FALSE
16,436,0.600754644161185,TRUE,TRUE,TRUE,FALSE
16,437,0.599432615016713,TRUE,TRUE,TRUE,FALSE
16,438,0.587944249719201,TRUE,TRUE,TRUE,FALSE
16,439,0.608046818741813,TRUE,TRUE,TRUE,FALSE
16,440,0.588661599987306,TRUE,TRUE,TRUE,FALSE
16,441,0.598636796254804,TRUE,TRUE,TRUE,FALSE
16,442,0.58321838258283,TRUE,TRUE,TRUE,FALSE
16,443,0.604904193609127,TRUE,TRUE,TRUE,FALSE
16,444,0.613817287882131,TRUE,TRUE,TRUE,FALSE
16,445,0.601390160216227,TRUE,TRUE,TRUE,FALSE
16,446,0.620719356328196,TRUE,TRUE,TRUE,FALSE
16,447,0.59417152734137,TRUE,TRUE,TRUE,FALSE
16,448,0.599682806809714,TRUE,TRUE,TRUE,FALSE
16,449,0.608348536837381,TRUE,TRUE,TRUE,FALSE
16,450,0.608753248201274,TRUE,TRUE,TRUE,FALSE
16,451,0.581382773407785,FALSE,TRUE,TRUE,FALSE
16,452,0.622382427658534,FALSE,TRUE,TRUE,FALSE
16,453,0.615485777818308,TRUE,TRUE,TRUE,FALSE
16,454,0.601387531157808,TRUE,TRUE,TRUE,FALSE
16,455,0.598004548360543,TRUE,TRUE,TRUE,FALSE
16,456,0.603553854214209,TRUE,TRUE,TRUE,FALSE
16,457,0.611381948461206,TRUE,TRUE,TRUE,FALSE
16,458,0.598644756070411,TRUE,TRUE,TRUE,FALSE
16,459,0.602974559082231,TRUE,TRUE,TRUE,FALSE
16,460,0.598696269044238,TRUE,TRUE,TRUE,FALSE
16,461,0.610074706922416,TRUE,TRUE,TRUE,FALSE
16,462,0.620458135702941,FALSE,TRUE,TRUE,FALSE
16,463,0.588923235261311,TRUE,TRUE,TRUE,FALSE
16,464,0.601443934775737,TRUE,TRUE,TRUE,FALSE
16,465,0.581186306297132,TRUE,TRUE,TRUE,FALSE
16,466,0.610901394797015,TRUE,TRUE,TRUE,FALSE
16,467,0.58611025916943,TRUE,TRUE,TRUE,FALSE
16,468,0.608514109773238,TRUE,TRUE,TRUE,FALSE
16,469,0.615549419401655,TRUE,TRUE,TRUE,FALSE
16,470,0.607911694877563,TRUE,TRUE,TRUE,FALSE
16,471,0.595400494478067,TRUE,TRUE,TRUE,FALSE
16,472,0.590980906271686,TRUE,TRUE,TRUE,FALSE
16,473,0.599605228090034,TRUE,TRUE,TRUE,FALSE
16,474,0.597985761773795,TRUE,TRUE,TRUE,FALSE
16,475,0.584778367902143,TRUE,TRUE,TRUE,FALSE
16,476,0.613425765070984,TRUE,TRUE,TRUE,FALSE
16,477,0.609838122469995,TRUE,TRUE,TRUE,FALSE
16,478,0.589255127744323,TRUE,TRUE,TRUE,FALSE
16,479,0.603244766563215,TRUE,TRUE,TRUE,FALSE
16,480,0.627902073428013,FALSE,TRUE,TRUE,FALSE
16,481,0.587662233032053,TRUE,TRUE,TRUE,FALSE
16,482,0.601309873788419,TRUE,TRUE,TRUE,FALSE
16,483,0.618169020314864,TRUE,TRUE,TRUE,FALSE
16,484,0.591721288841439,TRUE,TRUE,TRUE,FALSE
16,485,0.590556365734686,TRUE,TRUE,TRUE,FALSE
16,486,0.601858733121731,TRUE,TRUE,TRUE,FALSE
16,487,0.602324025079364,TRUE,TRUE,TRUE,FALSE
16,488,0.61687769057004,TRUE,TRUE,TRUE,FALSE
16,489,0.599117480161299,TRUE,TRUE,TRUE,FALSE
16,490,0.622082470056925,TRUE,TRUE,TRUE,FALSE
16,491,0.621755074924747,TRUE,TRUE,TRUE,FALSE
16,492,0.602418409084445,TRUE,TRUE,TRUE,FALSE
16,493,0.617901639875952,TRUE,TRUE,TRUE,FALSE
16,494,0.613358821324689,TRUE,TRUE,TRUE,FALSE
16,495,0.580983842187604,TRUE,TRUE,TRUE,FALSE
16,496,0.600152851437398,TRUE,TRUE,TRUE,FALSE
16,497,0.599328410367842,TRUE,TRUE,TRUE,FALSE
16,498,0.62527081717661,FALSE,TRUE,TRUE,FALSE
16,499,0.600616719898873,TRUE,TRUE,TRUE,FALSE
16,500,0.595272110640904,TRUE,TRUE,TRUE,FALSE
16,501,0.596198396074961,TRUE,TRUE,TRUE,FALSE
16,502,0.593523908599908,TRUE,TRUE,TRUE,FALSE
16,503,0.611282558900226,TRUE,TRUE,TRUE,FALSE
16,504,0.608390547940603,TRUE,TRUE,TRUE,FALSE
16,505,0.594607431466074,TRUE,TRUE,TRUE,FALSE
16,506,0.582611919309241,TRUE,TRUE,TRUE,FALSE
16,507,0.598105930686095,TRUE,TRUE,TRUE,FALSE
16,508,0.60513511305605,TRUE,TRUE,TRUE,FALSE
16,509,0.597555702708137,TRUE,TRUE,TRUE,FALSE
16,510,0.615834699709224,TRUE,TRUE,TRUE,FALSE
16,511,0.606850337743004,TRUE,TRUE,TRUE,FALSE
16,512,0.594118263546593,TRUE,TRUE,TRUE,FALSE
16,513,0.59714795934352,TRUE,TRUE,TRUE,FALSE
16,514,0.583091796837842,TRUE,TRUE,TRUE,FALSE
16,515,0.602897000869723,TRUE,TRUE,TRUE,FALSE
16,516,0.597218366333445,TRUE,TRUE,TRUE,FALSE
16,517,0.613512405743941,TRUE,TRUE,TRUE,FALSE
16,518,0.593816156969566,TRUE,TRUE,TRUE,FALSE
16,519,0.595048177569843,TRUE,TRUE,TRUE,FALSE
16,520,0.608934624798072,TRUE,TRUE,TRUE,FALSE
16,521,0.595738186666753,TRUE,TRUE,TRUE,FALSE
16,522,0.602334674314394,TRUE,TRUE,TRUE,FALSE
16,523,0.595423392969731,TRUE,TRUE,TRUE,FALSE
16,524,0.599947016951548,TRUE,TRUE,TRUE,FALSE
16,525,0.590687347788567,TRUE,TRUE,TRUE,FALSE
16,526,0.601084776535453,TRUE,TRUE,TRUE,FALSE
16,527,0.603793320971459,TRUE,TRUE,TRUE,FALSE
16,528,0.613581702310112,TRUE,TRUE,TRUE,FALSE
16,529,0.60579339154958,TRUE,TRUE,TRUE,FALSE
16,530,0.600726267854789,TRUE,TRUE,TRUE,FALSE
16,531,0.596766284238732,TRUE,TRUE,TRUE,FALSE
16,532,0.589602601879399,TRUE,TRUE,TRUE,FALSE
16,533,0.596781119271816,TRUE,TRUE,TRUE,FALSE
16,534,0.592026228321542,TRUE,TRUE,TRUE,FALSE
16,535,0.588223584925541,TRUE,TRUE,TRUE,FALSE
16,536,0.602247175377364,TRUE,TRUE,TRUE,FALSE
16,537,0.615774293308947,TRUE,TRUE,TRUE,FALSE
16,538,0.613921945542506,TRUE,TRUE,TRUE,FALSE
16,539,0.624710226730833,FALSE,TRUE,TRUE,FALSE
16,540,0.605277282206774,TRUE,TRUE,TRUE,FALSE
16,541,0.594687192551688,TRUE,TRUE,TRUE,FALSE
16,542,0.592430322476412,TRUE,TRUE,TRUE,FALSE
16,543,0.606496860359578,TRUE,TRUE,TRUE,FALSE
16,544,0.583375809297447,TRUE,TRUE,TRUE,FALSE
16,545,0.595694344834214,TRUE,TRUE,TRUE,FALSE
16,546,0.605221690399418,TRUE,TRUE,TRUE,FALSE
16,547,0.591635342872577,TRUE,TRUE,TRUE,FALSE
16,548,0.58451783510313,TRUE,TRUE,TRUE,FALSE
16,549,0.585018470507587,TRUE,TRUE,TRUE,FALSE
16,550,0.589471783647881,TRUE,TRUE,TRUE,FALSE
16,551,0.593300463250137,TRUE,TRUE,TRUE,FALSE
16,552,0.581676092077022,TRUE,TRUE,TRUE,FALSE
16,553,0.5903655708982,TRUE,TRUE,TRUE,FALSE
16,554,0.578041930946586,FALSE,TRUE,TRUE,FALSE
16,555,0.598422476357053,TRUE,TRUE,TRUE,FALSE
16,556,0.591498025394787,TRUE,TRUE,TRUE,FALSE
16,557,0.596081844763357,TRUE,TRUE,TRUE,FALSE
16,558,0.582752088094701,TRUE,TRUE,TRUE,FALSE
16,559,0.595354307285102,TRUE,TRUE,TRUE,FALSE
16,560,0.597804980608244,TRUE,TRUE,TRUE,FALSE
16,561,0.603695973990671,TRUE,TRUE,TRUE,FALSE
16,562,0.593517273510813,TRUE,TRUE,TRUE,FALSE
16,563,0.588507362827456,TRUE,TRUE,TRUE,FALSE
16,564,0.59921894600544,TRUE,TRUE,TRUE,FALSE
16,565,0.614839516508257,TRUE,TRUE,TRUE,FALSE
16,566,0.582299610954686,TRUE,TRUE,TRUE,FALSE
16,567,0.614826100162923,TRUE,TRUE,TRUE,FALSE
16,568,0.582216334883165,TRUE,TRUE,TRUE,FALSE
16,569,0.584843424149594,TRUE,TRUE,TRUE,FALSE
16,570,0.604833433383732,TRUE,TRUE,TRUE,FALSE
16,571,0.58998146692469,TRUE,TRUE,TRUE,FALSE
16,572,0.611811212788354,TRUE,TRUE,TRUE,FALSE
16,573,0.587662978503558,TRUE,TRUE,TRUE,FALSE
16,574,0.608742233623416,TRUE,TRUE,TRUE,FALSE
16,575,0.596159618292439,TRUE,TRUE,TRUE,FALSE
16,576,0.611070703060434,TRUE,TRUE,TRUE,FALSE
16,577,0.611154694279729,TRUE,TRUE,TRUE,FALSE
16,578,0.584981546140499,TRUE,TRUE,TRUE,FALSE
16,579,0.615221663425493,TRUE,TRUE,TRUE,FALSE
16,580,0.597107275091316,TRUE,TRUE,TRUE,FALSE
16,581,0.596986519651341,TRUE,TRUE,TRUE,FALSE
16,582,0.60340816437717,TRUE,TRUE,TRUE,FALSE
16,583,0.599747596686022,TRUE,TRUE,TRUE,FALSE
16,584,0.594694165141511,TRUE,TRUE,TRUE,FALSE
16,585,0.598762667133599,TRUE,TRUE,TRUE,FALSE
16,586,0.596964747887206,TRUE,TRUE,TRUE,FALSE
16,587,0.593499221056831,TRUE,TRUE,TRUE,FALSE
16,588,0.596829912199808,TRUE,TRUE,TRUE,FALSE
16,589,0.596171250170632,TRUE,TRUE,TRUE,FALSE
16,590,0.614204380461862,TRUE,TRUE,TRUE,FALSE
16,591,0.588075180536658,TRUE,TRUE,TRUE,FALSE
16,592,0.592638143108719,TRUE,TRUE,TRUE,FALSE
16,593,0.600877782526914,TRUE,TRUE,TRUE,FALSE
16,594,0.591720029106956,TRUE,TRUE,TRUE,FALSE
16,595,0.606859593816819,TRUE,TRUE,TRUE,FALSE
16,596,0.623059037572567,FALSE,TRUE,TRUE,FALSE
16,597,0.595724915356824,TRUE,TRUE,TRUE,FALSE
16,598,0.611650468736134,TRUE,TRUE,TRUE,FALSE
16,599,0.59411087149545,TRUE,TRUE,TRUE,FALSE
16,600,0.615379803916001,TRUE,TRUE,TRUE,FALSE
16,601,0.599656072762002,TRUE,TRUE,TRUE,FALSE
16,602,0.60471926962705,TRUE,TRUE,TRUE,FALSE
16,603,0.614177747707427,TRUE,TRUE,TRUE,FALSE
16,604,0.59429419009161,TRUE,TRUE,TRUE,FALSE
16,605,0.616443121746492,TRUE,TRUE,TRUE,FALSE
16,606,0.595534919388107,TRUE,TRUE,TRUE,FALSE
16,607,0.586861717181705,TRUE,TRUE,TRUE,FALSE
16,608,0.610387429846885,TRUE,TRUE,TRUE,FALSE
16,609,0.590714979546265,TRUE,TRUE,TRUE,FALSE
16,610,0.605630578303373,TRUE,TRUE,TRUE,FALSE
16,611,0.60298594510527,TRUE,TRUE,TRUE,FALSE
16,612,0.601039476403839,TRUE,TRUE,TRUE,FALSE
16,613,0.621075723221538,TRUE,TRUE,TRUE,FALSE
16,614,0.600196081700509,TRUE,TRUE,TRUE,FALSE
16,615,0.59059483909822,TRUE,TRUE,TRUE,FALSE
16,616,0.624786604721012,FALSE,TRUE,TRUE,FALSE
16,617,0.620977977985053,FALSE,TRUE,TRUE,FALSE
16,618,0.601979069897607,TRUE,TRUE,TRUE,FALSE
16,619,0.606921994794368,TRUE,TRUE,TRUE,FALSE
16,620,0.600824163184241,TRUE,TRUE,TRUE,FALSE
16,621,0.599420612317259,TRUE,TRUE,TRUE,FALSE
16,622,0.601836609745611,TRUE,TRUE,TRUE,FALSE
16,623,0.601830336374756,TRUE,TRUE,TRUE,FALSE
16,624,0.591680763401756,TRUE,TRUE,TRUE,FALSE
16,625,0.588951284768866,TRUE,TRUE,TRUE,FALSE
16,626,0.578411304094544,TRUE,TRUE,TRUE,FALSE
16,627,0.614500556906728,TRUE,TRUE,TRUE,FALSE
16,628,0.59710084836432,TRUE,TRUE,TRUE,FALSE
16,629,0.598368065283805,TRUE,TRUE,TRUE,FALSE
16,630,0.596836243863167,TRUE,TRUE,TRUE,FALSE
16,631,0.589881852044011,TRUE,TRUE,TRUE,FALSE
16,632,0.606746607398072,TRUE,TRUE,TRUE,FALSE
16,633,0.595409446144092,TRUE,TRUE,TRUE,FALSE
16,634,0.602797786758205,TRUE,TRUE,TRUE,FALSE
16,635,0.595060615747829,TRUE,TRUE,TRUE,FALSE
16,636,0.616168721392039,TRUE,TRUE,TRUE,FALSE
16,637,0.609850420880275,TRUE,TRUE,TRUE,FALSE
16,638,0.60708582206696,TRUE,TRUE,TRUE,FALSE
16,639,0.589298941285921,TRUE,TRUE,TRUE,FALSE
16,640,0.604610896913424,TRUE,TRUE,TRUE,FALSE
16,641,0.608522242528798,TRUE,TRUE,TRUE,FALSE
16,642,0.600170984458906,TRUE,TRUE,TRUE,FALSE
16,643,0.585018375500822,TRUE,TRUE,TRUE,FALSE
16,644,0.606432170799487,TRUE,TRUE,TRUE,FALSE
16,645,0.596479861738276,TRUE,TRUE,TRUE,FALSE
16,646,0.611022269082509,TRUE,TRUE,TRUE,FALSE
16,647,0.609060689092569,TRUE,TRUE,TRUE,FALSE
16,648,0.612798739741465,TRUE,TRUE,TRUE,FALSE
16,649,0.593934565039091,TRUE,TRUE,TRUE,FALSE
16,650,0.587253123591603,TRUE,TRUE,TRUE,FALSE
16,651,0.594473932093352,TRUE,TRUE,TRUE,FALSE
16,652,0.620590353512659,TRUE,TRUE,TRUE,FALSE
16,653,0.585249579675851,TRUE,TRUE,TRUE,FALSE
16,654,0.602555865312739,TRUE,TRUE,TRUE,FALSE
16,655,0.613400930504022,TRUE,TRUE,TRUE,FALSE
16,656,0.58805598439804,TRUE,TRUE,TRUE,FALSE
16,657,0.615646410863847,TRUE,TRUE,TRUE,FALSE
16,658,0.609565357160037,TRUE,TRUE,TRUE,FALSE
16,659,0.601939400897121,TRUE,TRUE,TRUE,FALSE
16,660,0.60276537372118,TRUE,TRUE,TRUE,FALSE
16,661,0.585085235103987,TRUE,TRUE,TRUE,FALSE
16,662,0.58840148281262,TRUE,TRUE,TRUE,FALSE
16,663,0.60810507107864,TRUE,TRUE,TRUE,FALSE
16,664,0.591681469421238,TRUE,TRUE,TRUE,FALSE
16,665,0.607668075634518,TRUE,TRUE,TRUE,FALSE
16,666,0.606342620484198,TRUE,TRUE,TRUE,FALSE
16,667,0.591455517874355,TRUE,TRUE,TRUE,FALSE
16,668,0.603044769685144,TRUE,TRUE,TRUE,FALSE
16,669,0.587609083333396,TRUE,TRUE,TRUE,FALSE
16,670,0.603566870143072,TRUE,TRUE,TRUE,FALSE
16,671,0.604036404185219,TRUE,TRUE,TRUE,FALSE
16,672,0.617185529347987,TRUE,TRUE,TRUE,FALSE
16,673,0.596443749509571,TRUE,TRUE,TRUE,FALSE
16,674,0.605497625663377,TRUE,TRUE,TRUE,FALSE
16,675,0.624161560567747,FALSE,TRUE,TRUE,FALSE
16,676,0.606013331234437,TRUE,TRUE,TRUE,FALSE
16,677,0.588496676628437,TRUE,TRUE,TRUE,FALSE
16,678,0.592206219593323,TRUE,TRUE,TRUE,FALSE
16,679,0.604435553221905,TRUE,TRUE,TRUE,FALSE
16,680,0.604803272543021,TRUE,TRUE,TRUE,FALSE
16,681,0.587980022282241,TRUE,TRUE,TRUE,FALSE
16,682,0.609254016207036,TRUE,TRUE,TRUE,FALSE
16,683,0.598636755699869,TRUE,TRUE,TRUE,FALSE
16,684,0.57759555414301,TRUE,TRUE,TRUE,FALSE
16,685,0.604438479069622,TRUE,TRUE,TRUE,FALSE
16,686,0.594317592410819,TRUE,TRUE,TRUE,FALSE
16,687,0.589925714147007,TRUE,TRUE,TRUE,FALSE
16,688,0.595474141676347,TRUE,TRUE,TRUE,FALSE
16,689,0.600471332353244,TRUE,TRUE,TRUE,FALSE
16,690,0.590477801466759,TRUE,TRUE,TRUE,FALSE
16,691,0.593471131224757,TRUE,TRUE,TRUE,FALSE
16,692,0.612007853066373,TRUE,TRUE,TRUE,FALSE
16,693,0.60270178385493,TRUE,TRUE,TRUE,FALSE
16,694,0.598903501281137,TRUE,TRUE,TRUE,FALSE
16,695,0.593436196065506,TRUE,TRUE,TRUE,FALSE
16,696,0.591350177965389,TRUE,TRUE,TRUE,FALSE
16,697,0.610870999962713,TRUE,TRUE,TRUE,FALSE
16,698,0.592531575071098,TRUE,TRUE,TRUE,FALSE
16,699,0.602423550442403,TRUE,TRUE,TRUE,FALSE
16,700,0.60887368724443,TRUE,TRUE,TRUE,FALSE
16,701,0.604748730927741,TRUE,TRUE,TRUE,FALSE
16,702,0.608158769313702,TRUE,TRUE,TRUE,FALSE
16,703,0.592035668635282,TRUE,TRUE,TRUE,FALSE
16,704,0.608470332973541,TRUE,TRUE,TRUE,FALSE
16,705,0.596936135134623,TRUE,TRUE,TRUE,FALSE
16,706,0.602115010996135,TRUE,TRUE,TRUE,FALSE
16,707,0.594000398303136,TRUE,TRUE,TRUE,FALSE
16,708,0.599697573330966,TRUE,TRUE,TRUE,FALSE
16,709,0.609159317382744,TRUE,TRUE,TRUE,FALSE
16,710,0.614268486496039,TRUE,TRUE,TRUE,FALSE
16,711,0.606611730157509,TRUE,TRUE,TRUE,FALSE
16,712,0.615010826593432,TRUE,TRUE,TRUE,FALSE
16,713,0.610936757663453,TRUE,TRUE,TRUE,FALSE
16,714,0.59938511798425,TRUE,TRUE,TRUE,FALSE
16,715,0.611046263210676,TRUE,TRUE,TRUE,FALSE
16,716,0.605856017886128,TRUE,TRUE,TRUE,FALSE
16,717,0.594140624858557,TRUE,TRUE,TRUE,FALSE
16,718,0.59084831752184,TRUE,TRUE,TRUE,FALSE
16,719,0.60190238057667,TRUE,TRUE,TRUE,FALSE
16,720,0.599104600064825,TRUE,TRUE,TRUE,FALSE
16,721,0.594931781180936,TRUE,TRUE,TRUE,FALSE
16,722,0.599696637281087,TRUE,TRUE,TRUE,FALSE
16,723,0.605406902495223,TRUE,TRUE,TRUE,FALSE
16,724,0.589873163857568,TRUE,TRUE,TRUE,FALSE
16,725,0.617643314271715,TRUE,TRUE,TRUE,FALSE
16,726,0.586040171842332,TRUE,TRUE,TRUE,FALSE
16,727,0.602807053260458,TRUE,TRUE,TRUE,FALSE
16,728,0.593949834549468,TRUE,TRUE,TRUE,FALSE
16,729,0.596664798610574,TRUE,TRUE,TRUE,FALSE
16,730,0.611251743188593,TRUE,TRUE,TRUE,FALSE
16,731,0.623592383387774,FALSE,TRUE,TRUE,FALSE
16,732,0.598741895987099,TRUE,TRUE,TRUE,FALSE
16,733,0.601508157476745,TRUE,TRUE,TRUE,FALSE
16,734,0.605050163988528,TRUE,TRUE,TRUE,FALSE
16,735,0.590254084899878,TRUE,TRUE,TRUE,FALSE
16,736,0.596353144718424,TRUE,TRUE,TRUE,FALSE
16,737,0.60093791070897,TRUE,TRUE,TRUE,FALSE
16,738,0.594052666631709,TRUE,TRUE,TRUE,FALSE
16,739,0.596538041214572,TRUE,TRUE,TRUE,FALSE
16,740,0.607876997162268,TRUE,TRUE,TRUE,FALSE
16,741,0.62361532948007,FALSE,TRUE,TRUE,FALSE
16,742,0.600524427445946,TRUE,TRUE,TRUE,FALSE
16,743,0.605599997341628,TRUE,TRUE,TRUE,FALSE
16,744,0.599243723797433,TRUE,TRUE,TRUE,FALSE
16,745,0.611116262500116,TRUE,TRUE,TRUE,FALSE
16,746,0.612857104447305,TRUE,TRUE,TRUE,FALSE
16,747,0.593355899127626,TRUE,TRUE,TRUE,FALSE
16,748,0.608372014278414,TRUE,TRUE,TRUE,FALSE
16,749,0.59871021516375,TRUE,TRUE,TRUE,FALSE
16,750,0.592275319150246,TRUE,TRUE,TRUE,FALSE
16,751,0.612886914724262,TRUE,TRUE,TRUE,FALSE
16,752,0.579614874601648,TRUE,TRUE,TRUE,FALSE
16,753,0.592304374148472,TRUE,TRUE,TRUE,FALSE
16,754,0.596618644255521,TRUE,TRUE,TRUE,FALSE
16,755,0.612221508376287,TRUE,TRUE,TRUE,FALSE
16,756,0.610230728852522,TRUE,TRUE,TRUE,FALSE
16,757,0.583494786870758,TRUE,TRUE,TRUE,FALSE
16,758,0.57972686988912,TRUE,TRUE,TRUE,FALSE
16,759,0.616485231690369,TRUE,TRUE,TRUE,FALSE
16,760,0.613015955712419,TRUE,TRUE,TRUE,FALSE
16,761,0.608935712010739,TRUE,TRUE,TRUE,FALSE
16,762,0.60913340805938,TRUE,TRUE,TRUE,FALSE
16,763,0.606345195282266,TRUE,TRUE,TRUE,FALSE
16,764,0.596022078747738,TRUE,TRUE,TRUE,FALSE
16,765,0.61209806618522,TRUE,TRUE,TRUE,FALSE
16,766,0.602443904082065,TRUE,TRUE,TRUE,FALSE
16,767,0.619648253555718,TRUE,TRUE,TRUE,FALSE
16,768,0.607697626829282,TRUE,TRUE,TRUE,FALSE
16,769,0.590770453619754,TRUE,TRUE,TRUE,FALSE
16,770,0.593925856064182,TRUE,TRUE,TRUE,FALSE
16,771,0.594972047265374,TRUE,TRUE,TRUE,FALSE
16,772,0.582675243888095,TRUE,TRUE,TRUE,FALSE
16,773,0.592330055399658,TRUE,TRUE,TRUE,FALSE
16,774,0.604299574832869,TRUE,TRUE,TRUE,FALSE
16,775,0.602535194410646,TRUE,TRUE,TRUE,FALSE
16,776,0.610624861046533,TRUE,TRUE,TRUE,FALSE
16,777,0.604186272457447,TRUE,TRUE,TRUE,FALSE
16,778,0.614683652732807,TRUE,TRUE,TRUE,FALSE
16,779,0.59666008576565,TRUE,TRUE,TRUE,FALSE
16,780,0.598596587345574,TRUE,TRUE,TRUE,FALSE
16,781,0.601814942521976,TRUE,TRUE,TRUE,FALSE
16,782,0.604965880092202,TRUE,TRUE,TRUE,FALSE
16,783,0.617321825572305,TRUE,TRUE,TRUE,FALSE
16,784,0.605279362764404,TRUE,TRUE,TRUE,FALSE
16,785,0.620106400881412,FALSE,TRUE,TRUE,FALSE
16,786,0.571552944423822,FALSE,TRUE,TRUE,FALSE
16,787,0.610810880827148,TRUE,TRUE,TRUE,FALSE
16,788,0.59703792448585,TRUE,TRUE,TRUE,FALSE
16,789,0.610641011748885,TRUE,TRUE,TRUE,FALSE
16,790,0.575578201437454,FALSE,TRUE,TRUE,FALSE
16,791,0.592791020180947,TRUE,TRUE,TRUE,FALSE
16,792,0.591318707054741,TRUE,TRUE,TRUE,FALSE
16,793,0.593844484029144,TRUE,TRUE,TRUE,FALSE
16,794,0.580643418284215,FALSE,TRUE,TRUE,FALSE
16,795,0.582019512163494,TRUE,TRUE,TRUE,FALSE
16,796,0.585974558237061,TRUE,TRUE,TRUE,FALSE
16,797,0.584723896048464,TRUE,TRUE,TRUE,FALSE
16,798,0.585050059237014,TRUE,TRUE,TRUE,FALSE
16,799,0.591790175987691,TRUE,TRUE,TRUE,FALSE
16,800,0.59019768211045,TRUE,TRUE,TRUE,FALSE
16,801,0.615726278711612,TRUE,TRUE,TRUE,FALSE
16,802,0.598030482226683,TRUE,TRUE,TRUE,FALSE
16,803,0.617454090978275,TRUE,TRUE,TRUE,FALSE
16,804,0.606520394193,TRUE,TRUE,TRUE,FALSE
16,805,0.595458981824585,TRUE,TRUE,TRUE,FALSE
16,806,0.601075041824459,TRUE,TRUE,TRUE,FALSE
16,807,0.590016686155539,TRUE,TRUE,TRUE,FALSE
16,808,0.605819194603281,TRUE,TRUE,TRUE,FALSE
16,809,0.608123240422204,TRUE,TRUE,TRUE,FALSE
16,810,0.598251535768965,TRUE,TRUE,TRUE,FALSE
16,811,0.591374057028555,TRUE,TRUE,TRUE,FALSE
16,812,0.599717853204814,TRUE,TRUE,TRUE,FALSE
16,813,0.598141514158255,TRUE,TRUE,TRUE,FALSE
16,814,0.595811475013076,TRUE,TRUE,TRUE,FALSE
16,815,0.61045804215078,TRUE,TRUE,TRUE,FALSE
16,816,0.604491141087712,TRUE,TRUE,TRUE,FALSE
16,817,0.574198110328815,FALSE,TRUE,TRUE,FALSE
16,818,0.595909078862369,TRUE,TRUE,TRUE,FALSE
16,819,0.597966037463148,TRUE,TRUE,TRUE,FALSE
16,820,0.60047177780441,TRUE,TRUE,TRUE,FALSE
16,821,0.6027458034783,TRUE,TRUE,TRUE,FALSE
16,822,0.622264506776951,FALSE,TRUE,TRUE,FALSE
16,823,0.622256606386968,FALSE,TRUE,TRUE,FALSE
16,824,0.597265588880414,TRUE,TRUE,TRUE,FALSE
16,825,0.599871957208903,TRUE,TRUE,TRUE,FALSE
16,826,0.59602897521263,TRUE,TRUE,TRUE,FALSE
16,827,0.614363031511239,TRUE,TRUE,TRUE,FALSE
16,828,0.610674161473915,TRUE,TRUE,TRUE,FALSE
16,829,0.597905184473636,TRUE,TRUE,TRUE,FALSE
16,830,0.62114599109217,TRUE,TRUE,TRUE,FALSE
16,831,0.58367049154418,TRUE,TRUE,TRUE,FALSE
16,832,0.596954573992955,TRUE,TRUE,TRUE,FALSE
16,833,0.595338493336346,TRUE,TRUE,TRUE,FALSE
16,834,0.601418771555474,TRUE,TRUE,TRUE,FALSE
16,835,0.566744804319266,FALSE,TRUE,TRUE,FALSE
16,836,0.604114730949189,TRUE,TRUE,TRUE,FALSE
16,837,0.591419975468377,TRUE,TRUE,TRUE,FALSE
16,838,0.620212968499183,TRUE,TRUE,TRUE,FALSE
16,839,0.58388965306242,TRUE,TRUE,TRUE,FALSE
16,840,0.584202176958029,TRUE,TRUE,TRUE,FALSE
16,841,0.594761592578652,TRUE,TRUE,TRUE,FALSE
16,842,0.615737688385103,TRUE,TRUE,TRUE,FALSE
16,843,0.62405479040937,FALSE,TRUE,TRUE,FALSE
16,844,0.587047590308976,TRUE,TRUE,TRUE,FALSE
16,845,0.606835705775217,TRUE,TRUE,TRUE,FALSE
16,846,0.59321352163702,TRUE,TRUE,TRUE,FALSE
16,847,0.603448655496947,TRUE,TRUE,TRUE,FALSE
16,848,0.606754228116024,TRUE,TRUE,TRUE,FALSE
16,849,0.602704614978777,TRUE,TRUE,TRUE,FALSE
16,850,0.610568531828877,TRUE,TRUE,TRUE,FALSE
16,851,0.60624126304146,TRUE,TRUE,TRUE,FALSE
16,852,0.593379899289062,TRUE,TRUE,TRUE,FALSE
16,853,0.588858807965096,TRUE,TRUE,TRUE,FALSE
16,854,0.606201786198905,TRUE,TRUE,TRUE,FALSE
16,855,0.609613328308896,TRUE,TRUE,TRUE,FALSE
16,856,0.591185670869571,TRUE,TRUE,TRUE,FALSE
16,857,0.630749004237591,FALSE,TRUE,TRUE,FALSE
16,858,0.588585383413403,TRUE,TRUE,TRUE,FALSE
16,859,0.597879899758,TRUE,TRUE,TRUE,FALSE
16,860,0.574171714178247,FALSE,TRUE,TRUE,FALSE
16,861,0.585372488820251,TRUE,TRUE,TRUE,FALSE
16,862,0.61913447298878,TRUE,TRUE,TRUE,FALSE
16,863,0.610548755562007,TRUE,TRUE,TRUE,FALSE
16,864,0.59003004451819,TRUE,TRUE,TRUE,FALSE
16,865,0.605669998271001,TRUE,TRUE,TRUE,FALSE
16,866,0.592888961894493,TRUE,TRUE,TRUE,FALSE
16,867,0.592109893970397,TRUE,TRUE,TRUE,FALSE
16,868,0.592696457122433,TRUE,TRUE,TRUE,FALSE
16,869,0.589043674234624,TRUE,TRUE,TRUE,FALSE
16,870,0.602876530112189,TRUE,TRUE,TRUE,FALSE
16,871,0.599389888742172,TRUE,TRUE,TRUE,FALSE
16,872,0.592998941187043,TRUE,TRUE,TRUE,FALSE
16,873,0.588752276573083,TRUE,TRUE,TRUE,FALSE
16,874,0.594743606406556,TRUE,TRUE,TRUE,FALSE
16,875,0.588783604904775,TRUE,TRUE,TRUE,FALSE
16,876,0.5982233631173,TRUE,TRUE,TRUE,FALSE
16,877,0.598051265082946,TRUE,TRUE,TRUE,FALSE
16,878,0.587748550715064,TRUE,TRUE,TRUE,FALSE
16,879,0.603581998285834,TRUE,TRUE,TRUE,FALSE
16,880,0.593243344819345,TRUE,TRUE,TRUE,FALSE
16,881,0.618049908998733,TRUE,TRUE,TRUE,FALSE
16,882,0.584411776323997,TRUE,TRUE,TRUE,FALSE
16,883,0.596381941104926,TRUE,TRUE,TRUE,FALSE
16,884,0.598584210904346,TRUE,TRUE,TRUE,FALSE
16,885,0.608360868375185,TRUE,TRUE,TRUE,FALSE
16,886,0.619385384890183,TRUE,TRUE,TRUE,FALSE
16,887,0.602427986230109,TRUE,TRUE,TRUE,FALSE
16,888,0.621664627214833,FALSE,TRUE,TRUE,FALSE
16,889,0.570852083270194,FALSE,TRUE,TRUE,FALSE
16,890,0.597711779612638,TRUE,TRUE,TRUE,FALSE
16,891,0.618169663852864,TRUE,TRUE,TRUE,FALSE
16,892,0.600556700013222,TRUE,TRUE,TRUE,FALSE
16,893,0.625741189771142,FALSE,TRUE,TRUE,FALSE
16,894,0.61565705261897,TRUE,TRUE,TRUE,FALSE
16,895,0.58994980856219,TRUE,TRUE,TRUE,FALSE
16,896,0.584350421153012,TRUE,TRUE,TRUE,FALSE
16,897,0.597568689608723,TRUE,TRUE,TRUE,FALSE
16,898,0.605452226388386,TRUE,TRUE,TRUE,FALSE
16,899,0.611518145950568,TRUE,TRUE,TRUE,FALSE
16,900,0.59192298891777,TRUE,TRUE,TRUE,FALSE
16,901,0.592406653864036,TRUE,TRUE,TRUE,FALSE
16,902,0.604578830234767,TRUE,TRUE,TRUE,FALSE
16,903,0.584112528067429,TRUE,TRUE,TRUE,FALSE
16,904,0.617447782120986,TRUE,TRUE,TRUE,FALSE
16,905,0.611458573659806,TRUE,TRUE,TRUE,FALSE
16,906,0.610320420501729,TRUE,TRUE,TRUE,FALSE
16,907,0.598579552830294,TRUE,TRUE,TRUE,FALSE
16,908,0.584594499707369,TRUE,TRUE,TRUE,FALSE
16,909,0.578916235250091,FALSE,TRUE,TRUE,FALSE
16,910,0.587983213115252,TRUE,TRUE,TRUE,FALSE
16,911,0.597345975825213,TRUE,TRUE,TRUE,FALSE
16,912,0.592298227983008,TRUE,TRUE,TRUE,FALSE
16,913,0.610797810702781,TRUE,TRUE,TRUE,FALSE
16,914,0.60067987254813,TRUE,TRUE,TRUE,FALSE
16,915,0.600751030174355,TRUE,TRUE,TRUE,FALSE
16,916,0.60542880647788,TRUE,TRUE,TRUE,FALSE
16,917,0.593773026651659,TRUE,TRUE,TRUE,FALSE
16,918,0.589717594994105,TRUE,TRUE,TRUE,FALSE
16,919,0.601925881361011,TRUE,TRUE,TRUE,FALSE
16,920,0.599828442699681,TRUE,TRUE,TRUE,FALSE
16,921,0.587951397451643,TRUE,TRUE,TRUE,FALSE
16,922,0.581089600295778,TRUE,TRUE,TRUE,FALSE
16,923,0.610371330719201,TRUE,TRUE,TRUE,FALSE
16,924,0.598391252437504,TRUE,TRUE,TRUE,FALSE
16,925,0.600745489790783,TRUE,TRUE,TRUE,FALSE
16,926,0.590898330038514,TRUE,TRUE,TRUE,FALSE
16,927,0.597774870287948,TRUE,TRUE,TRUE,FALSE
16,928,0.601952710770112,TRUE,TRUE,TRUE,FALSE
16,929,0.617872313840606,TRUE,TRUE,TRUE,FALSE
16,930,0.602442486450702,TRUE,TRUE,TRUE,FALSE
16,931,0.611152278853546,TRUE,TRUE,TRUE,FALSE
16,932,0.603317806225388,TRUE,TRUE,TRUE,FALSE
16,933,0.615127902369255,TRUE,TRUE,TRUE,FALSE
16,934,0.616325046088216,TRUE,TRUE,TRUE,FALSE
16,935,0.587920212671612,TRUE,TRUE,TRUE,FALSE
16,936,0.606045596939205,TRUE,TRUE,TRUE,FALSE
16,937,0.610627318262,TRUE,TRUE,TRUE,FALSE
16,938,0.601892896368937,TRUE,TRUE,TRUE,FALSE
16,939,0.591022966535785,TRUE,TRUE,TRUE,FALSE
16,940,0.593288194886809,TRUE,TRUE,TRUE,FALSE
16,941,0.600239125100288,TRUE,TRUE,TRUE,FALSE
16,942,0.599843902393666,TRUE,TRUE,TRUE,FALSE
16,943,0.582821563342049,TRUE,TRUE,TRUE,FALSE
16,944,0.605371164469558,TRUE,TRUE,TRUE,FALSE
16,945,0.586062876055158,TRUE,TRUE,TRUE,FALSE
16,946,0.595630207211828,TRUE,TRUE,TRUE,FALSE
16,947,0.603779232995259,TRUE,TRUE,TRUE,FALSE
16,948,0.609012259154501,TRUE,TRUE,TRUE,FALSE
16,949,0.612323084389769,TRUE,TRUE,TRUE,FALSE
16,950,0.606495303042493,TRUE,TRUE,TRUE,FALSE
16,951,0.602710958606968,TRUE,TRUE,TRUE,FALSE
16,952,0.590929084708829,TRUE,TRUE,TRUE,FALSE
16,953,0.611591403648262,TRUE,TRUE,TRUE,FALSE
16,954,0.588111144614464,TRUE,TRUE,TRUE,FALSE
16,955,0.607515880090386,TRUE,TRUE,TRUE,FALSE
16,956,0.604691547983159,TRUE,TRUE,TRUE,FALSE
16,957,0.586011641379829,TRUE,TRUE,TRUE,FALSE
16,958,0.582658050505131,TRUE,TRUE,TRUE,FALSE
16,959,0.607110611757411,TRUE,TRUE,TRUE,FALSE
16,960,0.611463674718421,TRUE,TRUE,TRUE,FALSE
16,961,0.592577590568415,TRUE,TRUE,TRUE,FALSE
16,962,0.573993489176359,FALSE,TRUE,TRUE,FALSE
16,963,0.598230318713771,TRUE,TRUE,TRUE,FALSE
16,964,0.610692899116896,TRUE,TRUE,TRUE,FALSE
16,965,0.596266593101731,TRUE,TRUE,TRUE,FALSE
16,966,0.601098936635345,TRUE,TRUE,TRUE,FALSE
16,967,0.598344593592519,TRUE,TRUE,TRUE,FALSE
16,968,0.602159757867916,TRUE,TRUE,TRUE,FALSE
16,969,0.610959375729976,TRUE,TRUE,TRUE,FALSE
16,970,0.59392586839335,TRUE,TRUE,TRUE,FALSE
16,971,0.602361828505224,TRUE,TRUE,TRUE,FALSE
16,972,0.591957351291756,TRUE,TRUE,TRUE,FALSE
16,973,0.603579515297928,TRUE,TRUE,TRUE,FALSE
16,974,0.59057248137927,TRUE,TRUE,TRUE,FALSE
16,975,0.593406066809961,TRUE,TRUE,TRUE,FALSE
16,976,0.598091547799004,TRUE,TRUE,TRUE,FALSE
16,977,0.616829558016659,TRUE,TRUE,TRUE,FALSE
16,978,0.61395479141059,TRUE,TRUE,TRUE,FALSE
16,979,0.598143471819176,TRUE,TRUE,TRUE,FALSE
16,980,0.609190476457345,TRUE,TRUE,TRUE,FALSE
16,981,0.606827411734081,TRUE,TRUE,TRUE,FALSE
16,982,0.603396104665403,TRUE,TRUE,TRUE,FALSE
16,983,0.612008778267065,TRUE,TRUE,TRUE,FALSE
16,984,0.605322544178612,TRUE,TRUE,TRUE,FALSE
16,985,0.593254796616034,TRUE,TRUE,TRUE,FALSE
16,986,0.592933782011613,TRUE,TRUE,TRUE,FALSE
16,987,0.612594195196425,TRUE,TRUE,TRUE,FALSE
16,988,0.589845836198244,TRUE,TRUE,TRUE,FALSE
16,989,0.589755934933845,TRUE,TRUE,TRUE,FALSE
16,990,0.591064589329899,TRUE,TRUE,TRUE,FALSE
16,991,0.580648045195906,TRUE,TRUE,TRUE,FALSE
16,992,0.589312362929037,TRUE,TRUE,TRUE,FALSE
16,993,0.596025385339105,TRUE,TRUE,TRUE,FALSE
16,994,0.593652851928889,TRUE,TRUE,TRUE,FALSE
16,995,0.606538632138777,TRUE,TRUE,TRUE,FALSE
16,996,0.596682760412153,TRUE,TRUE,TRUE,FALSE
16,997,0.599619381046269,TRUE,TRUE,TRUE,FALSE
16,998,0.582581037487726,TRUE,TRUE,TRUE,FALSE
16,999,0.602443410891988,TRUE,TRUE,TRUE,FALSE
16,1000,0.601026522208684,TRUE,TRUE,TRUE,FALSE
17,1,0.796592678944479,TRUE,TRUE,TRUE,FALSE
17,2,0.787950175056845,TRUE,TRUE,TRUE,FALSE
17,3,0.782170624709712,TRUE,TRUE,TRUE,FALSE
17,4,0.785691504478486,TRUE,TRUE,TRUE,FALSE
17,5,0.803060896478757,TRUE,TRUE,TRUE,FALSE
17,6,0.802610624032279,TRUE,TRUE,TRUE,FALSE
17,7,0.788651306770339,TRUE,TRUE,TRUE,FALSE
17,8,0.790256366875764,TRUE,TRUE,TRUE,FALSE
17,9,0.800585474225912,TRUE,TRUE,TRUE,FALSE
17,10,0.790803928732081,TRUE,TRUE,TRUE,FALSE
17,11,0.809207930686638,TRUE,TRUE,TRUE,FALSE
17,12,0.793888669090742,TRUE,TRUE,TRUE,FALSE
17,13,0.789101000856382,TRUE,TRUE,TRUE,FALSE
17,14,0.796354453704567,TRUE,TRUE,TRUE,FALSE
17,15,0.798075152799341,TRUE,TRUE,TRUE,FALSE
17,16,0.778514629685283,FALSE,TRUE,TRUE,FALSE
17,17,0.801164434001675,TRUE,TRUE,TRUE,FALSE
17,18,0.804154663871953,TRUE,TRUE,TRUE,FALSE
17,19,0.804840718714532,TRUE,TRUE,TRUE,FALSE
17,20,0.797310531191452,TRUE,TRUE,TRUE,FALSE
17,21,0.805888501023323,TRUE,TRUE,TRUE,FALSE
17,22,0.791786448159602,TRUE,TRUE,TRUE,FALSE
17,23,0.771651108429141,FALSE,TRUE,TRUE,FALSE
17,24,0.787535670988533,TRUE,TRUE,TRUE,FALSE
17,25,0.810842716691843,TRUE,TRUE,TRUE,FALSE
17,26,0.784711387787047,TRUE,TRUE,TRUE,FALSE
17,27,0.8004608805136,TRUE,TRUE,TRUE,FALSE
17,28,0.808275399494419,TRUE,TRUE,TRUE,FALSE
17,29,0.821531771319632,FALSE,TRUE,TRUE,FALSE
17,30,0.806039674256576,TRUE,TRUE,TRUE,FALSE
17,31,0.801789925955177,TRUE,TRUE,TRUE,FALSE
17,32,0.795613264297557,TRUE,TRUE,TRUE,FALSE
17,33,0.804485728210877,TRUE,TRUE,TRUE,FALSE
17,34,0.819644421740815,FALSE,TRUE,TRUE,FALSE
17,35,0.806330875194519,TRUE,TRUE,TRUE,FALSE
17,36,0.822814253736152,TRUE,TRUE,TRUE,FALSE
17,37,0.79163731071409,TRUE,TRUE,TRUE,FALSE
17,38,0.787903174296368,TRUE,TRUE,TRUE,FALSE
17,39,0.806307494905791,TRUE,TRUE,TRUE,FALSE
17,40,0.803314055893475,TRUE,TRUE,TRUE,FALSE
17,41,0.831215710135933,FALSE,TRUE,TRUE,FALSE
17,42,0.790080975869321,TRUE,TRUE,TRUE,FALSE
17,43,0.785733569022256,TRUE,TRUE,TRUE,FALSE
17,44,0.811249010110775,TRUE,TRUE,TRUE,FALSE
17,45,0.799140474166792,TRUE,TRUE,TRUE,FALSE
17,46,0.804229286336266,TRUE,TRUE,TRUE,FALSE
17,47,0.803554073852739,TRUE,TRUE,TRUE,FALSE
17,48,0.793490372039156,TRUE,TRUE,TRUE,FALSE
17,49,0.792015989115012,TRUE,TRUE,TRUE,FALSE
17,50,0.807288570428237,TRUE,TRUE,TRUE,FALSE
17,51,0.786128305688489,TRUE,TRUE,TRUE,FALSE
17,52,0.797291239787806,TRUE,TRUE,TRUE,FALSE
17,53,0.796704348754963,TRUE,TRUE,TRUE,FALSE
17,54,0.794378375641619,TRUE,TRUE,TRUE,FALSE
17,55,0.808471495959512,TRUE,TRUE,TRUE,FALSE
17,56,0.816373274430761,TRUE,TRUE,TRUE,FALSE
17,57,0.786924010658871,TRUE,TRUE,TRUE,FALSE
17,58,0.802907293955774,TRUE,TRUE,TRUE,FALSE
17,59,0.801673277515576,TRUE,TRUE,TRUE,FALSE
17,60,0.819335956220918,TRUE,TRUE,TRUE,FALSE
17,61,0.808369689441811,TRUE,TRUE,TRUE,FALSE
17,62,0.795821127955548,TRUE,TRUE,TRUE,FALSE
17,63,0.79855667709503,TRUE,TRUE,TRUE,FALSE
17,64,0.793214238910958,TRUE,TRUE,TRUE,FALSE
17,65,0.8114804955678,TRUE,TRUE,TRUE,FALSE
17,66,0.800806402546188,TRUE,TRUE,TRUE,FALSE
17,67,0.799946604309109,TRUE,TRUE,TRUE,FALSE
17,68,0.776596579630398,FALSE,TRUE,TRUE,FALSE
17,69,0.782525326971768,TRUE,TRUE,TRUE,FALSE
17,70,0.787346809912972,TRUE,TRUE,TRUE,FALSE
17,71,0.780273203948428,TRUE,TRUE,TRUE,FALSE
17,72,0.789375669908696,TRUE,TRUE,TRUE,FALSE
17,73,0.811289973144768,TRUE,TRUE,TRUE,FALSE
17,74,0.80491267323689,TRUE,TRUE,TRUE,FALSE
17,75,0.796869639352384,TRUE,TRUE,TRUE,FALSE
17,76,0.790664713729703,TRUE,TRUE,TRUE,FALSE
17,77,0.820048954138876,TRUE,TRUE,TRUE,FALSE
17,78,0.80408212729529,TRUE,TRUE,TRUE,FALSE
17,79,0.80123466311578,TRUE,TRUE,TRUE,FALSE
17,80,0.801144258729132,TRUE,TRUE,TRUE,FALSE
17,81,0.817952682232327,FALSE,TRUE,TRUE,FALSE
17,82,0.772266549319786,FALSE,TRUE,TRUE,FALSE
17,83,0.794044145299603,TRUE,TRUE,TRUE,FALSE
17,84,0.801761279889031,TRUE,TRUE,TRUE,FALSE
17,85,0.814294007445331,TRUE,TRUE,TRUE,FALSE
17,86,0.797473046746362,TRUE,TRUE,TRUE,FALSE
17,87,0.804017281314811,TRUE,TRUE,TRUE,FALSE
17,88,0.793639594733735,TRUE,TRUE,TRUE,FALSE
17,89,0.797026807660415,TRUE,TRUE,TRUE,FALSE
17,90,0.80046203287799,TRUE,TRUE,TRUE,FALSE
17,91,0.80347133315852,TRUE,TRUE,TRUE,FALSE
17,92,0.793801447286384,TRUE,TRUE,TRUE,FALSE
17,93,0.783193958128753,TRUE,TRUE,TRUE,FALSE
17,94,0.818251225656888,TRUE,TRUE,TRUE,FALSE
17,95,0.79972345859126,TRUE,TRUE,TRUE,FALSE
17,96,0.808803676565225,TRUE,TRUE,TRUE,FALSE
17,97,0.795560421325806,TRUE,TRUE,TRUE,FALSE
17,98,0.825348427698518,FALSE,TRUE,TRUE,FALSE
17,99,0.812148421527509,TRUE,TRUE,TRUE,FALSE
17,100,0.800705687897742,TRUE,TRUE,TRUE,FALSE
17,101,0.806067230435862,TRUE,TRUE,TRUE,FALSE
17,102,0.799606428039103,TRUE,TRUE,TRUE,FALSE
17,103,0.813189130423963,TRUE,TRUE,TRUE,FALSE
17,104,0.78086923707128,TRUE,TRUE,TRUE,FALSE
17,105,0.795643883125789,TRUE,TRUE,TRUE,FALSE
17,106,0.816395174241287,TRUE,TRUE,TRUE,FALSE
17,107,0.787057200134011,TRUE,TRUE,TRUE,FALSE
17,108,0.779235181806649,TRUE,TRUE,TRUE,FALSE
17,109,0.803602701073053,TRUE,TRUE,TRUE,FALSE
17,110,0.783211404988889,TRUE,TRUE,TRUE,FALSE
17,111,0.797201033032438,TRUE,TRUE,TRUE,FALSE
17,112,0.805110494789596,TRUE,TRUE,TRUE,FALSE
17,113,0.830162396200931,FALSE,TRUE,TRUE,FALSE
17,114,0.811740185886526,TRUE,TRUE,TRUE,FALSE
17,115,0.811143846115352,TRUE,TRUE,TRUE,FALSE
17,116,0.781450368125389,TRUE,TRUE,TRUE,FALSE
17,117,0.797872386277618,TRUE,TRUE,TRUE,FALSE
17,118,0.797203727886343,TRUE,TRUE,TRUE,FALSE
17,119,0.809520719152919,TRUE,TRUE,TRUE,FALSE
17,120,0.789707762464408,TRUE,TRUE,TRUE,FALSE
17,121,0.813864987696091,TRUE,TRUE,TRUE,FALSE
17,122,0.791968520660112,TRUE,TRUE,TRUE,FALSE
17,123,0.786208512089328,TRUE,TRUE,TRUE,FALSE
17,124,0.795417431697608,TRUE,TRUE,TRUE,FALSE
17,125,0.7982766248837,TRUE,TRUE,TRUE,FALSE
17,126,0.786132066359233,TRUE,TRUE,TRUE,FALSE
17,127,0.781520406473812,TRUE,TRUE,TRUE,FALSE
17,128,0.811001860491294,TRUE,TRUE,TRUE,FALSE
17,129,0.808774810162198,TRUE,TRUE,TRUE,FALSE
17,130,0.79417393501959,TRUE,TRUE,TRUE,FALSE
17,131,0.800830112257095,TRUE,TRUE,TRUE,FALSE
17,132,0.816367548912959,TRUE,TRUE,TRUE,FALSE
17,133,0.798558001588666,TRUE,TRUE,TRUE,FALSE
17,134,0.816901150363184,TRUE,TRUE,TRUE,FALSE
17,135,0.789628698099612,TRUE,TRUE,TRUE,FALSE
17,136,0.810928960345814,TRUE,TRUE,TRUE,FALSE
17,137,0.792549378869494,TRUE,TRUE,TRUE,FALSE
17,138,0.788267681342288,TRUE,TRUE,TRUE,FALSE
17,139,0.804102306774777,TRUE,TRUE,TRUE,FALSE
17,140,0.796016041587965,TRUE,TRUE,TRUE,FALSE
17,141,0.803062777233639,TRUE,TRUE,TRUE,FALSE
17,142,0.789476004647541,TRUE,TRUE,TRUE,FALSE
17,143,0.796329678466062,TRUE,TRUE,TRUE,FALSE
17,144,0.806573553424831,TRUE,TRUE,TRUE,FALSE
17,145,0.783342011711905,TRUE,TRUE,TRUE,FALSE
17,146,0.798672865462044,TRUE,TRUE,TRUE,FALSE
17,147,0.790806862558671,TRUE,TRUE,TRUE,FALSE
17,148,0.817289405804314,FALSE,TRUE,TRUE,FALSE
17,149,0.78531846321363,TRUE,TRUE,TRUE,FALSE
17,150,0.796228028820569,TRUE,TRUE,TRUE,FALSE
17,151,0.793630296701166,TRUE,TRUE,TRUE,FALSE
17,152,0.800758111975654,TRUE,TRUE,TRUE,FALSE
17,153,0.8028178101831,TRUE,TRUE,TRUE,FALSE
17,154,0.800020031407995,TRUE,TRUE,TRUE,FALSE
17,155,0.773796635648073,FALSE,TRUE,TRUE,FALSE
17,156,0.81778089176701,TRUE,TRUE,TRUE,FALSE
17,157,0.788120853316265,TRUE,TRUE,TRUE,FALSE
17,158,0.805413708942585,TRUE,TRUE,TRUE,FALSE
17,159,0.798144943427137,TRUE,TRUE,TRUE,FALSE
17,160,0.812657561420476,TRUE,TRUE,TRUE,FALSE
17,161,0.801521644841764,TRUE,TRUE,TRUE,FALSE
17,162,0.787478615442746,TRUE,TRUE,TRUE,FALSE
17,163,0.80468695822751,TRUE,TRUE,TRUE,FALSE
17,164,0.795855365979424,TRUE,TRUE,TRUE,FALSE
17,165,0.815908593732722,TRUE,TRUE,TRUE,FALSE
17,166,0.805877418464168,TRUE,TRUE,TRUE,FALSE
17,167,0.791678573244985,TRUE,TRUE,TRUE,FALSE
17,168,0.774882768549568,FALSE,TRUE,TRUE,FALSE
17,169,0.778381767460687,FALSE,TRUE,TRUE,FALSE
17,170,0.806200470063335,TRUE,TRUE,TRUE,FALSE
17,171,0.820616679505328,TRUE,TRUE,TRUE,FALSE
17,172,0.790902753177646,TRUE,TRUE,TRUE,FALSE
17,173,0.798434987726376,TRUE,TRUE,TRUE,FALSE
17,174,0.832624176869142,FALSE,TRUE,TRUE,FALSE
17,175,0.792671375341475,TRUE,TRUE,TRUE,FALSE
17,176,0.801829886616944,TRUE,TRUE,TRUE,FALSE
17,177,0.779149949328246,TRUE,TRUE,TRUE,FALSE
17,178,0.803703619705451,TRUE,TRUE,TRUE,FALSE
17,179,0.821314602096912,TRUE,TRUE,TRUE,FALSE
17,180,0.79405214815243,TRUE,TRUE,TRUE,FALSE
17,181,0.810249772614987,TRUE,TRUE,TRUE,FALSE
17,182,0.799855125888765,TRUE,TRUE,TRUE,FALSE
17,183,0.780453268816485,FALSE,TRUE,TRUE,FALSE
17,184,0.802428789450825,TRUE,TRUE,TRUE,FALSE
17,185,0.818177910559062,TRUE,TRUE,TRUE,FALSE
17,186,0.802045691281953,TRUE,TRUE,TRUE,FALSE
17,187,0.785697430808724,TRUE,TRUE,TRUE,FALSE
17,188,0.800778366443454,TRUE,TRUE,TRUE,FALSE
17,189,0.808522857580168,TRUE,TRUE,TRUE,FALSE
17,190,0.801734180416902,TRUE,TRUE,TRUE,FALSE
17,191,0.826652785599649,FALSE,TRUE,TRUE,FALSE
17,192,0.814332908621849,TRUE,TRUE,TRUE,FALSE
17,193,0.785702395459218,TRUE,TRUE,TRUE,FALSE
17,194,0.795279257899403,TRUE,TRUE,TRUE,FALSE
17,195,0.789578680161112,TRUE,TRUE,TRUE,FALSE
17,196,0.813660954140489,TRUE,TRUE,TRUE,FALSE
17,197,0.797462847535416,TRUE,TRUE,TRUE,FALSE
17,198,0.805334227284315,TRUE,TRUE,TRUE,FALSE
17,199,0.804143821384505,TRUE,TRUE,TRUE,FALSE
17,200,0.801250583526067,TRUE,TRUE,TRUE,FALSE
17,201,0.790457037626242,TRUE,TRUE,TRUE,FALSE
17,202,0.796956241912487,TRUE,TRUE,TRUE,FALSE
17,203,0.810755159128272,TRUE,TRUE,TRUE,FALSE
17,204,0.780020260597657,FALSE,TRUE,TRUE,FALSE
17,205,0.798284869689358,TRUE,TRUE,TRUE,FALSE
17,206,0.813212086769085,TRUE,TRUE,TRUE,FALSE
17,207,0.797500432537468,TRUE,TRUE,TRUE,FALSE
17,208,0.802430949930727,TRUE,TRUE,TRUE,FALSE
17,209,0.804090493786917,TRUE,TRUE,TRUE,FALSE
17,210,0.805705596541053,TRUE,TRUE,TRUE,FALSE
17,211,0.810465146532828,TRUE,TRUE,TRUE,FALSE
17,212,0.80291113195179,TRUE,TRUE,TRUE,FALSE
17,213,0.808968092263132,TRUE,TRUE,TRUE,FALSE
17,214,0.819664163886449,TRUE,TRUE,TRUE,FALSE
17,215,0.800786817978882,TRUE,TRUE,TRUE,FALSE
17,216,0.786605706144816,TRUE,TRUE,TRUE,FALSE
17,217,0.805425254160305,TRUE,TRUE,TRUE,FALSE
17,218,0.814912612065954,TRUE,TRUE,TRUE,FALSE
17,219,0.804497887997004,TRUE,TRUE,TRUE,FALSE
17,220,0.800035315737128,TRUE,TRUE,TRUE,FALSE
17,221,0.816172297721303,TRUE,TRUE,TRUE,FALSE
17,222,0.819465756574568,TRUE,TRUE,TRUE,FALSE
17,223,0.799428544406507,TRUE,TRUE,TRUE,FALSE
17,224,0.816035490563019,TRUE,TRUE,TRUE,FALSE
17,225,0.794197206564494,TRUE,TRUE,TRUE,FALSE
17,226,0.772986574171071,FALSE,TRUE,TRUE,FALSE
17,227,0.775219784145962,FALSE,TRUE,TRUE,FALSE
17,228,0.795649891962215,TRUE,TRUE,TRUE,FALSE
17,229,0.793869860987287,TRUE,TRUE,TRUE,FALSE
17,230,0.812472975383129,TRUE,TRUE,TRUE,FALSE
17,231,0.794355938555981,TRUE,TRUE,TRUE,FALSE
17,232,0.811220988931592,TRUE,TRUE,TRUE,FALSE
17,233,0.811162711804329,TRUE,TRUE,TRUE,FALSE
17,234,0.807616082193711,TRUE,TRUE,TRUE,FALSE
17,235,0.795410170931581,TRUE,TRUE,TRUE,FALSE
17,236,0.798754782237686,TRUE,TRUE,TRUE,FALSE
17,237,0.792661716928183,TRUE,TRUE,TRUE,FALSE
17,238,0.820726153678681,FALSE,TRUE,TRUE,FALSE
17,239,0.798556250077668,TRUE,TRUE,TRUE,FALSE
17,240,0.805358057165595,TRUE,TRUE,TRUE,FALSE
17,241,0.819073763895672,TRUE,TRUE,TRUE,FALSE
17,242,0.803475768511181,TRUE,TRUE,TRUE,FALSE
17,243,0.812161007613766,TRUE,TRUE,TRUE,FALSE
17,244,0.791755711027732,TRUE,TRUE,TRUE,FALSE
17,245,0.800788408907373,TRUE,TRUE,TRUE,FALSE
17,246,0.793368725560575,TRUE,TRUE,TRUE,FALSE
17,247,0.770785192937193,FALSE,TRUE,TRUE,FALSE
17,248,0.799451663057483,TRUE,TRUE,TRUE,FALSE
17,249,0.797997366733377,TRUE,TRUE,TRUE,FALSE
17,250,0.799987794413042,TRUE,TRUE,TRUE,FALSE
17,251,0.816974112431535,TRUE,TRUE,TRUE,FALSE
17,252,0.797446618676124,TRUE,TRUE,TRUE,FALSE
17,253,0.799376838210648,TRUE,TRUE,TRUE,FALSE
17,254,0.802382499665482,TRUE,TRUE,TRUE,FALSE
17,255,0.795031593787194,TRUE,TRUE,TRUE,FALSE
17,256,0.797145573141353,TRUE,TRUE,TRUE,FALSE
17,257,0.794305668969777,TRUE,TRUE,TRUE,FALSE
17,258,0.802481555523891,TRUE,TRUE,TRUE,FALSE
17,259,0.814731370178449,TRUE,TRUE,TRUE,FALSE
17,260,0.798564766776251,TRUE,TRUE,TRUE,FALSE
17,261,0.802441457133367,TRUE,TRUE,TRUE,FALSE
17,262,0.797537195111534,TRUE,TRUE,TRUE,FALSE
17,263,0.804149161005138,TRUE,TRUE,TRUE,FALSE
17,264,0.797950729007404,TRUE,TRUE,TRUE,FALSE
17,265,0.812771868613719,TRUE,TRUE,TRUE,FALSE
17,266,0.785808696590134,TRUE,TRUE,TRUE,FALSE
17,267,0.795323674233459,TRUE,TRUE,TRUE,FALSE
17,268,0.798761047057618,TRUE,TRUE,TRUE,FALSE
17,269,0.808699127264494,TRUE,TRUE,TRUE,FALSE
17,270,0.789139857172788,TRUE,TRUE,TRUE,FALSE
17,271,0.808198400952526,TRUE,TRUE,TRUE,FALSE
17,272,0.790633332487694,TRUE,TRUE,TRUE,FALSE
17,273,0.790732576668272,TRUE,TRUE,TRUE,FALSE
17,274,0.794358340789467,TRUE,TRUE,TRUE,FALSE
17,275,0.823713483650048,TRUE,TRUE,TRUE,FALSE
17,276,0.813737441267861,TRUE,TRUE,TRUE,FALSE
17,277,0.799629381913324,TRUE,TRUE,TRUE,FALSE
17,278,0.79130504095689,TRUE,TRUE,TRUE,FALSE
17,279,0.804495319089241,TRUE,TRUE,TRUE,FALSE
17,280,0.809689893850549,TRUE,TRUE,TRUE,FALSE
17,281,0.791694160592316,TRUE,TRUE,TRUE,FALSE
17,282,0.79602774372371,TRUE,TRUE,TRUE,FALSE
17,283,0.786059919012223,TRUE,TRUE,TRUE,FALSE
17,284,0.805828755488859,TRUE,TRUE,TRUE,FALSE
17,285,0.803588313881165,TRUE,TRUE,TRUE,FALSE
17,286,0.80313474813248,TRUE,TRUE,TRUE,FALSE
17,287,0.804648516647308,TRUE,TRUE,TRUE,FALSE
17,288,0.779359758771734,FALSE,TRUE,TRUE,FALSE
17,289,0.815694879494426,TRUE,TRUE,TRUE,FALSE
17,290,0.794061240722203,TRUE,TRUE,TRUE,FALSE
17,291,0.795577166245925,TRUE,TRUE,TRUE,FALSE
17,292,0.817918235907787,TRUE,TRUE,TRUE,FALSE
17,293,0.794881903400029,TRUE,TRUE,TRUE,FALSE
17,294,0.797299288307426,TRUE,TRUE,TRUE,FALSE
17,295,0.813021203134481,TRUE,TRUE,TRUE,FALSE
17,296,0.798867436836391,TRUE,TRUE,TRUE,FALSE
17,297,0.799919060847641,TRUE,TRUE,TRUE,FALSE
17,298,0.812462334942582,TRUE,TRUE,TRUE,FALSE
17,299,0.822943072855746,FALSE,TRUE,TRUE,FALSE
17,300,0.785467247145697,TRUE,TRUE,TRUE,FALSE
17,301,0.78790134355203,TRUE,TRUE,TRUE,FALSE
17,302,0.80782838153853,TRUE,TRUE,TRUE,FALSE
17,303,0.786131992021816,TRUE,TRUE,TRUE,FALSE
17,304,0.79063404644339,TRUE,TRUE,TRUE,FALSE
17,305,0.810839276716653,TRUE,TRUE,TRUE,FALSE
17,306,0.815089079256686,TRUE,TRUE,TRUE,FALSE
17,307,0.806605183297392,TRUE,TRUE,TRUE,FALSE
17,308,0.7782982727056,FALSE,TRUE,TRUE,FALSE
17,309,0.781576046757261,TRUE,TRUE,TRUE,FALSE
17,310,0.818146601403712,TRUE,TRUE,TRUE,FALSE
17,311,0.816416245904246,TRUE,TRUE,TRUE,FALSE
17,312,0.811175252775191,TRUE,TRUE,TRUE,FALSE
17,313,0.80862584427731,TRUE,TRUE,TRUE,FALSE
17,314,0.791764926451051,TRUE,TRUE,TRUE,FALSE
17,315,0.796485989088692,TRUE,TRUE,TRUE,FALSE
17,316,0.788840444361495,TRUE,TRUE,TRUE,FALSE
17,317,0.817554686286512,TRUE,TRUE,TRUE,FALSE
17,318,0.809465543303035,TRUE,TRUE,TRUE,FALSE
17,319,0.816247015101353,TRUE,TRUE,TRUE,FALSE
17,320,0.804344462579162,TRUE,TRUE,TRUE,FALSE
17,321,0.779362716369825,TRUE,TRUE,TRUE,FALSE
17,322,0.790969440371341,TRUE,TRUE,TRUE,FALSE
17,323,0.807364653769139,TRUE,TRUE,TRUE,FALSE
17,324,0.783606392947381,TRUE,TRUE,TRUE,FALSE
17,325,0.794644482802816,TRUE,TRUE,TRUE,FALSE
17,326,0.790334997855957,TRUE,TRUE,TRUE,FALSE
17,327,0.807694505291611,TRUE,TRUE,TRUE,FALSE
17,328,0.803108414130243,TRUE,TRUE,TRUE,FALSE
17,329,0.786732716109105,TRUE,TRUE,TRUE,FALSE
17,330,0.798890071902884,TRUE,TRUE,TRUE,FALSE
17,331,0.797087450694161,TRUE,TRUE,TRUE,FALSE
17,332,0.78337131773563,TRUE,TRUE,TRUE,FALSE
17,333,0.782903902479789,TRUE,TRUE,TRUE,FALSE
17,334,0.799932199592399,TRUE,TRUE,TRUE,FALSE
17,335,0.802030186829145,TRUE,TRUE,TRUE,FALSE
17,336,0.805090123956735,TRUE,TRUE,TRUE,FALSE
17,337,0.803277007139566,TRUE,TRUE,TRUE,FALSE
17,338,0.797385473488868,TRUE,TRUE,TRUE,FALSE
17,339,0.815065781671064,TRUE,TRUE,TRUE,FALSE
17,340,0.812556551998386,TRUE,TRUE,TRUE,FALSE
17,341,0.796202436811643,TRUE,TRUE,TRUE,FALSE
17,342,0.791993067800943,TRUE,TRUE,TRUE,FALSE
17,343,0.810997624874631,TRUE,TRUE,TRUE,FALSE
17,344,0.798193717799203,TRUE,TRUE,TRUE,FALSE
17,345,0.786288452173844,TRUE,TRUE,TRUE,FALSE
17,346,0.779946510381664,TRUE,TRUE,TRUE,FALSE
17,347,0.812658559913631,TRUE,TRUE,TRUE,FALSE
17,348,0.777398122467679,TRUE,TRUE,TRUE,FALSE
17,349,0.800804410314182,TRUE,TRUE,TRUE,FALSE
17,350,0.800476160048529,TRUE,TRUE,TRUE,FALSE
17,351,0.780168439712321,FALSE,TRUE,TRUE,FALSE
17,352,0.800154770129272,TRUE,TRUE,TRUE,FALSE
17,353,0.789655059569574,TRUE,TRUE,TRUE,FALSE
17,354,0.78385552021653,TRUE,TRUE,TRUE,FALSE
17,355,0.798879896966624,TRUE,TRUE,TRUE,FALSE
17,356,0.807422132669657,TRUE,TRUE,TRUE,FALSE
17,357,0.823858648518174,FALSE,TRUE,TRUE,FALSE
17,358,0.826356894336807,FALSE,TRUE,TRUE,FALSE
17,359,0.811600297609257,TRUE,TRUE,TRUE,FALSE
17,360,0.811909969073888,TRUE,TRUE,TRUE,FALSE
17,361,0.795511726271946,TRUE,TRUE,TRUE,FALSE
17,362,0.782820686673815,TRUE,TRUE,TRUE,FALSE
17,363,0.80070665405495,TRUE,TRUE,TRUE,FALSE
17,364,0.793493428695106,TRUE,TRUE,TRUE,FALSE
17,365,0.816281933650667,TRUE,TRUE,TRUE,FALSE
17,366,0.790362763061366,TRUE,TRUE,TRUE,FALSE
17,367,0.799281532552823,TRUE,TRUE,TRUE,FALSE
17,368,0.801112293950298,TRUE,TRUE,TRUE,FALSE
17,369,0.818359895358538,TRUE,TRUE,TRUE,FALSE
17,370,0.785491240144448,TRUE,TRUE,TRUE,FALSE
17,371,0.788476313559105,TRUE,TRUE,TRUE,FALSE
17,372,0.813782904198494,TRUE,TRUE,TRUE,FALSE
17,373,0.796248322605662,TRUE,TRUE,TRUE,FALSE
17,374,0.80448611615995,TRUE,TRUE,TRUE,FALSE
17,375,0.815090023706014,TRUE,TRUE,TRUE,FALSE
17,376,0.795318094094955,TRUE,TRUE,TRUE,FALSE
17,377,0.802455720734097,TRUE,TRUE,TRUE,FALSE
17,378,0.798309827396507,TRUE,TRUE,TRUE,FALSE
17,379,0.802153359551007,TRUE,TRUE,TRUE,FALSE
17,380,0.804120956463616,TRUE,TRUE,TRUE,FALSE
17,381,0.78198850079571,TRUE,TRUE,TRUE,FALSE
17,382,0.800270735726897,TRUE,TRUE,TRUE,FALSE
17,383,0.792566505129165,TRUE,TRUE,TRUE,FALSE
17,384,0.794516496398695,TRUE,TRUE,TRUE,FALSE
17,385,0.806774622878956,TRUE,TRUE,TRUE,FALSE
17,386,0.801430053578395,TRUE,TRUE,TRUE,FALSE
17,387,0.772485189118296,FALSE,TRUE,TRUE,FALSE
17,388,0.794429350757651,TRUE,TRUE,TRUE,FALSE
17,389,0.817851095039105,TRUE,TRUE,TRUE,FALSE
17,390,0.779332713310117,FALSE,TRUE,TRUE,FALSE
17,391,0.787660863642954,TRUE,TRUE,TRUE,FALSE
17,392,0.810587044043977,TRUE,TRUE,TRUE,FALSE
17,393,0.81580050783454,TRUE,TRUE,TRUE,FALSE
17,394,0.796457743934964,TRUE,TRUE,TRUE,FALSE
17,395,0.804862810640292,TRUE,TRUE,TRUE,FALSE
17,396,0.796569353826833,TRUE,TRUE,TRUE,FALSE
17,397,0.813838148959088,TRUE,TRUE,TRUE,FALSE
17,398,0.800090813433164,TRUE,TRUE,TRUE,FALSE
17,399,0.817086121183949,TRUE,TRUE,TRUE,FALSE
17,400,0.810044822184647,TRUE,TRUE,TRUE,FALSE
17,401,0.79112950071594,TRUE,TRUE,TRUE,FALSE
17,402,0.817466482517069,TRUE,TRUE,TRUE,FALSE
17,403,0.804686722422821,TRUE,TRUE,TRUE,FALSE
17,404,0.8027288619782,TRUE,TRUE,TRUE,FALSE
17,405,0.804757681398464,TRUE,TRUE,TRUE,FALSE
17,406,0.785052692762772,TRUE,TRUE,TRUE,FALSE
17,407,0.804188981648022,TRUE,TRUE,TRUE,FALSE
17,408,0.809715959942699,TRUE,TRUE,TRUE,FALSE
17,409,0.800178170010069,TRUE,TRUE,TRUE,FALSE
17,410,0.801374090925718,TRUE,TRUE,TRUE,FALSE
17,411,0.785996313582905,TRUE,TRUE,TRUE,FALSE
17,412,0.796618125829081,TRUE,TRUE,TRUE,FALSE
17,413,0.8081081026926,TRUE,TRUE,TRUE,FALSE
17,414,0.801196412370056,TRUE,TRUE,TRUE,FALSE
17,415,0.798104585827736,TRUE,TRUE,TRUE,FALSE
17,416,0.777774613579417,TRUE,TRUE,TRUE,FALSE
17,417,0.785735631127591,TRUE,TRUE,TRUE,FALSE
17,418,0.813486565636414,TRUE,TRUE,TRUE,FALSE
17,419,0.796711845874007,TRUE,TRUE,TRUE,FALSE
17,420,0.810442486362799,TRUE,TRUE,TRUE,FALSE
17,421,0.79327691299181,TRUE,TRUE,TRUE,FALSE
17,422,0.819286685830313,FALSE,TRUE,TRUE,FALSE
17,423,0.806651013077566,TRUE,TRUE,TRUE,FALSE
17,424,0.799143772362729,TRUE,TRUE,TRUE,FALSE
17,425,0.810523308646535,TRUE,TRUE,TRUE,FALSE
17,426,0.795163511816256,TRUE,TRUE,TRUE,FALSE
17,427,0.811634347554112,TRUE,TRUE,TRUE,FALSE
17,428,0.815309028871828,TRUE,TRUE,TRUE,FALSE
17,429,0.805024108609136,TRUE,TRUE,TRUE,FALSE
17,430,0.805048350084996,TRUE,TRUE,TRUE,FALSE
17,431,0.805080982375635,TRUE,TRUE,TRUE,FALSE
17,432,0.772984822517119,FALSE,TRUE,TRUE,FALSE
17,433,0.823057913426605,TRUE,TRUE,TRUE,FALSE
17,434,0.789445567648622,TRUE,TRUE,TRUE,FALSE
17,435,0.789854797051136,TRUE,TRUE,TRUE,FALSE
17,436,0.792417537663171,TRUE,TRUE,TRUE,FALSE
17,437,0.811419728951783,TRUE,TRUE,TRUE,FALSE
17,438,0.78950092314408,TRUE,TRUE,TRUE,FALSE
17,439,0.803468312598192,TRUE,TRUE,TRUE,FALSE
17,440,0.792851329988903,TRUE,TRUE,TRUE,FALSE
17,441,0.787518669530579,TRUE,TRUE,TRUE,FALSE
17,442,0.805382781805629,TRUE,TRUE,TRUE,FALSE
17,443,0.809689386424498,TRUE,TRUE,TRUE,FALSE
17,444,0.800598985313329,TRUE,TRUE,TRUE,FALSE
17,445,0.806376823803649,TRUE,TRUE,TRUE,FALSE
17,446,0.796569032737744,TRUE,TRUE,TRUE,FALSE
17,447,0.803387097879816,TRUE,TRUE,TRUE,FALSE
17,448,0.789941433304394,TRUE,TRUE,TRUE,FALSE
17,449,0.816155100404246,TRUE,TRUE,TRUE,FALSE
17,450,0.802823359008645,TRUE,TRUE,TRUE,FALSE
17,451,0.815052841255309,TRUE,TRUE,TRUE,FALSE
17,452,0.814554619908957,TRUE,TRUE,TRUE,FALSE
17,453,0.800874494581333,TRUE,TRUE,TRUE,FALSE
17,454,0.808953820847574,TRUE,TRUE,TRUE,FALSE
17,455,0.799105674243581,TRUE,TRUE,TRUE,FALSE
17,456,0.810060796992958,TRUE,TRUE,TRUE,FALSE
17,457,0.80244785314254,TRUE,TRUE,TRUE,FALSE
17,458,0.792622016843301,TRUE,TRUE,TRUE,FALSE
17,459,0.800616832350777,TRUE,TRUE,TRUE,FALSE
17,460,0.779837721786826,TRUE,TRUE,TRUE,FALSE
17,461,0.799814691286574,TRUE,TRUE,TRUE,FALSE
17,462,0.79252204932005,TRUE,TRUE,TRUE,FALSE
17,463,0.802685183305503,TRUE,TRUE,TRUE,FALSE
17,464,0.814067751147678,TRUE,TRUE,TRUE,FALSE
17,465,0.779346194113288,TRUE,TRUE,TRUE,FALSE
17,466,0.795831327283278,TRUE,TRUE,TRUE,FALSE
17,467,0.798506951723511,TRUE,TRUE,TRUE,FALSE
17,468,0.78843893135611,TRUE,TRUE,TRUE,FALSE
17,469,0.802939910757099,TRUE,TRUE,TRUE,TRUE
17,470,0.816903880733865,TRUE,TRUE,TRUE,FALSE
17,471,0.784951159164098,TRUE,TRUE,TRUE,FALSE
17,472,0.807487877109933,TRUE,TRUE,TRUE,FALSE
17,473,0.792198198318286,TRUE,TRUE,TRUE,FALSE
17,474,0.78878302766165,TRUE,TRUE,TRUE,FALSE
17,475,0.811691308257811,TRUE,TRUE,TRUE,FALSE
17,476,0.790863395009351,TRUE,TRUE,TRUE,FALSE
17,477,0.796716527009142,TRUE,TRUE,TRUE,FALSE
17,478,0.794885333410462,TRUE,TRUE,TRUE,FALSE
17,479,0.786364381980173,TRUE,TRUE,TRUE,FALSE
17,480,0.796220486517486,TRUE,TRUE,TRUE,FALSE
17,481,0.815890329722124,TRUE,TRUE,TRUE,FALSE
17,482,0.795900919927113,TRUE,TRUE,TRUE,FALSE
17,483,0.806540347842912,TRUE,TRUE,TRUE,FALSE
17,484,0.804876225956331,TRUE,TRUE,TRUE,FALSE
17,485,0.80106938419206,TRUE,TRUE,TRUE,FALSE
17,486,0.813497716908991,TRUE,TRUE,TRUE,FALSE
17,487,0.783307912113382,TRUE,TRUE,TRUE,FALSE
17,488,0.794029280416361,TRUE,TRUE,TRUE,FALSE
17,489,0.787889332948821,TRUE,TRUE,TRUE,FALSE
17,490,0.788812644270264,TRUE,TRUE,TRUE,FALSE
17,491,0.799210454832649,TRUE,TRUE,TRUE,FALSE
17,492,0.817333081366292,TRUE,TRUE,TRUE,FALSE
17,493,0.8025737521814,TRUE,TRUE,TRUE,FALSE
17,494,0.800489328822698,TRUE,TRUE,TRUE,FALSE
17,495,0.794208705351526,TRUE,TRUE,TRUE,FALSE
17,496,0.796347655537133,TRUE,TRUE,TRUE,FALSE
17,497,0.789524642223771,TRUE,TRUE,TRUE,FALSE
17,498,0.780761533297673,TRUE,TRUE,TRUE,FALSE
17,499,0.814863141883116,TRUE,TRUE,TRUE,FALSE
17,500,0.790955685172061,TRUE,TRUE,TRUE,FALSE
17,501,0.804324812075056,TRUE,TRUE,TRUE,FALSE
17,502,0.798380627618634,TRUE,TRUE,TRUE,FALSE
17,503,0.80836620376196,TRUE,TRUE,TRUE,FALSE
17,504,0.801844713100451,TRUE,TRUE,TRUE,FALSE
17,505,0.789469146943408,TRUE,TRUE,TRUE,FALSE
17,506,0.79594483209409,TRUE,TRUE,TRUE,FALSE
17,507,0.785092094893999,TRUE,TRUE,TRUE,FALSE
17,508,0.794617212931244,TRUE,TRUE,TRUE,FALSE
17,509,0.787629731086275,TRUE,TRUE,TRUE,FALSE
17,510,0.797975097249004,TRUE,TRUE,TRUE,FALSE
17,511,0.795389835845782,TRUE,TRUE,TRUE,FALSE
17,512,0.805530932214856,TRUE,TRUE,TRUE,FALSE
17,513,0.796267005870166,TRUE,TRUE,TRUE,FALSE
17,514,0.788255452739441,TRUE,TRUE,TRUE,FALSE
17,515,0.783119846512927,TRUE,TRUE,TRUE,FALSE
17,516,0.786613504819003,TRUE,TRUE,TRUE,FALSE
17,517,0.779969114047764,TRUE,TRUE,TRUE,FALSE
17,518,0.798325740014187,TRUE,TRUE,TRUE,FALSE
17,519,0.805325506745312,TRUE,TRUE,TRUE,FALSE
17,520,0.792765134210593,TRUE,TRUE,TRUE,FALSE
17,521,0.809359671861145,TRUE,TRUE,TRUE,FALSE
17,522,0.808411274917567,TRUE,TRUE,TRUE,FALSE
17,523,0.779014605822359,TRUE,TRUE,TRUE,FALSE
17,524,0.805426031013669,TRUE,TRUE,TRUE,FALSE
17,525,0.793718415404521,TRUE,TRUE,TRUE,FALSE
17,526,0.821297204521051,TRUE,TRUE,TRUE,FALSE
17,527,0.805610014687565,TRUE,TRUE,TRUE,FALSE
17,528,0.793354039763416,TRUE,TRUE,TRUE,FALSE
17,529,0.806727043586832,TRUE,TRUE,TRUE,FALSE
17,530,0.794633577782985,TRUE,TRUE,TRUE,FALSE
17,531,0.798415737712952,TRUE,TRUE,TRUE,FALSE
17,532,0.787796973714117,TRUE,TRUE,TRUE,FALSE
17,533,0.820383613529883,TRUE,TRUE,TRUE,FALSE
17,534,0.802059264361181,TRUE,TRUE,TRUE,FALSE
17,535,0.807298472816601,TRUE,TRUE,TRUE,FALSE
17,536,0.80047456353108,TRUE,TRUE,TRUE,FALSE
17,537,0.790364041155438,TRUE,TRUE,TRUE,FALSE
17,538,0.810231677664445,TRUE,TRUE,TRUE,FALSE
17,539,0.798407646239945,TRUE,TRUE,TRUE,FALSE
17,540,0.797513550924528,TRUE,TRUE,TRUE,FALSE
17,541,0.805885198886022,TRUE,TRUE,TRUE,FALSE
17,542,0.800011019604523,TRUE,TRUE,TRUE,FALSE
17,543,0.790065642230602,TRUE,TRUE,TRUE,FALSE
17,544,0.789808096138301,TRUE,TRUE,TRUE,FALSE
17,545,0.802526764728986,TRUE,TRUE,TRUE,FALSE
17,546,0.794735216835495,TRUE,TRUE,TRUE,FALSE
17,547,0.812784181583279,TRUE,TRUE,TRUE,FALSE
17,548,0.789012302881025,TRUE,TRUE,TRUE,FALSE
17,549,0.813775591057449,TRUE,TRUE,TRUE,FALSE
17,550,0.813648140027256,TRUE,TRUE,TRUE,FALSE
17,551,0.784440248748791,TRUE,TRUE,TRUE,FALSE
17,552,0.787410117451349,TRUE,TRUE,TRUE,FALSE
17,553,0.786835926453116,TRUE,TRUE,TRUE,FALSE
17,554,0.800923893946382,TRUE,TRUE,TRUE,FALSE
17,555,0.803940538453561,TRUE,TRUE,TRUE,FALSE
17,556,0.817956896032979,TRUE,TRUE,TRUE,FALSE
17,557,0.804022541023672,TRUE,TRUE,TRUE,FALSE
17,558,0.81176301859557,TRUE,TRUE,TRUE,FALSE
17,559,0.797081305903641,TRUE,TRUE,TRUE,FALSE
17,560,0.790729925122735,TRUE,TRUE,TRUE,FALSE
17,561,0.808818884417104,TRUE,TRUE,TRUE,FALSE
17,562,0.789080374746572,TRUE,TRUE,TRUE,FALSE
17,563,0.783896093258002,TRUE,TRUE,TRUE,FALSE
17,564,0.790011255824707,TRUE,TRUE,TRUE,FALSE
17,565,0.778817235363417,TRUE,TRUE,TRUE,FALSE
17,566,0.779114309790505,FALSE,TRUE,TRUE,FALSE
17,567,0.809613458005105,TRUE,TRUE,TRUE,FALSE
17,568,0.804719605000931,TRUE,TRUE,TRUE,FALSE
17,569,0.824528085302324,FALSE,TRUE,TRUE,FALSE
17,570,0.808789890170453,TRUE,TRUE,TRUE,FALSE
17,571,0.82598843790161,FALSE,TRUE,TRUE,FALSE
17,572,0.812713901516952,TRUE,TRUE,TRUE,FALSE
17,573,0.797743500435826,TRUE,TRUE,TRUE,FALSE
17,574,0.807251320403187,TRUE,TRUE,TRUE,FALSE
17,575,0.810873271972294,TRUE,TRUE,TRUE,FALSE
17,576,0.790312260860082,TRUE,TRUE,TRUE,FALSE
17,577,0.778121398811717,TRUE,TRUE,TRUE,FALSE
17,578,0.786445844170758,TRUE,TRUE,TRUE,FALSE
17,579,0.80972020371718,TRUE,TRUE,TRUE,FALSE
17,580,0.813238724729741,TRUE,TRUE,TRUE,FALSE
17,581,0.804000584200311,TRUE,TRUE,TRUE,FALSE
17,582,0.795731193839788,TRUE,TRUE,TRUE,FALSE
17,583,0.814889015037907,TRUE,TRUE,TRUE,FALSE
17,584,0.805107189665552,TRUE,TRUE,TRUE,FALSE
17,585,0.797077588548389,TRUE,TRUE,TRUE,FALSE
17,586,0.813436801100624,TRUE,TRUE,TRUE,FALSE
17,587,0.81159391229504,TRUE,TRUE,TRUE,FALSE
17,588,0.794168991863235,TRUE,TRUE,TRUE,FALSE
17,589,0.809168223670353,TRUE,TRUE,TRUE,FALSE
17,590,0.787220020187626,TRUE,TRUE,TRUE,FALSE
17,591,0.805659340332592,TRUE,TRUE,TRUE,FALSE
17,592,0.785768249283624,TRUE,TRUE,TRUE,FALSE
17,593,0.813339729367131,TRUE,TRUE,TRUE,FALSE
17,594,0.797842405407125,TRUE,TRUE,TRUE,FALSE
17,595,0.794204514315735,TRUE,TRUE,TRUE,FALSE
17,596,0.794566178502642,TRUE,TRUE,TRUE,FALSE
17,597,0.803937874472902,TRUE,TRUE,TRUE,FALSE
17,598,0.790819092197667,TRUE,TRUE,TRUE,FALSE
17,599,0.797191691514079,TRUE,TRUE,TRUE,FALSE
17,600,0.804194410957852,TRUE,TRUE,TRUE,FALSE
17,601,0.792477130814196,TRUE,TRUE,TRUE,FALSE
17,602,0.784189562699558,TRUE,TRUE,TRUE,FALSE
17,603,0.799645126197484,TRUE,TRUE,TRUE,FALSE
17,604,0.805612138191018,TRUE,TRUE,TRUE,FALSE
17,605,0.79956789787658,TRUE,TRUE,TRUE,FALSE
17,606,0.800589652232862,TRUE,TRUE,TRUE,FALSE
17,607,0.812997494129999,TRUE,TRUE,TRUE,FALSE
17,608,0.80335980308616,TRUE,TRUE,TRUE,FALSE
17,609,0.788391814384154,TRUE,TRUE,TRUE,FALSE
17,610,0.784867736173799,TRUE,TRUE,TRUE,FALSE
17,611,0.799396460686177,TRUE,TRUE,TRUE,FALSE
17,612,0.799375629839787,TRUE,TRUE,TRUE,FALSE
17,613,0.803795944336804,TRUE,TRUE,TRUE,FALSE
17,614,0.805853731484377,TRUE,TRUE,TRUE,FALSE
17,615,0.79147691821742,TRUE,TRUE,TRUE,FALSE
17,616,0.786116437890575,TRUE,TRUE,TRUE,FALSE
17,617,0.802144759947511,TRUE,TRUE,TRUE,FALSE
17,618,0.814856793875227,TRUE,TRUE,TRUE,FALSE
17,619,0.819376915321287,TRUE,TRUE,TRUE,FALSE
17,620,0.798235977715738,TRUE,TRUE,TRUE,FALSE
17,621,0.809660407405312,TRUE,TRUE,TRUE,FALSE
17,622,0.805016842380474,TRUE,TRUE,TRUE,FALSE
17,623,0.793251907413269,TRUE,TRUE,TRUE,FALSE
17,624,0.809858049132412,TRUE,TRUE,TRUE,FALSE
17,625,0.801365097188092,TRUE,TRUE,TRUE,FALSE
17,626,0.803706844858379,TRUE,TRUE,TRUE,FALSE
17,627,0.812839285283803,TRUE,TRUE,TRUE,FALSE
17,628,0.792869968334431,TRUE,TRUE,TRUE,FALSE
17,629,0.813771885426216,TRUE,TRUE,TRUE,FALSE
17,630,0.797523367152051,TRUE,TRUE,TRUE,FALSE
17,631,0.810201108783717,TRUE,TRUE,TRUE,FALSE
17,632,0.777897259694976,FALSE,TRUE,TRUE,FALSE
17,633,0.803910805413445,TRUE,TRUE,TRUE,FALSE
17,634,0.824253455673711,FALSE,TRUE,TRUE,FALSE
17,635,0.782193618087294,TRUE,TRUE,TRUE,FALSE
17,636,0.808489889536891,TRUE,TRUE,TRUE,FALSE
17,637,0.790312494974437,TRUE,TRUE,TRUE,FALSE
17,638,0.797917299068595,TRUE,TRUE,TRUE,FALSE
17,639,0.777897392376104,FALSE,TRUE,TRUE,FALSE
17,640,0.826527337510562,FALSE,TRUE,TRUE,FALSE
17,641,0.800646805294775,TRUE,TRUE,TRUE,FALSE
17,642,0.789906404758943,TRUE,TRUE,TRUE,FALSE
17,643,0.776211388814505,FALSE,TRUE,TRUE,FALSE
17,644,0.810342129546592,TRUE,TRUE,TRUE,FALSE
17,645,0.798198060405448,TRUE,TRUE,TRUE,FALSE
17,646,0.820910942725416,TRUE,TRUE,TRUE,FALSE
17,647,0.800635507856563,TRUE,TRUE,TRUE,FALSE
17,648,0.785754916215021,TRUE,TRUE,TRUE,FALSE
17,649,0.802833745876544,TRUE,TRUE,TRUE,FALSE
17,650,0.800395428208248,TRUE,TRUE,TRUE,FALSE
17,651,0.802072367715608,TRUE,TRUE,TRUE,FALSE
17,652,0.786171757986767,TRUE,TRUE,TRUE,FALSE
17,653,0.810819077173851,TRUE,TRUE,TRUE,FALSE
17,654,0.803874460860638,TRUE,TRUE,TRUE,FALSE
17,655,0.794340036620456,TRUE,TRUE,TRUE,FALSE
17,656,0.809269631135168,TRUE,TRUE,TRUE,FALSE
17,657,0.83097968314651,FALSE,TRUE,TRUE,FALSE
17,658,0.793354435695934,TRUE,TRUE,TRUE,FALSE
17,659,0.815557779984056,TRUE,TRUE,TRUE,FALSE
17,660,0.783033184061022,TRUE,TRUE,TRUE,FALSE
17,661,0.781868820259747,TRUE,TRUE,TRUE,FALSE
17,662,0.790747270688023,TRUE,TRUE,TRUE,FALSE
17,663,0.810523882934131,TRUE,TRUE,TRUE,FALSE
17,664,0.812934918535203,TRUE,TRUE,TRUE,FALSE
17,665,0.818366962229988,TRUE,TRUE,TRUE,FALSE
17,666,0.824178420853564,FALSE,TRUE,TRUE,FALSE
17,667,0.799208219298483,TRUE,TRUE,TRUE,FALSE
17,668,0.810923509663181,TRUE,TRUE,TRUE,FALSE
17,669,0.805387997668629,TRUE,TRUE,TRUE,FALSE
17,670,0.788905334224803,TRUE,TRUE,TRUE,FALSE
17,671,0.815477282263531,TRUE,TRUE,TRUE,FALSE
17,672,0.812857735026671,TRUE,TRUE,TRUE,FALSE
17,673,0.808307427176755,TRUE,TRUE,TRUE,FALSE
17,674,0.786756368643693,TRUE,TRUE,TRUE,FALSE
17,675,0.808582680139343,TRUE,TRUE,TRUE,FALSE
17,676,0.799881391597248,TRUE,TRUE,TRUE,FALSE
17,677,0.787371975987275,TRUE,TRUE,TRUE,FALSE
17,678,0.796610171215005,TRUE,TRUE,TRUE,FALSE
17,679,0.799666592980594,TRUE,TRUE,TRUE,FALSE
17,680,0.804944795900921,TRUE,TRUE,TRUE,FALSE
17,681,0.795920839119207,TRUE,TRUE,TRUE,FALSE
17,682,0.775926134771537,FALSE,TRUE,TRUE,FALSE
17,683,0.829367652451576,FALSE,TRUE,TRUE,FALSE
17,684,0.81562061025999,TRUE,TRUE,TRUE,FALSE
17,685,0.797199388483069,TRUE,TRUE,TRUE,FALSE
17,686,0.802367079960368,TRUE,TRUE,TRUE,FALSE
17,687,0.800999894039705,TRUE,TRUE,TRUE,FALSE
17,688,0.80732015405092,TRUE,TRUE,TRUE,FALSE
17,689,0.79065852626472,TRUE,TRUE,TRUE,FALSE
17,690,0.819773215815689,FALSE,TRUE,TRUE,FALSE
17,691,0.792686631503937,TRUE,TRUE,TRUE,FALSE
17,692,0.781720014202448,TRUE,TRUE,TRUE,FALSE
17,693,0.800765112102284,TRUE,TRUE,TRUE,FALSE
17,694,0.797532499754433,TRUE,TRUE,TRUE,FALSE
17,695,0.787979079382052,TRUE,TRUE,TRUE,FALSE
17,696,0.79705843987384,TRUE,TRUE,TRUE,FALSE
17,697,0.805311866436278,TRUE,TRUE,TRUE,FALSE
17,698,0.788227932548834,TRUE,TRUE,TRUE,FALSE
17,699,0.796725250115772,TRUE,TRUE,TRUE,FALSE
17,700,0.795781117373374,TRUE,TRUE,TRUE,FALSE
17,701,0.805047029019419,TRUE,TRUE,TRUE,FALSE
17,702,0.810567616385132,TRUE,TRUE,TRUE,FALSE
17,703,0.808783597294146,TRUE,TRUE,TRUE,FALSE
17,704,0.79057584991306,TRUE,TRUE,TRUE,FALSE
17,705,0.786970154997898,TRUE,TRUE,TRUE,FALSE
17,706,0.835433200367068,FALSE,TRUE,TRUE,FALSE
17,707,0.791206111868027,TRUE,TRUE,TRUE,FALSE
17,708,0.792432646817467,TRUE,TRUE,TRUE,FALSE
17,709,0.806867826033165,TRUE,TRUE,TRUE,FALSE
17,710,0.792634374182755,TRUE,TRUE,TRUE,FALSE
17,711,0.784468440401844,TRUE,TRUE,TRUE,FALSE
17,712,0.797116713917291,TRUE,TRUE,TRUE,FALSE
17,713,0.790156104336572,TRUE,TRUE,TRUE,FALSE
17,714,0.791945039521914,TRUE,TRUE,TRUE,FALSE
17,715,0.79637827574212,TRUE,TRUE,TRUE,FALSE
17,716,0.797261726938759,TRUE,TRUE,TRUE,FALSE
17,717,0.824239970025466,FALSE,TRUE,TRUE,FALSE
17,718,0.815805698907932,TRUE,TRUE,TRUE,FALSE
17,719,0.797886686536527,TRUE,TRUE,TRUE,FALSE
17,720,0.808029583821863,TRUE,TRUE,TRUE,FALSE
17,721,0.809164741460912,TRUE,TRUE,TRUE,FALSE
17,722,0.806842529779806,TRUE,TRUE,TRUE,FALSE
17,723,0.7907734250451,TRUE,TRUE,TRUE,FALSE
17,724,0.789523170474576,TRUE,TRUE,TRUE,FALSE
17,725,0.792324941479679,TRUE,TRUE,TRUE,FALSE
17,726,0.789968609496727,TRUE,TRUE,TRUE,FALSE
17,727,0.797558662913872,TRUE,TRUE,TRUE,FALSE
17,728,0.794762733027234,TRUE,TRUE,TRUE,FALSE
17,729,0.797433826283249,TRUE,TRUE,TRUE,FALSE
17,730,0.792001605620109,TRUE,TRUE,TRUE,FALSE
17,731,0.809970502631463,TRUE,TRUE,TRUE,FALSE
17,732,0.799807558287579,TRUE,TRUE,TRUE,FALSE
17,733,0.80994582356309,TRUE,TRUE,TRUE,FALSE
17,734,0.796569823394211,TRUE,TRUE,TRUE,FALSE
17,735,0.794351556406585,TRUE,TRUE,TRUE,FALSE
17,736,0.81601868169307,TRUE,TRUE,TRUE,FALSE
17,737,0.786789476856602,TRUE,TRUE,TRUE,FALSE
17,738,0.795154547660007,TRUE,TRUE,TRUE,FALSE
17,739,0.786097147616017,TRUE,TRUE,TRUE,FALSE
17,740,0.797134455938056,TRUE,TRUE,TRUE,FALSE
17,741,0.804565400376375,TRUE,TRUE,TRUE,FALSE
17,742,0.801685471247937,TRUE,TRUE,TRUE,FALSE
17,743,0.803883319440185,TRUE,TRUE,TRUE,FALSE
17,744,0.798066153757534,TRUE,TRUE,TRUE,FALSE
17,745,0.796874829538847,TRUE,TRUE,TRUE,FALSE
17,746,0.792895903258697,TRUE,TRUE,TRUE,FALSE
17,747,0.787250531249888,TRUE,TRUE,TRUE,FALSE
17,748,0.793595953380597,TRUE,TRUE,TRUE,FALSE
17,749,0.781213591838468,TRUE,TRUE,TRUE,FALSE
17,750,0.797977648538201,TRUE,TRUE,TRUE,FALSE
17,751,0.792821776707955,TRUE,TRUE,TRUE,FALSE
17,752,0.79593452514603,TRUE,TRUE,TRUE,FALSE
17,753,0.795202892363349,TRUE,TRUE,TRUE,FALSE
17,754,0.787064675248909,TRUE,TRUE,TRUE,FALSE
17,755,0.811840614225706,TRUE,TRUE,TRUE,FALSE
17,756,0.815245449280066,TRUE,TRUE,TRUE,FALSE
17,757,0.784236057127622,TRUE,TRUE,TRUE,FALSE
17,758,0.809066961925566,TRUE,TRUE,TRUE,FALSE
17,759,0.787025837855753,TRUE,TRUE,TRUE,FALSE
17,760,0.786740396398946,TRUE,TRUE,TRUE,FALSE
17,761,0.803130982558307,TRUE,TRUE,TRUE,FALSE
17,762,0.792823606575815,TRUE,TRUE,TRUE,FALSE
17,763,0.800304907069702,TRUE,TRUE,TRUE,FALSE
17,764,0.813639498447021,TRUE,TRUE,TRUE,FALSE
17,765,0.799159585128618,TRUE,TRUE,TRUE,FALSE
17,766,0.789905703434218,TRUE,TRUE,TRUE,FALSE
17,767,0.789414842165621,TRUE,TRUE,TRUE,FALSE
17,768,0.784459381064637,TRUE,TRUE,TRUE,FALSE
17,769,0.787333775279849,TRUE,TRUE,TRUE,FALSE
17,770,0.800975571111787,TRUE,TRUE,TRUE,FALSE
17,771,0.80457534792948,TRUE,TRUE,TRUE,FALSE
17,772,0.789587910569014,TRUE,TRUE,TRUE,FALSE
17,773,0.79976538198795,TRUE,TRUE,TRUE,FALSE
17,774,0.794312596233888,TRUE,TRUE,TRUE,FALSE
17,775,0.82063188220408,FALSE,TRUE,TRUE,FALSE
17,776,0.7914564412473,TRUE,TRUE,TRUE,FALSE
17,777,0.809597816036475,TRUE,TRUE,TRUE,FALSE
17,778,0.793242292114051,TRUE,TRUE,TRUE,FALSE
17,779,0.798796308533916,TRUE,TRUE,TRUE,FALSE
17,780,0.805132694586482,TRUE,TRUE,TRUE,FALSE
17,781,0.789775188484261,TRUE,TRUE,TRUE,FALSE
17,782,0.79982550351921,TRUE,TRUE,TRUE,FALSE
17,783,0.806594096105371,TRUE,TRUE,TRUE,FALSE
17,784,0.816591548749361,TRUE,TRUE,TRUE,FALSE
17,785,0.813917037863456,TRUE,TRUE,TRUE,FALSE
17,786,0.800910889966661,TRUE,TRUE,TRUE,FALSE
17,787,0.805630690963285,TRUE,TRUE,TRUE,FALSE
17,788,0.791723470508569,TRUE,TRUE,TRUE,FALSE
17,789,0.78181192311576,TRUE,TRUE,TRUE,FALSE
17,790,0.828563558026584,FALSE,TRUE,TRUE,FALSE
17,791,0.792445251458321,TRUE,TRUE,TRUE,FALSE
17,792,0.804191628866647,TRUE,TRUE,TRUE,FALSE
17,793,0.80891551280133,TRUE,TRUE,TRUE,FALSE
17,794,0.794885953334458,TRUE,TRUE,TRUE,FALSE
17,795,0.785727331092311,TRUE,TRUE,TRUE,FALSE
17,796,0.787386220987187,TRUE,TRUE,TRUE,FALSE
17,797,0.782533275316889,TRUE,TRUE,TRUE,FALSE
17,798,0.783293151178805,TRUE,TRUE,TRUE,FALSE
17,799,0.788742326042788,TRUE,TRUE,TRUE,FALSE
17,800,0.789121168251951,TRUE,TRUE,TRUE,FALSE
17,801,0.795211211252975,TRUE,TRUE,TRUE,FALSE
17,802,0.819066239205267,FALSE,TRUE,TRUE,FALSE
17,803,0.82121274872748,FALSE,TRUE,TRUE,FALSE
17,804,0.804446409847768,TRUE,TRUE,TRUE,FALSE
17,805,0.789603729156335,TRUE,TRUE,TRUE,FALSE
17,806,0.794164993551412,TRUE,TRUE,TRUE,FALSE
17,807,0.772412310143654,FALSE,TRUE,TRUE,FALSE
17,808,0.792990204071804,TRUE,TRUE,TRUE,FALSE
17,809,0.789260579969901,TRUE,TRUE,TRUE,FALSE
17,810,0.802575324971748,TRUE,TRUE,TRUE,FALSE
17,811,0.792779442404032,TRUE,TRUE,TRUE,FALSE
17,812,0.791652963693818,TRUE,TRUE,TRUE,FALSE
17,813,0.783393793356396,TRUE,TRUE,TRUE,FALSE
17,814,0.783213490608487,TRUE,TRUE,TRUE,FALSE
17,815,0.781271611539823,TRUE,TRUE,TRUE,FALSE
17,816,0.799423775467145,TRUE,TRUE,TRUE,FALSE
17,817,0.820077267087887,TRUE,TRUE,TRUE,FALSE
17,818,0.798726264936476,TRUE,TRUE,TRUE,FALSE
17,819,0.794100936344434,TRUE,TRUE,TRUE,FALSE
17,820,0.796675535819021,TRUE,TRUE,TRUE,FALSE
17,821,0.791621299898611,TRUE,TRUE,TRUE,FALSE
17,822,0.809940327352986,TRUE,TRUE,TRUE,FALSE
17,823,0.79478839260564,TRUE,TRUE,TRUE,FALSE
17,824,0.816018105071538,TRUE,TRUE,TRUE,FALSE
17,825,0.804135868312362,TRUE,TRUE,TRUE,FALSE
17,826,0.804128083915533,TRUE,TRUE,TRUE,FALSE
17,827,0.795740949406889,TRUE,TRUE,TRUE,FALSE
17,828,0.806629880899136,TRUE,TRUE,TRUE,FALSE
17,829,0.8131056655944,TRUE,TRUE,TRUE,FALSE
17,830,0.810715729156309,TRUE,TRUE,TRUE,FALSE
17,831,0.787449027968825,TRUE,TRUE,TRUE,FALSE
17,832,0.812446685974784,TRUE,TRUE,TRUE,FALSE
17,833,0.807480633864743,TRUE,TRUE,TRUE,FALSE
17,834,0.788857999979913,TRUE,TRUE,TRUE,FALSE
17,835,0.806472404731195,TRUE,TRUE,TRUE,FALSE
17,836,0.799395243219531,TRUE,TRUE,TRUE,FALSE
17,837,0.796542676388655,TRUE,TRUE,TRUE,FALSE
17,838,0.808379660829116,TRUE,TRUE,TRUE,FALSE
17,839,0.801354219529817,TRUE,TRUE,TRUE,FALSE
17,840,0.788719927431734,TRUE,TRUE,TRUE,FALSE
17,841,0.801165891586168,TRUE,TRUE,TRUE,FALSE
17,842,0.79550558198358,TRUE,TRUE,TRUE,FALSE
17,843,0.792630353260797,TRUE,TRUE,TRUE,FALSE
17,844,0.813345954696888,TRUE,TRUE,TRUE,FALSE
17,845,0.803589767802109,TRUE,TRUE,TRUE,FALSE
17,846,0.789328306281788,TRUE,TRUE,TRUE,FALSE
17,847,0.816506697283175,TRUE,TRUE,TRUE,FALSE
17,848,0.820201257714196,TRUE,TRUE,TRUE,FALSE
17,849,0.799127295918547,TRUE,TRUE,TRUE,FALSE
17,850,0.793928925016259,TRUE,TRUE,TRUE,FALSE
17,851,0.790915717007049,TRUE,TRUE,TRUE,FALSE
17,852,0.816777428693439,TRUE,TRUE,TRUE,FALSE
17,853,0.80033194071632,TRUE,TRUE,TRUE,FALSE
17,854,0.801853854305296,TRUE,TRUE,TRUE,FALSE
17,855,0.780767259784394,TRUE,TRUE,TRUE,FALSE
17,856,0.806374000199631,TRUE,TRUE,TRUE,FALSE
17,857,0.808612028864224,TRUE,TRUE,TRUE,FALSE
17,858,0.798470458297461,TRUE,TRUE,TRUE,FALSE
17,859,0.805161861762332,TRUE,TRUE,TRUE,FALSE
17,860,0.789010198597418,TRUE,TRUE,TRUE,FALSE
17,861,0.78945310601435,TRUE,TRUE,TRUE,FALSE
17,862,0.814950384643363,TRUE,TRUE,TRUE,FALSE
17,863,0.814633329425699,TRUE,TRUE,TRUE,FALSE
17,864,0.785656139664504,TRUE,TRUE,TRUE,FALSE
17,865,0.808195626363507,TRUE,TRUE,TRUE,FALSE
17,866,0.789586588751086,TRUE,TRUE,TRUE,FALSE
17,867,0.800574884123988,TRUE,TRUE,TRUE,FALSE
17,868,0.782256298078053,TRUE,TRUE,TRUE,FALSE
17,869,0.777430708396966,FALSE,TRUE,TRUE,FALSE
17,870,0.817281114538851,TRUE,TRUE,TRUE,FALSE
17,871,0.815634230676924,TRUE,TRUE,TRUE,FALSE
17,872,0.812716483342714,TRUE,TRUE,TRUE,FALSE
17,873,0.788549740840805,TRUE,TRUE,TRUE,FALSE
17,874,0.778343096600294,TRUE,TRUE,TRUE,FALSE
17,875,0.789934183325289,TRUE,TRUE,TRUE,FALSE
17,876,0.799096490435417,TRUE,TRUE,TRUE,FALSE
17,877,0.789038343259413,TRUE,TRUE,TRUE,FALSE
17,878,0.809076076293942,TRUE,TRUE,TRUE,FALSE
17,879,0.80539448620283,TRUE,TRUE,TRUE,FALSE
17,880,0.797442483915718,TRUE,TRUE,TRUE,FALSE
17,881,0.778118482200093,TRUE,TRUE,TRUE,FALSE
17,882,0.805347892419516,TRUE,TRUE,TRUE,FALSE
17,883,0.810885459448504,TRUE,TRUE,TRUE,FALSE
17,884,0.788161260147464,TRUE,TRUE,TRUE,FALSE
17,885,0.809310266200262,TRUE,TRUE,TRUE,FALSE
17,886,0.814145896402011,TRUE,TRUE,TRUE,FALSE
17,887,0.777564975370853,FALSE,TRUE,TRUE,FALSE
17,888,0.808319214009843,TRUE,TRUE,TRUE,FALSE
17,889,0.798574378253204,TRUE,TRUE,TRUE,FALSE
17,890,0.763507111169571,FALSE,TRUE,TRUE,FALSE
17,891,0.808565724485937,TRUE,TRUE,TRUE,FALSE
17,892,0.787722688981372,TRUE,TRUE,TRUE,FALSE
17,893,0.795448136199871,TRUE,TRUE,TRUE,FALSE
17,894,0.805789374178051,TRUE,TRUE,TRUE,FALSE
17,895,0.770336643269799,FALSE,TRUE,TRUE,FALSE
17,896,0.820551266721395,FALSE,TRUE,TRUE,FALSE
17,897,0.802130392550506,TRUE,TRUE,TRUE,FALSE
17,898,0.791938752074545,TRUE,TRUE,TRUE,FALSE
17,899,0.806825685062333,TRUE,TRUE,TRUE,FALSE
17,900,0.782922728037856,TRUE,TRUE,TRUE,FALSE
17,901,0.804444156612875,TRUE,TRUE,TRUE,FALSE
17,902,0.830911505608184,FALSE,TRUE,TRUE,FALSE
17,903,0.795119904273337,TRUE,TRUE,TRUE,FALSE
17,904,0.789448017783113,TRUE,TRUE,TRUE,FALSE
17,905,0.802467521162311,TRUE,TRUE,TRUE,FALSE
17,906,0.808291118877473,TRUE,TRUE,TRUE,FALSE
17,907,0.795647623867564,TRUE,TRUE,TRUE,FALSE
17,908,0.800572630706694,TRUE,TRUE,TRUE,FALSE
17,909,0.781312085132553,TRUE,TRUE,TRUE,FALSE
17,910,0.801987558044304,TRUE,TRUE,TRUE,FALSE
17,911,0.811238125824466,TRUE,TRUE,TRUE,FALSE
17,912,0.786653259164447,TRUE,TRUE,TRUE,FALSE
17,913,0.80818810932879,TRUE,TRUE,TRUE,FALSE
17,914,0.796025352800636,TRUE,TRUE,TRUE,FALSE
17,915,0.796152357134633,TRUE,TRUE,TRUE,FALSE
17,916,0.817714999862124,TRUE,TRUE,TRUE,FALSE
17,917,0.790811252000255,TRUE,TRUE,TRUE,FALSE
17,918,0.782525590706969,TRUE,TRUE,TRUE,FALSE
17,919,0.820979741134909,FALSE,TRUE,TRUE,FALSE
17,920,0.816212191124517,TRUE,TRUE,TRUE,FALSE
17,921,0.780308553900132,TRUE,TRUE,TRUE,FALSE
17,922,0.794643084042209,TRUE,TRUE,TRUE,FALSE
17,923,0.801547378161978,TRUE,TRUE,TRUE,FALSE
17,924,0.786577294481716,TRUE,TRUE,TRUE,FALSE
17,925,0.79238946570296,TRUE,TRUE,TRUE,FALSE
17,926,0.790885674254543,TRUE,TRUE,TRUE,FALSE
17,927,0.79732794855655,TRUE,TRUE,TRUE,FALSE
17,928,0.788930405145224,TRUE,TRUE,TRUE,FALSE
17,929,0.807820208634476,TRUE,TRUE,TRUE,FALSE
17,930,0.790120353962861,TRUE,TRUE,TRUE,FALSE
17,931,0.806107774642323,TRUE,TRUE,TRUE,FALSE
17,932,0.806867444166815,TRUE,TRUE,TRUE,FALSE
17,933,0.812222796840365,TRUE,TRUE,TRUE,FALSE
17,934,0.796323641966354,TRUE,TRUE,TRUE,FALSE
17,935,0.803453345654086,TRUE,TRUE,TRUE,FALSE
17,936,0.79980387684479,TRUE,TRUE,TRUE,FALSE
17,937,0.797186561874722,TRUE,TRUE,TRUE,FALSE
17,938,0.804906687744636,TRUE,TRUE,TRUE,FALSE
17,939,0.794431802904606,TRUE,TRUE,TRUE,FALSE
17,940,0.806312597862102,TRUE,TRUE,TRUE,FALSE
17,941,0.812854131830014,TRUE,TRUE,TRUE,FALSE
17,942,0.801856315646113,TRUE,TRUE,TRUE,FALSE
17,943,0.796284285251934,TRUE,TRUE,TRUE,FALSE
17,944,0.789106651991578,TRUE,TRUE,TRUE,FALSE
17,945,0.799282530401366,TRUE,TRUE,TRUE,FALSE
17,946,0.814519491054372,TRUE,TRUE,TRUE,FALSE
17,947,0.790021127726789,TRUE,TRUE,TRUE,FALSE
17,948,0.809851253242077,TRUE,TRUE,TRUE,FALSE
17,949,0.781044564905217,TRUE,TRUE,TRUE,FALSE
17,950,0.801652978476931,TRUE,TRUE,TRUE,FALSE
17,951,0.794534402229455,TRUE,TRUE,TRUE,FALSE
17,952,0.797646105458654,TRUE,TRUE,TRUE,FALSE
17,953,0.796252839473597,TRUE,TRUE,TRUE,FALSE
17,954,0.797379348706142,TRUE,TRUE,TRUE,FALSE
17,955,0.789646003118554,TRUE,TRUE,TRUE,FALSE
17,956,0.810683837652586,TRUE,TRUE,TRUE,FALSE
17,957,0.785472377302396,TRUE,TRUE,TRUE,FALSE
17,958,0.791369244789593,TRUE,TRUE,TRUE,FALSE
17,959,0.780577195520609,FALSE,TRUE,TRUE,FALSE
17,960,0.816111059501874,TRUE,TRUE,TRUE,FALSE
17,961,0.804947271998146,TRUE,TRUE,TRUE,FALSE
17,962,0.807535040674998,TRUE,TRUE,TRUE,FALSE
17,963,0.804863291894471,TRUE,TRUE,TRUE,FALSE
17,964,0.781516552085908,TRUE,TRUE,TRUE,FALSE
17,965,0.789491684614474,TRUE,TRUE,TRUE,FALSE
17,966,0.802274257491615,TRUE,TRUE,TRUE,FALSE
17,967,0.794562215309087,TRUE,TRUE,TRUE,FALSE
17,968,0.819826917888664,TRUE,TRUE,TRUE,FALSE
17,969,0.80406652377131,TRUE,TRUE,TRUE,FALSE
17,970,0.806020321850994,TRUE,TRUE,TRUE,FALSE
17,971,0.815334713131596,TRUE,TRUE,TRUE,FALSE
17,972,0.804967023153035,TRUE,TRUE,TRUE,FALSE
17,973,0.80905856526259,TRUE,TRUE,TRUE,FALSE
17,974,0.798168675945038,TRUE,TRUE,TRUE,FALSE
17,975,0.812000854059156,TRUE,TRUE,TRUE,FALSE
17,976,0.786397704901046,TRUE,TRUE,TRUE,FALSE
17,977,0.800522743461009,TRUE,TRUE,TRUE,FALSE
17,978,0.79375704396161,TRUE,TRUE,TRUE,FALSE
17,979,0.790463518689618,TRUE,TRUE,TRUE,FALSE
17,980,0.789220383161166,TRUE,TRUE,TRUE,FALSE
17,981,0.801627806751676,TRUE,TRUE,TRUE,FALSE
17,982,0.792146158161339,TRUE,TRUE,TRUE,FALSE
17,983,0.796813990363506,TRUE,TRUE,TRUE,FALSE
17,984,0.809540263414782,TRUE,TRUE,TRUE,FALSE
17,985,0.79381587696951,TRUE,TRUE,TRUE,FALSE
17,986,0.795435296955576,TRUE,TRUE,TRUE,FALSE
17,987,0.811206831025167,TRUE,TRUE,TRUE,FALSE
17,988,0.799019237717665,TRUE,TRUE,TRUE,FALSE
17,989,0.821268583841219,TRUE,TRUE,TRUE,FALSE
17,990,0.779724391956481,TRUE,TRUE,TRUE,FALSE
17,991,0.805207651092319,TRUE,TRUE,TRUE,FALSE
17,992,0.811932987988422,TRUE,TRUE,TRUE,FALSE
17,993,0.796285829750056,TRUE,TRUE,TRUE,FALSE
17,994,0.803985195931333,TRUE,TRUE,TRUE,FALSE
17,995,0.815827644915369,TRUE,TRUE,TRUE,FALSE
17,996,0.797920631427165,TRUE,TRUE,TRUE,FALSE
17,997,0.799347922892218,TRUE,TRUE,TRUE,FALSE
17,998,0.801354786384084,TRUE,TRUE,TRUE,FALSE
17,999,0.806486111869092,TRUE,TRUE,TRUE,FALSE
17,1000,0.798534842987757,TRUE,TRUE,TRUE,FALSE
18,1,1.01647504787458,TRUE,FALSE,TRUE,FALSE
18,2,0.999174219690849,TRUE,FALSE,TRUE,FALSE
18,3,1.0010056701233,TRUE,FALSE,TRUE,FALSE
18,4,1.00999383636958,TRUE,FALSE,TRUE,FALSE
18,5,1.00508357328129,TRUE,FALSE,TRUE,FALSE
18,6,1.01428024960234,TRUE,FALSE,TRUE,FALSE
18,7,1.00604047202058,TRUE,FALSE,TRUE,FALSE
18,8,0.997204004757397,TRUE,FALSE,TRUE,FALSE
18,9,1.00684723148166,TRUE,FALSE,TRUE,FALSE
18,10,1.00263787746842,TRUE,FALSE,TRUE,FALSE
18,11,0.992498246419878,TRUE,FALSE,TRUE,FALSE
18,12,1.00351945541657,TRUE,FALSE,TRUE,FALSE
18,13,1.00245825115329,TRUE,FALSE,TRUE,FALSE
18,14,0.994851937812213,TRUE,FALSE,TRUE,FALSE
18,15,1.00084135770501,TRUE,FALSE,TRUE,FALSE
18,16,0.995991900521236,TRUE,FALSE,TRUE,FALSE
18,17,1.01549026552349,TRUE,FALSE,TRUE,FALSE
18,18,1.00139680551406,TRUE,FALSE,TRUE,FALSE
18,19,0.996232940897692,TRUE,FALSE,TRUE,FALSE
18,20,0.993074090739467,TRUE,FALSE,TRUE,FALSE
18,21,0.995540637723752,TRUE,FALSE,TRUE,FALSE
18,22,0.996676183842677,TRUE,FALSE,TRUE,FALSE
18,23,0.990553523637817,TRUE,FALSE,TRUE,FALSE
18,24,0.9880962371061,TRUE,FALSE,TRUE,FALSE
18,25,1.01343915624055,TRUE,FALSE,TRUE,FALSE
18,26,1.00989519605885,TRUE,FALSE,TRUE,FALSE
18,27,1.00423628227337,TRUE,FALSE,TRUE,FALSE
18,28,1.00689687932815,TRUE,FALSE,TRUE,FALSE
18,29,0.98235750029791,TRUE,FALSE,TRUE,TRUE
18,30,1.00124862071519,TRUE,FALSE,TRUE,FALSE
18,31,1.00014641603869,TRUE,FALSE,TRUE,FALSE
18,32,1.00781122163683,TRUE,FALSE,TRUE,FALSE
18,33,0.996991517352803,TRUE,FALSE,TRUE,FALSE
18,34,1.01789014747191,TRUE,FALSE,TRUE,FALSE
18,35,0.980152245902918,TRUE,TRUE,TRUE,FALSE
18,36,0.984781827810326,TRUE,FALSE,TRUE,FALSE
18,37,1.01242220048869,TRUE,FALSE,TRUE,FALSE
18,38,1.01019471444307,TRUE,FALSE,TRUE,FALSE
18,39,0.999409779743365,TRUE,FALSE,TRUE,FALSE
18,40,1.00098165333878,TRUE,FALSE,TRUE,FALSE
18,41,0.998271983298256,TRUE,FALSE,TRUE,FALSE
18,42,0.999344710683937,TRUE,FALSE,TRUE,FALSE
18,43,1.00899089835584,TRUE,FALSE,TRUE,FALSE
18,44,0.991025783736947,TRUE,FALSE,TRUE,FALSE
18,45,0.990551933663079,TRUE,FALSE,TRUE,FALSE
18,46,1.00896080025553,TRUE,FALSE,TRUE,FALSE
18,47,0.988837452446272,TRUE,FALSE,TRUE,FALSE
18,48,0.976154367197905,FALSE,TRUE,TRUE,FALSE
18,49,0.984154663036455,TRUE,TRUE,TRUE,FALSE
18,50,1.00600527134939,TRUE,FALSE,TRUE,FALSE
18,51,1.01573050633558,TRUE,FALSE,TRUE,FALSE
18,52,1.0097660136777,TRUE,FALSE,TRUE,FALSE
18,53,1.00724220014546,TRUE,FALSE,TRUE,FALSE
18,54,0.978961635676882,TRUE,TRUE,TRUE,FALSE
18,55,0.997605829002703,TRUE,FALSE,TRUE,FALSE
18,56,1.03099918210278,FALSE,FALSE,TRUE,FALSE
18,57,0.982365856045864,TRUE,FALSE,TRUE,FALSE
18,58,1.01553533139926,TRUE,FALSE,TRUE,FALSE
18,59,1.00244477800969,TRUE,FALSE,TRUE,FALSE
18,60,0.99472046121227,TRUE,FALSE,TRUE,FALSE
18,61,0.984275598221568,TRUE,FALSE,TRUE,FALSE
18,62,0.989216949017938,TRUE,FALSE,TRUE,FALSE
18,63,0.974538350687422,FALSE,TRUE,TRUE,FALSE
18,64,0.990464163809379,TRUE,FALSE,TRUE,FALSE
18,65,1.00767461283431,TRUE,FALSE,TRUE,FALSE
18,66,1.00742242353131,TRUE,FALSE,TRUE,FALSE
18,67,1.00695267925157,TRUE,FALSE,TRUE,FALSE
18,68,0.998457662080723,TRUE,FALSE,TRUE,FALSE
18,69,1.00845246970476,TRUE,FALSE,TRUE,FALSE
18,70,1.01209935670528,TRUE,FALSE,TRUE,FALSE
18,71,0.987269378695341,TRUE,FALSE,TRUE,FALSE
18,72,0.985524735167264,TRUE,FALSE,TRUE,FALSE
18,73,0.991550479825798,TRUE,FALSE,TRUE,FALSE
18,74,1.01642281395819,TRUE,FALSE,TRUE,FALSE
18,75,0.980171663479246,TRUE,TRUE,TRUE,FALSE
18,76,1.00546858107724,TRUE,FALSE,TRUE,FALSE
18,77,1.0034808422645,TRUE,FALSE,TRUE,FALSE
18,78,1.00641707393846,TRUE,FALSE,TRUE,FALSE
18,79,0.992801021272018,TRUE,FALSE,TRUE,FALSE
18,80,1.00066281705206,TRUE,FALSE,TRUE,FALSE
18,81,1.0137836557291,TRUE,FALSE,TRUE,FALSE
18,82,1.00062395093566,TRUE,FALSE,TRUE,FALSE
18,83,0.984276467309023,TRUE,FALSE,TRUE,FALSE
18,84,1.00148382503405,TRUE,FALSE,TRUE,FALSE
18,85,0.997496936104047,TRUE,FALSE,TRUE,FALSE
18,86,1.00478099677111,TRUE,FALSE,TRUE,FALSE
18,87,1.00039339119329,TRUE,FALSE,TRUE,FALSE
18,88,1.00033279199764,TRUE,FALSE,TRUE,FALSE
18,89,1.00558520335552,TRUE,FALSE,TRUE,FALSE
18,90,0.980933653774509,TRUE,TRUE,TRUE,FALSE
18,91,1.00106748452398,TRUE,FALSE,TRUE,FALSE
18,92,0.989721689945745,TRUE,FALSE,TRUE,FALSE
18,93,0.991625978852448,TRUE,FALSE,TRUE,FALSE
18,94,0.997213076308549,TRUE,FALSE,TRUE,FALSE
18,95,0.991175665625356,TRUE,FALSE,TRUE,FALSE
18,96,0.990600925513286,TRUE,FALSE,TRUE,FALSE
18,97,1.01333271572821,TRUE,FALSE,TRUE,FALSE
18,98,1.00378322885991,TRUE,FALSE,TRUE,FALSE
18,99,0.992436718658155,TRUE,FALSE,TRUE,FALSE
18,100,0.996592829291488,TRUE,FALSE,TRUE,FALSE
18,101,0.996263499448472,TRUE,FALSE,TRUE,FALSE
18,102,0.994116622148242,TRUE,FALSE,TRUE,FALSE
18,103,1.00379138796527,TRUE,FALSE,TRUE,FALSE
18,104,1.00235207176976,TRUE,FALSE,TRUE,FALSE
18,105,1.00099438417942,TRUE,FALSE,TRUE,FALSE
18,106,0.99387893771004,TRUE,FALSE,TRUE,FALSE
18,107,1.02172562830071,FALSE,FALSE,TRUE,FALSE
18,108,1.01070500135545,TRUE,FALSE,TRUE,FALSE
18,109,1.00780475773188,TRUE,FALSE,TRUE,FALSE
18,110,0.995136923868387,TRUE,FALSE,TRUE,FALSE
18,111,1.00420194073973,TRUE,FALSE,TRUE,FALSE
18,112,0.991834440255843,TRUE,FALSE,TRUE,FALSE
18,113,0.999943767139322,TRUE,FALSE,TRUE,FALSE
18,114,1.00264043269426,TRUE,FALSE,TRUE,FALSE
18,115,1.00409398285759,TRUE,FALSE,TRUE,FALSE
18,116,1.01571069050426,TRUE,FALSE,TRUE,FALSE
18,117,1.0013842136253,TRUE,FALSE,TRUE,FALSE
18,118,1.01190603926948,TRUE,FALSE,TRUE,FALSE
18,119,1.00110143682787,TRUE,FALSE,TRUE,FALSE
18,120,1.01208059663434,TRUE,FALSE,TRUE,FALSE
18,121,1.00927929182099,TRUE,FALSE,TRUE,FALSE
18,122,0.988537969912743,TRUE,FALSE,TRUE,FALSE
18,123,0.990427292724871,TRUE,FALSE,TRUE,FALSE
18,124,0.991523931178205,TRUE,FALSE,TRUE,FALSE
18,125,0.990054675232096,TRUE,FALSE,TRUE,FALSE
18,126,0.998051995343785,TRUE,FALSE,TRUE,FALSE
18,127,1.00650744144163,TRUE,FALSE,TRUE,FALSE
18,128,0.995322899162812,TRUE,FALSE,TRUE,FALSE
18,129,1.00224240052817,TRUE,FALSE,TRUE,FALSE
18,130,1.02647676934404,FALSE,FALSE,TRUE,FALSE
18,131,0.999890645856271,TRUE,FALSE,TRUE,FALSE
18,132,1.00909228431998,TRUE,FALSE,TRUE,FALSE
18,133,0.993757981760959,TRUE,FALSE,TRUE,FALSE
18,134,1.014415687027,TRUE,FALSE,TRUE,FALSE
18,135,0.991424956157322,TRUE,FALSE,TRUE,FALSE
18,136,1.00761243407049,TRUE,FALSE,TRUE,FALSE
18,137,1.0018499345613,TRUE,FALSE,TRUE,FALSE
18,138,1.00029942530816,TRUE,FALSE,TRUE,FALSE
18,139,0.997686127899739,TRUE,FALSE,TRUE,FALSE
18,140,0.986441700733978,TRUE,FALSE,TRUE,FALSE
18,141,1.0052540604895,TRUE,FALSE,TRUE,FALSE
18,142,0.98188077211205,TRUE,FALSE,TRUE,FALSE
18,143,0.997291950206411,TRUE,FALSE,TRUE,FALSE
18,144,1.00351529885459,TRUE,FALSE,TRUE,FALSE
18,145,0.998406943092961,TRUE,FALSE,TRUE,FALSE
18,146,0.993085941859264,TRUE,FALSE,TRUE,FALSE
18,147,0.991820181804095,TRUE,FALSE,TRUE,FALSE
18,148,1.01562170125659,TRUE,FALSE,TRUE,FALSE
18,149,0.999058933900809,TRUE,FALSE,TRUE,FALSE
18,150,0.981163643627277,TRUE,TRUE,TRUE,FALSE
18,151,1.01110202782026,TRUE,FALSE,TRUE,FALSE
18,152,0.998376595012272,TRUE,FALSE,TRUE,FALSE
18,153,0.994130261678403,TRUE,FALSE,TRUE,FALSE
18,154,0.994401326778283,TRUE,FALSE,TRUE,FALSE
18,155,0.999864132494101,TRUE,FALSE,TRUE,FALSE
18,156,1.00809676076872,TRUE,FALSE,TRUE,FALSE
18,157,0.985908775450431,TRUE,FALSE,TRUE,FALSE
18,158,0.990131995947387,TRUE,FALSE,TRUE,FALSE
18,159,1.01601488108336,TRUE,FALSE,TRUE,FALSE
18,160,1.00068227313975,TRUE,FALSE,TRUE,FALSE
18,161,0.995732140452012,TRUE,FALSE,TRUE,FALSE
18,162,1.00078689722371,TRUE,FALSE,TRUE,FALSE
18,163,1.00206195436053,TRUE,FALSE,TRUE,FALSE
18,164,1.00911877281407,TRUE,FALSE,TRUE,FALSE
18,165,1.01701455040081,TRUE,FALSE,TRUE,FALSE
18,166,1.01209298702681,TRUE,FALSE,TRUE,FALSE
18,167,1.00754412550166,TRUE,FALSE,TRUE,FALSE
18,168,0.996371083271191,TRUE,FALSE,TRUE,FALSE
18,169,0.997313015451307,TRUE,FALSE,TRUE,FALSE
18,170,0.990598656853019,TRUE,FALSE,TRUE,FALSE
18,171,1.00681475323293,TRUE,FALSE,TRUE,FALSE
18,172,1.01386819809099,TRUE,FALSE,TRUE,FALSE
18,173,1.0029408967724,TRUE,FALSE,TRUE,FALSE
18,174,1.01150543448588,TRUE,FALSE,TRUE,FALSE
18,175,0.996259326536208,TRUE,FALSE,TRUE,FALSE
18,176,1.01150530838148,TRUE,FALSE,TRUE,FALSE
18,177,0.996905212547223,TRUE,FALSE,TRUE,FALSE
18,178,1.00526510274802,TRUE,FALSE,TRUE,FALSE
18,179,1.00549579785301,TRUE,FALSE,TRUE,FALSE
18,180,1.00244894261883,TRUE,FALSE,TRUE,FALSE
18,181,0.977850055792769,TRUE,TRUE,TRUE,FALSE
18,182,1.00521424626772,TRUE,FALSE,TRUE,FALSE
18,183,0.995102347685138,TRUE,FALSE,TRUE,FALSE
18,184,1.00617760883271,TRUE,FALSE,TRUE,FALSE
18,185,0.997839891414027,TRUE,FALSE,TRUE,FALSE
18,186,1.0054472583553,TRUE,FALSE,TRUE,FALSE
18,187,0.979417470807979,FALSE,TRUE,TRUE,FALSE
18,188,1.01872263206736,TRUE,FALSE,TRUE,FALSE
18,189,0.987401775263883,TRUE,FALSE,TRUE,FALSE
18,190,1.018656523459,TRUE,FALSE,TRUE,FALSE
18,191,0.987633923507557,TRUE,FALSE,TRUE,FALSE
18,192,1.00135932168381,TRUE,FALSE,TRUE,FALSE
18,193,0.998021580735798,TRUE,FALSE,TRUE,FALSE
18,194,1.02114755217475,TRUE,FALSE,TRUE,FALSE
18,195,0.976359785137835,FALSE,TRUE,TRUE,FALSE
18,196,1.00131772284403,TRUE,FALSE,TRUE,FALSE
18,197,0.998971465590943,TRUE,FALSE,TRUE,FALSE
18,198,0.996493328695046,TRUE,FALSE,TRUE,FALSE
18,199,0.973734417570401,FALSE,TRUE,TRUE,FALSE
18,200,0.98546347877068,TRUE,FALSE,TRUE,FALSE
18,201,1.00466124753221,TRUE,FALSE,TRUE,FALSE
18,202,0.992256360909543,TRUE,FALSE,TRUE,FALSE
18,203,0.991185155238253,TRUE,FALSE,TRUE,FALSE
18,204,1.00030954866867,TRUE,FALSE,TRUE,FALSE
18,205,1.00637451829802,TRUE,FALSE,TRUE,FALSE
18,206,1.0063617449971,TRUE,FALSE,TRUE,FALSE
18,207,0.997469206213743,TRUE,FALSE,TRUE,FALSE
18,208,1.01856080427975,TRUE,FALSE,TRUE,FALSE
18,209,0.996650455145379,TRUE,FALSE,TRUE,FALSE
18,210,0.972709743967965,FALSE,TRUE,TRUE,FALSE
18,211,0.980356381563984,TRUE,FALSE,TRUE,FALSE
18,212,1.00351980802044,TRUE,FALSE,TRUE,FALSE
18,213,1.00371454760449,TRUE,FALSE,TRUE,FALSE
18,214,0.986655368094481,TRUE,FALSE,TRUE,FALSE
18,215,0.987713087436037,TRUE,FALSE,TRUE,FALSE
18,216,0.973791899738077,FALSE,TRUE,TRUE,FALSE
18,217,0.99865927394478,TRUE,FALSE,TRUE,FALSE
18,218,1.00784329629901,TRUE,FALSE,TRUE,FALSE
18,219,0.994524637336546,TRUE,FALSE,TRUE,FALSE
18,220,0.997239784955357,TRUE,FALSE,TRUE,FALSE
18,221,1.0146836015674,TRUE,FALSE,TRUE,FALSE
18,222,0.992066682175484,TRUE,FALSE,TRUE,FALSE
18,223,0.999486459604169,TRUE,FALSE,TRUE,FALSE
18,224,0.981436245422145,TRUE,FALSE,TRUE,FALSE
18,225,1.019675311063,TRUE,FALSE,TRUE,FALSE
18,226,1.00416108039544,TRUE,FALSE,TRUE,FALSE
18,227,0.997354809216717,TRUE,FALSE,TRUE,FALSE
18,228,1.00297296421232,TRUE,FALSE,TRUE,FALSE
18,229,0.982765566459763,TRUE,FALSE,TRUE,FALSE
18,230,1.01200054064455,TRUE,FALSE,TRUE,FALSE
18,231,1.00017136140956,TRUE,FALSE,TRUE,FALSE
18,232,0.992705517520778,TRUE,FALSE,TRUE,FALSE
18,233,0.992373751322815,TRUE,FALSE,TRUE,FALSE
18,234,0.99493322401793,TRUE,FALSE,TRUE,FALSE
18,235,1.00749983418174,TRUE,FALSE,TRUE,FALSE
18,236,1.01334317540808,TRUE,FALSE,TRUE,FALSE
18,237,0.990852663580322,TRUE,FALSE,TRUE,FALSE
18,238,1.00037692923533,TRUE,FALSE,TRUE,FALSE
18,239,0.987499810392338,TRUE,FALSE,TRUE,FALSE
18,240,1.0098844868515,TRUE,FALSE,TRUE,FALSE
18,241,1.00196530517614,TRUE,FALSE,TRUE,FALSE
18,242,1.00937271415262,TRUE,FALSE,TRUE,FALSE
18,243,1.01315125520132,TRUE,FALSE,TRUE,FALSE
18,244,1.00822254764976,TRUE,FALSE,TRUE,FALSE
18,245,1.00945859327673,TRUE,FALSE,TRUE,FALSE
18,246,1.00042927279747,TRUE,FALSE,TRUE,FALSE
18,247,1.005127052977,TRUE,FALSE,TRUE,FALSE
18,248,1.00450678651416,TRUE,FALSE,TRUE,FALSE
18,249,1.00877488504176,TRUE,FALSE,TRUE,FALSE
18,250,1.00576486563327,TRUE,FALSE,TRUE,FALSE
18,251,1.01194800407175,TRUE,FALSE,TRUE,FALSE
18,252,1.00341821548918,TRUE,FALSE,TRUE,FALSE
18,253,1.00374089705353,TRUE,FALSE,TRUE,FALSE
18,254,1.00363870040821,TRUE,FALSE,TRUE,FALSE
18,255,1.00659304471415,TRUE,FALSE,TRUE,FALSE
18,256,0.989384962209082,TRUE,FALSE,TRUE,FALSE
18,257,1.00546935649411,TRUE,FALSE,TRUE,FALSE
18,258,0.988829887798076,TRUE,FALSE,TRUE,FALSE
18,259,1.00291451926825,TRUE,FALSE,TRUE,FALSE
18,260,1.0106992729189,TRUE,FALSE,TRUE,FALSE
18,261,1.01816066081485,FALSE,FALSE,TRUE,FALSE
18,262,0.980864372088461,TRUE,TRUE,TRUE,FALSE
18,263,1.01781013586367,TRUE,FALSE,TRUE,FALSE
18,264,0.9947151518618,TRUE,FALSE,TRUE,FALSE
18,265,1.01145548166498,TRUE,FALSE,TRUE,FALSE
18,266,0.982197309550259,TRUE,FALSE,TRUE,FALSE
18,267,0.990839528912928,TRUE,FALSE,TRUE,FALSE
18,268,1.00746642762343,TRUE,FALSE,TRUE,FALSE
18,269,0.994897045758591,TRUE,FALSE,TRUE,FALSE
18,270,0.993881060558612,TRUE,FALSE,TRUE,FALSE
18,271,0.983637596305474,TRUE,FALSE,TRUE,FALSE
18,272,1.00973924572488,TRUE,FALSE,TRUE,FALSE
18,273,0.999415112430161,TRUE,FALSE,TRUE,FALSE
18,274,1.00368205479942,TRUE,FALSE,TRUE,FALSE
18,275,1.01905546178422,TRUE,FALSE,TRUE,FALSE
18,276,0.992983483428352,TRUE,FALSE,TRUE,FALSE
18,277,1.00174107082235,TRUE,FALSE,TRUE,FALSE
18,278,1.00465200159439,TRUE,FALSE,TRUE,FALSE
18,279,1.00027311761963,TRUE,FALSE,TRUE,FALSE
18,280,0.990136939776308,TRUE,FALSE,TRUE,FALSE
18,281,0.998098301615471,TRUE,FALSE,TRUE,FALSE
18,282,1.0060677433784,TRUE,FALSE,TRUE,FALSE
18,283,0.997483728431647,TRUE,FALSE,TRUE,FALSE
18,284,0.996885131522933,TRUE,FALSE,TRUE,FALSE
18,285,1.00770131769806,TRUE,FALSE,TRUE,FALSE
18,286,0.990307391842056,TRUE,FALSE,TRUE,FALSE
18,287,0.992632478232919,TRUE,FALSE,TRUE,FALSE
18,288,1.01606619334149,TRUE,FALSE,TRUE,FALSE
18,289,1.0225944249501,TRUE,FALSE,TRUE,FALSE
18,290,0.998420386538155,TRUE,FALSE,TRUE,FALSE
18,291,1.02342680530322,FALSE,FALSE,TRUE,FALSE
18,292,1.01427554703507,TRUE,FALSE,TRUE,FALSE
18,293,0.984645375863506,TRUE,FALSE,TRUE,FALSE
18,294,0.999884788754573,TRUE,FALSE,TRUE,FALSE
18,295,0.997195357814936,TRUE,FALSE,TRUE,FALSE
18,296,0.995578227560179,TRUE,FALSE,TRUE,FALSE
18,297,1.00052918907443,TRUE,FALSE,TRUE,FALSE
18,298,0.999149544675835,TRUE,FALSE,TRUE,FALSE
18,299,1.01733056145123,TRUE,FALSE,TRUE,FALSE
18,300,0.99991830268794,TRUE,FALSE,TRUE,FALSE
18,301,0.988182118732607,TRUE,FALSE,TRUE,FALSE
18,302,1.0060976571051,TRUE,FALSE,TRUE,FALSE
18,303,1.00383357646102,TRUE,FALSE,TRUE,FALSE
18,304,0.99482172143341,TRUE,FALSE,TRUE,FALSE
18,305,0.998271817401253,TRUE,FALSE,TRUE,FALSE
18,306,1.01616294908366,TRUE,FALSE,TRUE,FALSE
18,307,1.01666218775837,TRUE,FALSE,TRUE,FALSE
18,308,0.995479285436146,TRUE,FALSE,TRUE,FALSE
18,309,1.00207460887821,TRUE,FALSE,TRUE,FALSE
18,310,1.00184481157914,TRUE,FALSE,TRUE,FALSE
18,311,0.98878498800966,TRUE,FALSE,TRUE,FALSE
18,312,1.00560724238108,TRUE,FALSE,TRUE,FALSE
18,313,1.01088697358063,TRUE,FALSE,TRUE,FALSE
18,314,1.00897196412928,TRUE,FALSE,TRUE,FALSE
18,315,1.00318874374479,TRUE,FALSE,TRUE,FALSE
18,316,1.00149834288357,TRUE,FALSE,TRUE,FALSE
18,317,1.00090185476877,TRUE,FALSE,TRUE,FALSE
18,318,0.99635771678201,TRUE,FALSE,TRUE,FALSE
18,319,0.997707318338153,TRUE,FALSE,TRUE,FALSE
18,320,1.00553289202053,TRUE,FALSE,TRUE,FALSE
18,321,1.0084606995916,TRUE,FALSE,TRUE,FALSE
18,322,1.000834048645,TRUE,FALSE,TRUE,FALSE
18,323,0.98558426719772,TRUE,FALSE,TRUE,FALSE
18,324,1.00105394034899,TRUE,FALSE,TRUE,FALSE
18,325,0.98505339289317,TRUE,FALSE,TRUE,FALSE
18,326,0.986554577514837,TRUE,FALSE,TRUE,FALSE
18,327,1.00168290211979,TRUE,FALSE,TRUE,FALSE
18,328,1.00373905627249,TRUE,FALSE,TRUE,FALSE
18,329,1.00675760522058,TRUE,FALSE,TRUE,FALSE
18,330,0.993834136432519,TRUE,FALSE,TRUE,FALSE
18,331,1.01274486949619,TRUE,FALSE,TRUE,FALSE
18,332,0.999352566510322,TRUE,FALSE,TRUE,FALSE
18,333,1.00622224701083,TRUE,FALSE,TRUE,FALSE
18,334,0.991865249169454,TRUE,FALSE,TRUE,FALSE
18,335,1.00156470150043,TRUE,FALSE,TRUE,FALSE
18,336,0.98361749741333,TRUE,FALSE,TRUE,FALSE
18,337,0.99433221095659,TRUE,FALSE,TRUE,FALSE
18,338,1.0153052692219,TRUE,FALSE,TRUE,FALSE
18,339,1.00475305722798,TRUE,FALSE,TRUE,FALSE
18,340,0.998030842017983,TRUE,FALSE,TRUE,FALSE
18,341,0.998346882833142,TRUE,FALSE,TRUE,FALSE
18,342,1.0084722052377,TRUE,FALSE,TRUE,FALSE
18,343,0.996139592790645,TRUE,FALSE,TRUE,FALSE
18,344,0.999203870850189,TRUE,FALSE,TRUE,FALSE
18,345,1.00544113211816,TRUE,FALSE,TRUE,FALSE
18,346,1.00433849937531,TRUE,FALSE,TRUE,FALSE
18,347,0.991052490269881,TRUE,FALSE,TRUE,FALSE
18,348,1.0226917225389,TRUE,FALSE,TRUE,FALSE
18,349,0.986184557662132,TRUE,FALSE,TRUE,FALSE
18,350,1.0034193331546,TRUE,FALSE,TRUE,FALSE
18,351,0.995856959600245,TRUE,FALSE,TRUE,FALSE
18,352,1.01569226048869,TRUE,FALSE,TRUE,FALSE
18,353,0.983267616742194,TRUE,FALSE,TRUE,FALSE
18,354,1.01469522995536,TRUE,FALSE,TRUE,FALSE
18,355,0.999477298734587,TRUE,FALSE,TRUE,FALSE
18,356,1.00739444095685,TRUE,FALSE,TRUE,FALSE
18,357,0.994279219975597,TRUE,FALSE,TRUE,FALSE
18,358,1.00666138970304,TRUE,FALSE,TRUE,FALSE
18,359,1.0041723575031,TRUE,FALSE,TRUE,FALSE
18,360,1.00922265713762,TRUE,FALSE,TRUE,FALSE
18,361,0.991794710157732,TRUE,FALSE,TRUE,FALSE
18,362,0.996203085430735,TRUE,FALSE,TRUE,FALSE
18,363,1.01584535602737,TRUE,FALSE,TRUE,FALSE
18,364,0.974018435869653,FALSE,TRUE,TRUE,FALSE
18,365,0.992819248235594,TRUE,FALSE,TRUE,FALSE
18,366,0.999489018339858,TRUE,FALSE,TRUE,FALSE
18,367,1.01229310737636,TRUE,FALSE,TRUE,FALSE
18,368,1.00176729578472,TRUE,FALSE,TRUE,FALSE
18,369,0.991212070500316,TRUE,FALSE,TRUE,FALSE
18,370,1.00196210285817,TRUE,FALSE,TRUE,FALSE
18,371,0.985680324596055,TRUE,FALSE,TRUE,FALSE
18,372,0.990350511677275,TRUE,FALSE,TRUE,FALSE
18,373,1.00286366543067,TRUE,FALSE,TRUE,FALSE
18,374,0.984125932480421,TRUE,FALSE,TRUE,FALSE
18,375,1.00314738965841,TRUE,FALSE,TRUE,FALSE
18,376,0.996793873265027,TRUE,FALSE,TRUE,FALSE
18,377,0.989792245579065,TRUE,FALSE,TRUE,FALSE
18,378,1.00696384519392,TRUE,FALSE,TRUE,FALSE
18,379,1.00634439510618,TRUE,FALSE,TRUE,FALSE
18,380,1.00633472611957,TRUE,FALSE,TRUE,FALSE
18,381,1.00943271344954,TRUE,FALSE,TRUE,FALSE
18,382,1.0079186115856,TRUE,FALSE,TRUE,FALSE
18,383,0.992100884906541,TRUE,FALSE,TRUE,FALSE
18,384,0.989231471052572,TRUE,FALSE,TRUE,FALSE
18,385,0.998776208877055,TRUE,FALSE,TRUE,FALSE
18,386,0.996328018803006,TRUE,FALSE,TRUE,FALSE
18,387,1.00337093343982,TRUE,FALSE,TRUE,FALSE
18,388,1.00450145758449,TRUE,FALSE,TRUE,FALSE
18,389,0.987616201470197,TRUE,FALSE,TRUE,FALSE
18,390,0.998683417527747,TRUE,FALSE,TRUE,FALSE
18,391,0.985104201851834,TRUE,FALSE,TRUE,FALSE
18,392,1.0128601635268,TRUE,FALSE,TRUE,FALSE
18,393,0.9814764084129,TRUE,FALSE,TRUE,FALSE
18,394,1.00836852024246,TRUE,FALSE,TRUE,FALSE
18,395,1.00806983446049,TRUE,FALSE,TRUE,FALSE
18,396,0.990190303705659,TRUE,FALSE,TRUE,FALSE
18,397,1.02837400753701,FALSE,FALSE,TRUE,FALSE
18,398,0.996275835453606,TRUE,FALSE,TRUE,FALSE
18,399,1.00421579695938,TRUE,FALSE,TRUE,FALSE
18,400,0.979524333555118,TRUE,FALSE,TRUE,FALSE
18,401,1.00151276991214,TRUE,FALSE,TRUE,FALSE
18,402,1.00218271790766,TRUE,FALSE,TRUE,FALSE
18,403,1.01659616107321,TRUE,FALSE,TRUE,FALSE
18,404,0.991141591250174,TRUE,FALSE,TRUE,FALSE
18,405,1.00468950849124,TRUE,FALSE,TRUE,FALSE
18,406,0.99890532171062,TRUE,FALSE,TRUE,FALSE
18,407,1.00215786923076,TRUE,FALSE,TRUE,FALSE
18,408,0.984804541850516,TRUE,TRUE,TRUE,FALSE
18,409,0.992148603146934,TRUE,FALSE,TRUE,FALSE
18,410,1.01687409726284,TRUE,FALSE,TRUE,FALSE
18,411,0.984937559271554,TRUE,FALSE,TRUE,FALSE
18,412,0.988724805196966,TRUE,FALSE,TRUE,FALSE
18,413,1.0030312653801,TRUE,FALSE,TRUE,FALSE
18,414,0.987862144075196,TRUE,FALSE,TRUE,FALSE
18,415,1.0046795412246,TRUE,FALSE,TRUE,FALSE
18,416,0.990703739690403,TRUE,FALSE,TRUE,FALSE
18,417,1.00772757182399,TRUE,FALSE,TRUE,FALSE
18,418,1.00279443155918,TRUE,FALSE,TRUE,FALSE
18,419,1.00806186768649,TRUE,FALSE,TRUE,FALSE
18,420,1.00964774803945,TRUE,FALSE,TRUE,FALSE
18,421,1.00159855584501,TRUE,FALSE,TRUE,FALSE
18,422,1.01725968866983,TRUE,FALSE,TRUE,FALSE
18,423,1.02320421559029,FALSE,FALSE,TRUE,FALSE
18,424,0.986186044770361,TRUE,FALSE,TRUE,FALSE
18,425,1.01535847883773,TRUE,FALSE,TRUE,FALSE
18,426,0.993149460888943,TRUE,FALSE,TRUE,FALSE
18,427,0.995338144776066,TRUE,FALSE,TRUE,FALSE
18,428,0.976968752808349,TRUE,TRUE,TRUE,FALSE
18,429,1.01607972846931,TRUE,FALSE,TRUE,FALSE
18,430,0.989286342100039,TRUE,FALSE,TRUE,FALSE
18,431,0.986957938307884,TRUE,FALSE,TRUE,FALSE
18,432,0.994049783427479,TRUE,FALSE,TRUE,FALSE
18,433,0.997387528747335,TRUE,FALSE,TRUE,FALSE
18,434,1.00568865538542,TRUE,FALSE,TRUE,FALSE
18,435,0.981756247613259,TRUE,FALSE,TRUE,FALSE
18,436,1.00181450091624,TRUE,FALSE,TRUE,FALSE
18,437,1.00257860059595,TRUE,FALSE,TRUE,FALSE
18,438,0.976460568762168,FALSE,TRUE,TRUE,FALSE
18,439,1.01312062330751,TRUE,FALSE,TRUE,FALSE
18,440,1.00023943805552,TRUE,FALSE,TRUE,FALSE
18,441,0.992809974468489,TRUE,FALSE,TRUE,FALSE
18,442,1.00585162142068,TRUE,FALSE,TRUE,FALSE
18,443,1.02443841214932,FALSE,FALSE,TRUE,FALSE
18,444,1.01947832751657,TRUE,FALSE,TRUE,FALSE
18,445,0.999484597848333,TRUE,FALSE,TRUE,FALSE
18,446,1.01927583628872,TRUE,FALSE,TRUE,FALSE
18,447,1.00617898311677,TRUE,FALSE,TRUE,FALSE
18,448,1.03008223168702,FALSE,FALSE,TRUE,FALSE
18,449,0.997186995922605,TRUE,FALSE,TRUE,FALSE
18,450,1.00281880363597,TRUE,FALSE,TRUE,FALSE
18,451,1.01380208720139,TRUE,FALSE,TRUE,FALSE
18,452,0.985337728714332,TRUE,FALSE,TRUE,FALSE
18,453,1.00978326115247,TRUE,FALSE,TRUE,FALSE
18,454,0.99429923860041,TRUE,FALSE,TRUE,FALSE
18,455,1.01211249010815,TRUE,FALSE,TRUE,FALSE
18,456,0.993858830761544,TRUE,FALSE,TRUE,FALSE
18,457,0.995742613467998,TRUE,FALSE,TRUE,FALSE
18,458,0.994897220787485,TRUE,FALSE,TRUE,FALSE
18,459,1.00241877730528,TRUE,FALSE,TRUE,FALSE
18,460,1.00303691769031,TRUE,FALSE,TRUE,FALSE
18,461,1.01121655066745,TRUE,FALSE,TRUE,FALSE
18,462,1.00243553933399,TRUE,FALSE,TRUE,FALSE
18,463,1.00457353740955,TRUE,FALSE,TRUE,FALSE
18,464,1.00137907167766,TRUE,FALSE,TRUE,FALSE
18,465,1.00089658491381,TRUE,FALSE,TRUE,FALSE
18,466,0.986813280705175,TRUE,FALSE,TRUE,FALSE
18,467,1.00660453594551,TRUE,FALSE,TRUE,FALSE
18,468,1.00534663274302,TRUE,FALSE,TRUE,FALSE
18,469,1.01929228070718,TRUE,FALSE,TRUE,FALSE
18,470,1.00077761786841,TRUE,FALSE,TRUE,FALSE
18,471,0.996802006821081,TRUE,FALSE,TRUE,FALSE
18,472,0.991438129338768,TRUE,FALSE,TRUE,FALSE
18,473,0.991530131337106,TRUE,FALSE,TRUE,FALSE
18,474,0.994609965020556,TRUE,FALSE,TRUE,FALSE
18,475,1.00735312471142,TRUE,FALSE,TRUE,FALSE
18,476,0.991304108615545,TRUE,FALSE,TRUE,FALSE
18,477,0.999346587619032,TRUE,FALSE,TRUE,FALSE
18,478,1.00357688166283,TRUE,FALSE,TRUE,FALSE
18,479,0.986728603097714,TRUE,FALSE,TRUE,FALSE
18,480,1.0047691284882,TRUE,FALSE,TRUE,FALSE
18,481,1.00565766104141,TRUE,FALSE,TRUE,FALSE
18,482,0.998980717834792,TRUE,FALSE,TRUE,FALSE
18,483,0.979347444949703,TRUE,TRUE,TRUE,FALSE
18,484,1.01643936560769,TRUE,FALSE,TRUE,FALSE
18,485,0.990632221204839,TRUE,FALSE,TRUE,FALSE
18,486,1.00583143403838,TRUE,FALSE,TRUE,FALSE
18,487,0.995677076646806,TRUE,FALSE,TRUE,FALSE
18,488,1.01308355838085,TRUE,FALSE,TRUE,FALSE
18,489,1.02189788342649,FALSE,FALSE,TRUE,FALSE
18,490,0.982912406401469,TRUE,FALSE,TRUE,FALSE
18,491,0.995233685887024,TRUE,FALSE,TRUE,FALSE
18,492,0.989979975972808,TRUE,FALSE,TRUE,FALSE
18,493,1.01374990071751,TRUE,FALSE,TRUE,FALSE
18,494,1.00479151962829,TRUE,FALSE,TRUE,FALSE
18,495,0.986000192918013,TRUE,FALSE,TRUE,FALSE
18,496,1.00809576984026,TRUE,FALSE,TRUE,FALSE
18,497,1.01928070653999,TRUE,FALSE,TRUE,FALSE
18,498,1.00849697840999,TRUE,FALSE,TRUE,FALSE
18,499,1.00647046123345,TRUE,FALSE,TRUE,FALSE
18,500,0.98656001909315,TRUE,FALSE,TRUE,FALSE
18,501,0.990136715294537,TRUE,FALSE,TRUE,FALSE
18,502,0.994170478262539,TRUE,FALSE,TRUE,FALSE
18,503,1.00181417367659,TRUE,FALSE,TRUE,FALSE
18,504,0.994646744478064,TRUE,FALSE,TRUE,FALSE
18,505,1.00465323181474,TRUE,FALSE,TRUE,FALSE
18,506,0.999269651725362,TRUE,FALSE,TRUE,FALSE
18,507,0.984985819856375,TRUE,FALSE,TRUE,FALSE
18,508,0.990733780061588,TRUE,FALSE,TRUE,FALSE
18,509,1.00459086821987,TRUE,FALSE,TRUE,FALSE
18,510,0.978626182034227,FALSE,TRUE,TRUE,FALSE
18,511,1.01349176183944,TRUE,FALSE,TRUE,FALSE
18,512,1.00735602266402,TRUE,FALSE,TRUE,FALSE
18,513,1.00055895188293,TRUE,FALSE,TRUE,FALSE
18,514,0.990691800510766,TRUE,FALSE,TRUE,FALSE
18,515,1.01060347436024,TRUE,FALSE,TRUE,FALSE
18,516,0.994791143630604,TRUE,FALSE,TRUE,FALSE
18,517,1.00700594708338,TRUE,FALSE,TRUE,FALSE
18,518,1.0014064187483,TRUE,FALSE,TRUE,FALSE
18,519,1.0053426758393,TRUE,FALSE,TRUE,FALSE
18,520,0.984021727158804,TRUE,FALSE,TRUE,FALSE
18,521,1.01096158250901,TRUE,FALSE,TRUE,FALSE
18,522,1.00088171834296,TRUE,FALSE,TRUE,FALSE
18,523,0.981226479928574,TRUE,TRUE,TRUE,FALSE
18,524,1.01494492998624,TRUE,FALSE,TRUE,FALSE
18,525,0.995803032576019,TRUE,FALSE,TRUE,FALSE
18,526,0.995524267087542,TRUE,FALSE,TRUE,FALSE
18,527,0.997946774347605,TRUE,FALSE,TRUE,FALSE
18,528,1.00093753078244,TRUE,FALSE,TRUE,FALSE
18,529,1.00066688134795,TRUE,FALSE,TRUE,FALSE
18,530,0.993198064639123,TRUE,FALSE,TRUE,FALSE
18,531,0.989511028337866,TRUE,FALSE,TRUE,FALSE
18,532,0.989196408646072,TRUE,FALSE,TRUE,FALSE
18,533,0.992973130171074,TRUE,FALSE,TRUE,FALSE
18,534,1.01647323696813,TRUE,FALSE,TRUE,FALSE
18,535,0.998999011152106,TRUE,FALSE,TRUE,FALSE
18,536,1.00690128942108,TRUE,FALSE,TRUE,FALSE
18,537,0.994512450257797,TRUE,FALSE,TRUE,FALSE
18,538,0.992578364359929,TRUE,FALSE,TRUE,FALSE
18,539,0.983768934088714,TRUE,FALSE,TRUE,FALSE
18,540,1.01023387110149,TRUE,FALSE,TRUE,FALSE
18,541,1.0009973204803,TRUE,FALSE,TRUE,FALSE
18,542,1.00183671962273,TRUE,FALSE,TRUE,FALSE
18,543,0.989394163589395,TRUE,FALSE,TRUE,FALSE
18,544,1.00982547461839,TRUE,FALSE,TRUE,FALSE
18,545,0.998210200056496,TRUE,FALSE,TRUE,FALSE
18,546,1.01973944973178,FALSE,FALSE,TRUE,FALSE
18,547,0.997923378718969,TRUE,FALSE,TRUE,FALSE
18,548,0.997164004278701,TRUE,FALSE,TRUE,FALSE
18,549,0.991511169784413,TRUE,FALSE,TRUE,FALSE
18,550,0.988910996103076,TRUE,FALSE,TRUE,FALSE
18,551,0.989695267645049,TRUE,FALSE,TRUE,FALSE
18,552,1.0058423971214,TRUE,FALSE,TRUE,FALSE
18,553,1.01053340744761,TRUE,FALSE,TRUE,FALSE
18,554,1.01748226673898,TRUE,FALSE,TRUE,FALSE
18,555,0.992403016438575,TRUE,FALSE,TRUE,FALSE
18,556,1.00120105271411,TRUE,FALSE,TRUE,FALSE
18,557,1.02141680239728,TRUE,FALSE,TRUE,FALSE
18,558,0.995926664917262,TRUE,FALSE,TRUE,FALSE
18,559,1.01527563168975,TRUE,FALSE,TRUE,FALSE
18,560,1.01385877367781,TRUE,FALSE,TRUE,FALSE
18,561,1.00478187866978,TRUE,FALSE,TRUE,FALSE
18,562,0.987933361000892,TRUE,FALSE,TRUE,FALSE
18,563,1.00940626130226,TRUE,FALSE,TRUE,FALSE
18,564,1.00151123735469,TRUE,FALSE,TRUE,FALSE
18,565,1.00266633996185,TRUE,FALSE,TRUE,FALSE
18,566,0.999994360838878,TRUE,FALSE,TRUE,FALSE
18,567,1.00031921330396,TRUE,FALSE,TRUE,FALSE
18,568,0.998529647806078,TRUE,FALSE,TRUE,FALSE
18,569,1.00698148096141,TRUE,FALSE,TRUE,FALSE
18,570,0.994775302134199,TRUE,FALSE,TRUE,FALSE
18,571,1.01006816697088,TRUE,FALSE,TRUE,FALSE
18,572,1.00120840462805,TRUE,FALSE,TRUE,FALSE
18,573,0.991488513138984,TRUE,FALSE,TRUE,FALSE
18,574,0.986188646038761,TRUE,FALSE,TRUE,FALSE
18,575,0.980128377287745,FALSE,TRUE,TRUE,FALSE
18,576,0.988146303795228,TRUE,FALSE,TRUE,FALSE
18,577,1.00168180413463,TRUE,FALSE,TRUE,FALSE
18,578,1.00742147600544,TRUE,FALSE,TRUE,FALSE
18,579,0.999407490598502,TRUE,FALSE,TRUE,FALSE
18,580,1.0050467479996,TRUE,FALSE,TRUE,FALSE
18,581,1.00049915011376,TRUE,FALSE,TRUE,FALSE
18,582,1.01117102465499,TRUE,FALSE,TRUE,FALSE
18,583,0.986722500154051,TRUE,FALSE,TRUE,FALSE
18,584,1.0033592173019,TRUE,FALSE,TRUE,FALSE
18,585,1.00282099240924,TRUE,FALSE,TRUE,FALSE
18,586,0.992006010447865,TRUE,FALSE,TRUE,FALSE
18,587,0.997387707550439,TRUE,FALSE,TRUE,FALSE
18,588,1.01621489668515,TRUE,FALSE,TRUE,FALSE
18,589,1.00083511277077,TRUE,FALSE,TRUE,FALSE
18,590,1.00443124934629,TRUE,FALSE,TRUE,FALSE
18,591,0.986315374960946,TRUE,FALSE,TRUE,FALSE
18,592,1.01103647801726,TRUE,FALSE,TRUE,FALSE
18,593,1.00815255886834,TRUE,FALSE,TRUE,FALSE
18,594,0.994475519716585,TRUE,FALSE,TRUE,FALSE
18,595,0.988445413700306,TRUE,FALSE,TRUE,FALSE
18,596,1.00882073296505,TRUE,FALSE,TRUE,FALSE
18,597,0.991170916313521,TRUE,FALSE,TRUE,FALSE
18,598,0.997857267644028,TRUE,FALSE,TRUE,FALSE
18,599,0.992207224781379,TRUE,FALSE,TRUE,FALSE
18,600,0.997188126114815,TRUE,FALSE,TRUE,FALSE
18,601,1.00658647267471,TRUE,FALSE,TRUE,FALSE
18,602,1.00501465939403,TRUE,FALSE,TRUE,FALSE
18,603,1.00359977806272,TRUE,FALSE,TRUE,FALSE
18,604,0.983635029649775,TRUE,FALSE,TRUE,FALSE
18,605,1.00640612210081,TRUE,FALSE,TRUE,FALSE
18,606,1.01204211461413,TRUE,FALSE,TRUE,FALSE
18,607,0.986921906129399,TRUE,FALSE,TRUE,FALSE
18,608,0.99728343673262,TRUE,FALSE,TRUE,FALSE
18,609,0.995534954719808,TRUE,FALSE,TRUE,FALSE
18,610,0.986934952973504,TRUE,FALSE,TRUE,FALSE
18,611,1.003882096928,TRUE,FALSE,TRUE,FALSE
18,612,1.01871483698484,FALSE,FALSE,TRUE,FALSE
18,613,0.996612791947244,TRUE,FALSE,TRUE,FALSE
18,614,1.01180632673123,TRUE,FALSE,TRUE,FALSE
18,615,0.985370146675233,TRUE,FALSE,TRUE,FALSE
18,616,0.987626581747021,TRUE,FALSE,TRUE,FALSE
18,617,1.00059006681738,TRUE,FALSE,TRUE,FALSE
18,618,1.01429033116086,TRUE,FALSE,TRUE,FALSE
18,619,0.992796078817091,TRUE,FALSE,TRUE,FALSE
18,620,1.01498395295026,TRUE,FALSE,TRUE,FALSE
18,621,1.01452099418009,TRUE,FALSE,TRUE,FALSE
18,622,0.995805385924391,TRUE,FALSE,TRUE,FALSE
18,623,1.00387855107336,TRUE,FALSE,TRUE,FALSE
18,624,1.004297122672,TRUE,FALSE,TRUE,FALSE
18,625,1.0086637089987,TRUE,FALSE,TRUE,FALSE
18,626,0.998892846819704,TRUE,FALSE,TRUE,FALSE
18,627,0.990119575037746,TRUE,FALSE,TRUE,FALSE
18,628,0.982612049494751,TRUE,FALSE,TRUE,FALSE
18,629,1.01735639476716,TRUE,FALSE,TRUE,FALSE
18,630,1.0014978867857,TRUE,FALSE,TRUE,FALSE
18,631,1.00440253785151,TRUE,FALSE,TRUE,FALSE
18,632,0.979720784040926,FALSE,TRUE,TRUE,FALSE
18,633,1.00440660703761,TRUE,FALSE,TRUE,FALSE
18,634,0.984364555350977,TRUE,FALSE,TRUE,FALSE
18,635,0.983508962394527,TRUE,FALSE,TRUE,FALSE
18,636,0.997370081788247,TRUE,FALSE,TRUE,FALSE
18,637,0.991834588020772,TRUE,FALSE,TRUE,FALSE
18,638,1.00946314591831,TRUE,FALSE,TRUE,FALSE
18,639,1.00883571248327,TRUE,FALSE,TRUE,FALSE
18,640,0.993883168608177,TRUE,FALSE,TRUE,FALSE
18,641,0.989313063023161,TRUE,FALSE,TRUE,FALSE
18,642,0.99228385905473,TRUE,FALSE,TRUE,FALSE
18,643,0.984925438289531,TRUE,FALSE,TRUE,FALSE
18,644,0.996342312209449,TRUE,FALSE,TRUE,FALSE
18,645,0.994972413713317,TRUE,FALSE,TRUE,FALSE
18,646,1.01800534861305,TRUE,FALSE,TRUE,FALSE
18,647,1.00614980808088,TRUE,FALSE,TRUE,FALSE
18,648,0.995760794824683,TRUE,FALSE,TRUE,FALSE
18,649,1.00032251998381,TRUE,FALSE,TRUE,FALSE
18,650,1.00461996697944,TRUE,FALSE,TRUE,FALSE
18,651,1.01432956867675,TRUE,FALSE,TRUE,FALSE
18,652,1.00149915612746,TRUE,FALSE,TRUE,FALSE
18,653,0.999641530789148,TRUE,FALSE,TRUE,FALSE
18,654,1.01041008235272,TRUE,FALSE,TRUE,FALSE
18,655,0.998289340119015,TRUE,FALSE,TRUE,FALSE
18,656,0.992257272314838,TRUE,FALSE,TRUE,FALSE
18,657,1.00122950306751,TRUE,FALSE,TRUE,FALSE
18,658,1.01021896826362,TRUE,FALSE,TRUE,FALSE
18,659,0.991482738315788,TRUE,FALSE,TRUE,FALSE
18,660,1.0031350609611,TRUE,FALSE,TRUE,FALSE
18,661,0.9927143752131,TRUE,FALSE,TRUE,FALSE
18,662,0.997480904059059,TRUE,FALSE,TRUE,FALSE
18,663,1.00030252811653,TRUE,FALSE,TRUE,FALSE
18,664,1.00507636236723,TRUE,FALSE,TRUE,FALSE
18,665,1.00643193054382,TRUE,FALSE,TRUE,FALSE
18,666,1.0035402354796,TRUE,FALSE,TRUE,FALSE
18,667,0.993125504889033,TRUE,FALSE,TRUE,FALSE
18,668,1.00828952118878,TRUE,FALSE,TRUE,FALSE
18,669,0.9992366139064,TRUE,FALSE,TRUE,FALSE
18,670,1.01612086526705,TRUE,FALSE,TRUE,FALSE
18,671,0.993633660155218,TRUE,FALSE,TRUE,FALSE
18,672,0.999649110481994,TRUE,FALSE,TRUE,FALSE
18,673,0.99808644203538,TRUE,FALSE,TRUE,FALSE
18,674,1.01562514637491,TRUE,FALSE,TRUE,FALSE
18,675,1.00885849893829,TRUE,FALSE,TRUE,FALSE
18,676,0.998337831069147,TRUE,FALSE,TRUE,FALSE
18,677,1.0063986189898,TRUE,FALSE,TRUE,FALSE
18,678,0.987461501019124,TRUE,FALSE,TRUE,FALSE
18,679,1.00449341237092,TRUE,FALSE,TRUE,FALSE
18,680,0.979297325226623,FALSE,TRUE,TRUE,FALSE
18,681,1.00747459064436,TRUE,FALSE,TRUE,FALSE
18,682,1.00414233569667,TRUE,FALSE,TRUE,FALSE
18,683,1.01548952436239,TRUE,FALSE,TRUE,FALSE
18,684,0.991236187482917,TRUE,FALSE,TRUE,FALSE
18,685,0.99015626389525,TRUE,FALSE,TRUE,FALSE
18,686,0.986338613015055,TRUE,FALSE,TRUE,FALSE
18,687,0.994246443094807,TRUE,FALSE,TRUE,FALSE
18,688,1.0002184375671,TRUE,FALSE,TRUE,FALSE
18,689,1.00155871760686,TRUE,FALSE,TRUE,FALSE
18,690,1.00615092955537,TRUE,FALSE,TRUE,FALSE
18,691,1.01281638779701,TRUE,FALSE,TRUE,FALSE
18,692,0.978194422282884,FALSE,TRUE,TRUE,FALSE
18,693,0.990663300895479,TRUE,FALSE,TRUE,FALSE
18,694,0.985238308531563,TRUE,FALSE,TRUE,FALSE
18,695,1.00198771151273,TRUE,FALSE,TRUE,FALSE
18,696,1.00985751967669,TRUE,FALSE,TRUE,FALSE
18,697,1.00040265483446,TRUE,FALSE,TRUE,FALSE
18,698,0.991307855992657,TRUE,FALSE,TRUE,FALSE
18,699,1.00836754670387,TRUE,FALSE,TRUE,FALSE
18,700,1.01606732413523,TRUE,FALSE,TRUE,FALSE
18,701,1.00044305868664,TRUE,FALSE,TRUE,FALSE
18,702,0.998273158573287,TRUE,FALSE,TRUE,FALSE
18,703,1.00354868852717,TRUE,FALSE,TRUE,FALSE
18,704,0.995889161344633,TRUE,FALSE,TRUE,FALSE
18,705,0.995830105466995,TRUE,FALSE,TRUE,FALSE
18,706,1.01122614169116,TRUE,FALSE,TRUE,FALSE
18,707,1.02035887566959,FALSE,FALSE,TRUE,FALSE
18,708,1.00672827464122,TRUE,FALSE,TRUE,FALSE
18,709,1.0010842866478,TRUE,FALSE,TRUE,FALSE
18,710,0.994030310041791,TRUE,FALSE,TRUE,FALSE
18,711,1.03161773857108,FALSE,FALSE,TRUE,FALSE
18,712,1.0119976286637,TRUE,FALSE,TRUE,FALSE
18,713,0.995076538054755,TRUE,FALSE,TRUE,FALSE
18,714,1.00039677405789,TRUE,FALSE,TRUE,FALSE
18,715,1.009660210004,TRUE,FALSE,TRUE,FALSE
18,716,1.00229512126428,TRUE,FALSE,TRUE,FALSE
18,717,1.00165646529614,TRUE,FALSE,TRUE,FALSE
18,718,1.01920009010851,TRUE,FALSE,TRUE,FALSE
18,719,1.00407243174061,TRUE,FALSE,TRUE,FALSE
18,720,1.00136805188236,TRUE,FALSE,TRUE,FALSE
18,721,0.993683047898309,TRUE,FALSE,TRUE,FALSE
18,722,1.01459410147305,TRUE,FALSE,TRUE,FALSE
18,723,0.989731973507274,TRUE,FALSE,TRUE,FALSE
18,724,0.988220128014258,TRUE,FALSE,TRUE,FALSE
18,725,1.00358973470259,TRUE,FALSE,TRUE,FALSE
18,726,0.985447643753842,TRUE,FALSE,TRUE,FALSE
18,727,0.998700449410714,TRUE,FALSE,TRUE,FALSE
18,728,0.99137209388844,TRUE,FALSE,TRUE,FALSE
18,729,1.00656830892292,TRUE,FALSE,TRUE,FALSE
18,730,0.998540654051291,TRUE,FALSE,TRUE,FALSE
18,731,1.01562834087689,TRUE,FALSE,TRUE,FALSE
18,732,1.0093137201949,TRUE,FALSE,TRUE,FALSE
18,733,0.993356230933364,TRUE,FALSE,TRUE,FALSE
18,734,0.970393546016554,FALSE,TRUE,TRUE,FALSE
18,735,0.998677329193026,TRUE,FALSE,TRUE,FALSE
18,736,1.00986011160461,TRUE,FALSE,TRUE,FALSE
18,737,0.997560204529791,TRUE,FALSE,TRUE,FALSE
18,738,0.99828749238618,TRUE,FALSE,TRUE,FALSE
18,739,1.01676464032009,TRUE,FALSE,TRUE,FALSE
18,740,0.991683565405358,TRUE,FALSE,TRUE,FALSE
18,741,0.997155477181899,TRUE,FALSE,TRUE,FALSE
18,742,1.0000214015168,TRUE,FALSE,TRUE,FALSE
18,743,1.02674219012491,FALSE,FALSE,TRUE,FALSE
18,744,0.994564310809789,TRUE,FALSE,TRUE,FALSE
18,745,1.00029689512801,TRUE,FALSE,TRUE,FALSE
18,746,1.00642830143469,TRUE,FALSE,TRUE,FALSE
18,747,0.98847191713232,TRUE,FALSE,TRUE,FALSE
18,748,0.978496670181347,FALSE,TRUE,TRUE,FALSE
18,749,0.984766284356788,TRUE,FALSE,TRUE,FALSE
18,750,1.00244590509649,TRUE,FALSE,TRUE,FALSE
18,751,1.00606252676395,TRUE,FALSE,TRUE,FALSE
18,752,1.00532832586441,TRUE,FALSE,TRUE,FALSE
18,753,0.995954863315134,TRUE,FALSE,TRUE,FALSE
18,754,0.993774293817726,TRUE,FALSE,TRUE,FALSE
18,755,0.986571655454463,TRUE,FALSE,TRUE,FALSE
18,756,1.00445888823219,TRUE,FALSE,TRUE,FALSE
18,757,1.00060038597474,TRUE,FALSE,TRUE,FALSE
18,758,0.995785691966469,TRUE,FALSE,TRUE,FALSE
18,759,1.00665153569362,TRUE,FALSE,TRUE,FALSE
18,760,0.986711994257893,TRUE,FALSE,TRUE,FALSE
18,761,0.98340721060219,TRUE,FALSE,TRUE,FALSE
18,762,0.991591641782504,TRUE,FALSE,TRUE,TRUE
18,763,1.00438526302781,TRUE,FALSE,TRUE,FALSE
18,764,1.00754393637979,TRUE,FALSE,TRUE,FALSE
18,765,0.997936256360421,TRUE,FALSE,TRUE,FALSE
18,766,1.00206272938234,TRUE,FALSE,TRUE,FALSE
18,767,0.995630114278293,TRUE,FALSE,TRUE,FALSE
18,768,1.01924675658909,TRUE,FALSE,TRUE,FALSE
18,769,1.00477141486314,TRUE,FALSE,TRUE,FALSE
18,770,0.984620946488577,TRUE,FALSE,TRUE,FALSE
18,771,1.00982633450662,TRUE,FALSE,TRUE,FALSE
18,772,1.00259780226019,TRUE,FALSE,TRUE,FALSE
18,773,0.997496303555625,TRUE,FALSE,TRUE,FALSE
18,774,1.02273886930234,FALSE,FALSE,TRUE,FALSE
18,775,0.99881981963476,TRUE,FALSE,TRUE,FALSE
18,776,1.00421452275509,TRUE,FALSE,TRUE,FALSE
18,777,1.00060345703806,TRUE,FALSE,TRUE,FALSE
18,778,1.02472226480293,FALSE,FALSE,TRUE,FALSE
18,779,1.00021707451649,TRUE,FALSE,TRUE,FALSE
18,780,0.995530611697313,TRUE,FALSE,TRUE,FALSE
18,781,1.00357624711,TRUE,FALSE,TRUE,FALSE
18,782,1.00438997111776,TRUE,FALSE,TRUE,FALSE
18,783,0.994110150730523,TRUE,FALSE,TRUE,FALSE
18,784,1.00255987137364,TRUE,FALSE,TRUE,FALSE
18,785,0.997811766356832,TRUE,FALSE,TRUE,FALSE
18,786,1.00898094019601,TRUE,FALSE,TRUE,FALSE
18,787,0.990901085806414,TRUE,FALSE,TRUE,FALSE
18,788,1.00614527436111,TRUE,FALSE,TRUE,FALSE
18,789,0.986084123167382,TRUE,FALSE,TRUE,FALSE
18,790,1.00490568553679,TRUE,FALSE,TRUE,FALSE
18,791,0.993442910202625,TRUE,FALSE,TRUE,FALSE
18,792,0.990406485236773,TRUE,FALSE,TRUE,FALSE
18,793,1.00618468388053,TRUE,FALSE,TRUE,FALSE
18,794,0.99737511445146,TRUE,FALSE,TRUE,FALSE
18,795,0.998299601592823,TRUE,FALSE,TRUE,FALSE
18,796,1.00280932555971,TRUE,FALSE,TRUE,FALSE
18,797,1.00266451100175,TRUE,FALSE,TRUE,FALSE
18,798,1.00897189898154,TRUE,FALSE,TRUE,FALSE
18,799,0.987680066745932,TRUE,FALSE,TRUE,FALSE
18,800,1.00332554362004,TRUE,FALSE,TRUE,FALSE
18,801,0.988365546442612,TRUE,FALSE,TRUE,FALSE
18,802,0.989294886732123,TRUE,FALSE,TRUE,FALSE
18,803,0.997505370561069,TRUE,FALSE,TRUE,FALSE
18,804,1.00225695714314,TRUE,FALSE,TRUE,FALSE
18,805,0.989271498146591,TRUE,FALSE,TRUE,FALSE
18,806,0.994104044706072,TRUE,FALSE,TRUE,FALSE
18,807,1.00604676269963,TRUE,FALSE,TRUE,FALSE
18,808,0.980622203974768,TRUE,FALSE,TRUE,FALSE
18,809,0.991499107716496,TRUE,FALSE,TRUE,FALSE
18,810,0.978508798326243,TRUE,TRUE,TRUE,FALSE
18,811,1.00610927181164,TRUE,FALSE,TRUE,FALSE
18,812,1.00221200473614,TRUE,FALSE,TRUE,FALSE
18,813,0.99410457587741,TRUE,FALSE,TRUE,FALSE
18,814,1.01235151906034,TRUE,FALSE,TRUE,FALSE
18,815,0.991422627707038,TRUE,FALSE,TRUE,FALSE
18,816,0.998462387443689,TRUE,FALSE,TRUE,FALSE
18,817,0.996747219758382,TRUE,FALSE,TRUE,FALSE
18,818,0.992285950666865,TRUE,FALSE,TRUE,FALSE
18,819,0.993454737179252,TRUE,FALSE,TRUE,FALSE
18,820,0.992977845195375,TRUE,FALSE,TRUE,FALSE
18,821,0.985805437272818,TRUE,FALSE,TRUE,FALSE
18,822,1.0053299736157,TRUE,FALSE,TRUE,FALSE
18,823,0.990523616797474,TRUE,FALSE,TRUE,FALSE
18,824,0.98740635677534,TRUE,FALSE,TRUE,FALSE
18,825,1.00597542990599,TRUE,FALSE,TRUE,FALSE
18,826,1.01368895032437,TRUE,FALSE,TRUE,FALSE
18,827,1.00365055129008,TRUE,FALSE,TRUE,FALSE
18,828,0.996088167465157,TRUE,FALSE,TRUE,FALSE
18,829,0.998069876431968,TRUE,FALSE,TRUE,FALSE
18,830,1.00433091118315,TRUE,FALSE,TRUE,FALSE
18,831,0.977045784722696,FALSE,TRUE,TRUE,FALSE
18,832,1.0031075723193,TRUE,FALSE,TRUE,FALSE
18,833,1.00744804057574,TRUE,FALSE,TRUE,FALSE
18,834,0.990137962732064,TRUE,FALSE,TRUE,FALSE
18,835,0.99296371012007,TRUE,FALSE,TRUE,FALSE
18,836,1.0076681652483,TRUE,FALSE,TRUE,FALSE
18,837,0.999794596347168,TRUE,FALSE,TRUE,FALSE
18,838,0.999685669356148,TRUE,FALSE,TRUE,FALSE
18,839,0.998193228025344,TRUE,FALSE,TRUE,FALSE
18,840,1.00497236476766,TRUE,FALSE,TRUE,FALSE
18,841,0.996648403043239,TRUE,FALSE,TRUE,FALSE
18,842,0.993345854286485,TRUE,FALSE,TRUE,FALSE
18,843,0.998455348865416,TRUE,FALSE,TRUE,FALSE
18,844,1.00603244138776,TRUE,FALSE,TRUE,FALSE
18,845,0.990952791538283,TRUE,FALSE,TRUE,FALSE
18,846,1.00430744780513,TRUE,FALSE,TRUE,FALSE
18,847,0.994084696683777,TRUE,FALSE,TRUE,FALSE
18,848,1.00362748917595,TRUE,FALSE,TRUE,FALSE
18,849,0.999766460208669,TRUE,FALSE,TRUE,FALSE
18,850,0.989299125144957,TRUE,FALSE,TRUE,FALSE
18,851,0.993590179283563,TRUE,FALSE,TRUE,FALSE
18,852,0.998226187970133,TRUE,FALSE,TRUE,FALSE
18,853,0.989740274290988,TRUE,FALSE,TRUE,FALSE
18,854,0.978471730363825,TRUE,TRUE,TRUE,FALSE
18,855,1.0167105228042,TRUE,FALSE,TRUE,FALSE
18,856,0.99219455874576,TRUE,FALSE,TRUE,FALSE
18,857,0.986771155419556,TRUE,FALSE,TRUE,FALSE
18,858,1.00944809329741,TRUE,FALSE,TRUE,FALSE
18,859,0.997388977403433,TRUE,FALSE,TRUE,FALSE
18,860,1.00811762178508,TRUE,FALSE,TRUE,FALSE
18,861,1.02039082389352,FALSE,FALSE,TRUE,FALSE
18,862,1.03167977858249,FALSE,FALSE,TRUE,FALSE
18,863,0.990108210735108,TRUE,FALSE,TRUE,FALSE
18,864,1.00810511697516,TRUE,FALSE,TRUE,FALSE
18,865,0.991043897664226,TRUE,FALSE,TRUE,FALSE
18,866,1.00638786592491,TRUE,FALSE,TRUE,FALSE
18,867,1.01442441755353,TRUE,FALSE,TRUE,FALSE
18,868,1.0060153292155,TRUE,FALSE,TRUE,FALSE
18,869,1.01242526214994,TRUE,FALSE,TRUE,FALSE
18,870,1.01711415685095,TRUE,FALSE,TRUE,FALSE
18,871,1.00422457676121,TRUE,FALSE,TRUE,FALSE
18,872,1.01445118143923,TRUE,FALSE,TRUE,FALSE
18,873,1.0069055867273,TRUE,FALSE,TRUE,FALSE
18,874,0.980187069659441,TRUE,TRUE,TRUE,FALSE
18,875,1.02036661313414,TRUE,FALSE,TRUE,FALSE
18,876,0.974053741288818,FALSE,TRUE,TRUE,FALSE
18,877,0.986410639291863,TRUE,FALSE,TRUE,FALSE
18,878,0.999767284331541,TRUE,FALSE,TRUE,FALSE
18,879,0.995539796243268,TRUE,FALSE,TRUE,FALSE
18,880,0.993676180768089,TRUE,FALSE,TRUE,FALSE
18,881,0.989942391484421,TRUE,FALSE,TRUE,FALSE
18,882,1.00610112995872,TRUE,FALSE,TRUE,FALSE
18,883,0.999056764092868,TRUE,FALSE,TRUE,FALSE
18,884,1.00775973582295,TRUE,FALSE,TRUE,FALSE
18,885,0.989443272238683,TRUE,FALSE,TRUE,FALSE
18,886,1.00729713241161,TRUE,FALSE,TRUE,FALSE
18,887,0.989055208976155,TRUE,FALSE,TRUE,FALSE
18,888,0.987989862229868,TRUE,FALSE,TRUE,FALSE
18,889,0.995584527565489,TRUE,FALSE,TRUE,FALSE
18,890,1.0087736215484,TRUE,FALSE,TRUE,FALSE
18,891,0.982208541139484,TRUE,FALSE,TRUE,FALSE
18,892,0.99903545321676,TRUE,FALSE,TRUE,FALSE
18,893,1.00678090221636,TRUE,FALSE,TRUE,FALSE
18,894,0.980379491693324,TRUE,TRUE,TRUE,FALSE
18,895,1.00628345321533,TRUE,FALSE,TRUE,FALSE
18,896,0.984167135637943,TRUE,FALSE,TRUE,FALSE
18,897,0.992709566811857,TRUE,FALSE,TRUE,FALSE
18,898,0.983030426177518,TRUE,FALSE,TRUE,FALSE
18,899,1.00418969074383,TRUE,FALSE,TRUE,FALSE
18,900,1.00088499592287,TRUE,FALSE,TRUE,FALSE
18,901,1.00727926357064,TRUE,FALSE,TRUE,FALSE
18,902,1.00656439036113,TRUE,FALSE,TRUE,FALSE
18,903,0.997011505072262,TRUE,FALSE,TRUE,FALSE
18,904,0.996408792866662,TRUE,FALSE,TRUE,FALSE
18,905,0.997450672699986,TRUE,FALSE,TRUE,FALSE
18,906,0.997344098243312,TRUE,FALSE,TRUE,FALSE
18,907,0.988276752435178,TRUE,FALSE,TRUE,FALSE
18,908,0.980951658635349,TRUE,FALSE,TRUE,FALSE
18,909,1.00052350754366,TRUE,FALSE,TRUE,FALSE
18,910,1.00176545422461,TRUE,FALSE,TRUE,FALSE
18,911,1.00595918953075,TRUE,FALSE,TRUE,FALSE
18,912,0.980458324851314,TRUE,TRUE,TRUE,FALSE
18,913,0.995362457341624,TRUE,FALSE,TRUE,FALSE
18,914,0.994467768513139,TRUE,FALSE,TRUE,FALSE
18,915,0.99843720738954,TRUE,FALSE,TRUE,FALSE
18,916,1.01626396299027,TRUE,FALSE,TRUE,FALSE
18,917,0.997623383727194,TRUE,FALSE,TRUE,FALSE
18,918,0.986804530401169,TRUE,FALSE,TRUE,FALSE
18,919,0.997394811166362,TRUE,FALSE,TRUE,FALSE
18,920,0.9835987859073,TRUE,FALSE,TRUE,FALSE
18,921,0.985682707299188,TRUE,FALSE,TRUE,FALSE
18,922,1.00237540022213,TRUE,FALSE,TRUE,FALSE
18,923,0.989476097354153,TRUE,FALSE,TRUE,FALSE
18,924,1.01060726481626,TRUE,FALSE,TRUE,FALSE
18,925,1.00127040643278,TRUE,FALSE,TRUE,FALSE
18,926,1.00632390677985,TRUE,FALSE,TRUE,FALSE
18,927,1.00022121561778,TRUE,FALSE,TRUE,FALSE
18,928,0.992691716003297,TRUE,FALSE,TRUE,FALSE
18,929,1.0040932465204,TRUE,FALSE,TRUE,FALSE
18,930,1.01083588538352,TRUE,FALSE,TRUE,FALSE
18,931,1.00512027527221,TRUE,FALSE,TRUE,FALSE
18,932,1.00789053116155,TRUE,FALSE,TRUE,FALSE
18,933,1.00447913726617,TRUE,FALSE,TRUE,FALSE
18,934,0.991710409836847,TRUE,FALSE,TRUE,FALSE
18,935,1.0002879188438,TRUE,FALSE,TRUE,FALSE
18,936,1.0061989993038,TRUE,FALSE,TRUE,FALSE
18,937,0.992924646540302,TRUE,FALSE,TRUE,FALSE
18,938,0.997994472517483,TRUE,FALSE,TRUE,FALSE
18,939,1.01395182938222,TRUE,FALSE,TRUE,FALSE
18,940,1.00245133584812,TRUE,FALSE,TRUE,FALSE
18,941,1.01138905462366,TRUE,FALSE,TRUE,FALSE
18,942,0.989527806919001,TRUE,FALSE,TRUE,FALSE
18,943,1.01565564522091,TRUE,FALSE,TRUE,FALSE
18,944,1.00910335619326,TRUE,FALSE,TRUE,FALSE
18,945,1.00165569172808,TRUE,FALSE,TRUE,FALSE
18,946,1.01262714208054,TRUE,FALSE,TRUE,FALSE
18,947,1.0062690726098,TRUE,FALSE,TRUE,FALSE
18,948,0.996467032602886,TRUE,FALSE,TRUE,FALSE
18,949,1.00241932159412,TRUE,FALSE,TRUE,FALSE
18,950,0.989556519044793,TRUE,FALSE,TRUE,FALSE
18,951,0.999306493482967,TRUE,FALSE,TRUE,FALSE
18,952,1.01553119206682,TRUE,FALSE,TRUE,FALSE
18,953,1.01483363285782,TRUE,FALSE,TRUE,FALSE
18,954,0.989117247920476,TRUE,FALSE,TRUE,FALSE
18,955,1.00113346653977,TRUE,FALSE,TRUE,FALSE
18,956,0.996389640462501,TRUE,FALSE,TRUE,FALSE
18,957,0.996317354186479,TRUE,FALSE,TRUE,FALSE
18,958,1.00772019307341,TRUE,FALSE,TRUE,FALSE
18,959,0.994582621498593,TRUE,FALSE,TRUE,FALSE
18,960,0.991404016696912,TRUE,FALSE,TRUE,FALSE
18,961,1.01040449060042,TRUE,FALSE,TRUE,FALSE
18,962,1.00571438684048,TRUE,FALSE,TRUE,FALSE
18,963,1.00228214903939,TRUE,FALSE,TRUE,FALSE
18,964,0.986902451172008,TRUE,FALSE,TRUE,FALSE
18,965,0.986911823819504,TRUE,FALSE,TRUE,FALSE
18,966,0.988367522919603,TRUE,FALSE,TRUE,FALSE
18,967,1.00592331039311,TRUE,FALSE,TRUE,FALSE
18,968,0.999880386793514,TRUE,FALSE,TRUE,FALSE
18,969,0.981160980636388,TRUE,TRUE,TRUE,FALSE
18,970,1.02333051766364,TRUE,FALSE,TRUE,FALSE
18,971,1.01894411545989,TRUE,FALSE,TRUE,FALSE
18,972,0.99468864367752,TRUE,FALSE,TRUE,FALSE
18,973,1.00044183947524,TRUE,FALSE,TRUE,FALSE
18,974,0.989374651106924,TRUE,FALSE,TRUE,FALSE
18,975,0.989994488855834,TRUE,FALSE,TRUE,FALSE
18,976,0.99847252485698,TRUE,FALSE,TRUE,FALSE
18,977,1.01266529957104,TRUE,FALSE,TRUE,FALSE
18,978,1.00916222391843,TRUE,FALSE,TRUE,FALSE
18,979,0.997680081077364,TRUE,FALSE,TRUE,FALSE
18,980,1.00340507647954,TRUE,FALSE,TRUE,FALSE
18,981,1.00737627982536,TRUE,FALSE,TRUE,FALSE
18,982,0.993700666868888,TRUE,FALSE,TRUE,FALSE
18,983,0.985654088299683,TRUE,FALSE,TRUE,FALSE
18,984,0.9876649814819,TRUE,FALSE,TRUE,FALSE
18,985,0.999764341242054,TRUE,FALSE,TRUE,FALSE
18,986,0.995126753296091,TRUE,FALSE,TRUE,FALSE
18,987,1.01482022565511,TRUE,FALSE,TRUE,FALSE
18,988,0.987995858464191,TRUE,FALSE,TRUE,FALSE
18,989,1.01300085795201,TRUE,FALSE,TRUE,FALSE
18,990,0.997624890477396,TRUE,FALSE,TRUE,FALSE
18,991,0.984347497396398,TRUE,FALSE,TRUE,FALSE
18,992,0.98880078538961,TRUE,FALSE,TRUE,FALSE
18,993,1.00542836325843,TRUE,FALSE,TRUE,FALSE
18,994,0.99887077790457,TRUE,FALSE,TRUE,FALSE
18,995,1.01390074944817,TRUE,FALSE,TRUE,FALSE
18,996,0.99734784298714,TRUE,FALSE,TRUE,FALSE
18,997,1.00859035700409,TRUE,FALSE,TRUE,FALSE
18,998,0.993594063775275,TRUE,FALSE,TRUE,FALSE
18,999,1.0010607231506,TRUE,FALSE,TRUE,FALSE
18,1000,0.992424507414924,TRUE,FALSE,TRUE,FALSE
